0.000	0.004	0.010	0.000	0.007	0.000	0.000	0.000	0.000	0.000	0.000	0.000	0.005	0.001	0.000	0.000	0.005	0.000	0.000	0.000	0.005	0.007	0.000	0.001	0.010
0.100	0.003	0.008	0.000	0.007	0.000	0.000	0.000	0.000	0.000	0.000	0.000	0.006	0.003	0.000	0.000	0.005	0.000	0.000	0.000	0.004	0.007	0.000	0.001	0.010
0.200	0.003	0.009	0.000	0.007	0.000	0.000	0.000	0.000	0.000	0.000	0.000	0.006	0.001	0.000	0.000	0.006	0.000	0.000	0.000	0.004	0.007	0.000	0.002	0.009
0.300	0.004	0.009	0.000	0.007	0.000	0.000	0.000	0.000	0.001	0.000	0.000	0.006	0.001	0.000	0.000	0.006	0.000	0.000	0.000	0.005	0.008	0.000	0.002	0.010
0.400	0.002	0.007	0.000	0.008	0.000	0.000	0.000	0.000	0.001	0.000	0.000	0.005	0.003	0.000	0.000	0.006	0.000	0.000	0.001	0.004	0.009	0.000	0.003	0.011
0.500	0.004	0.009	0.000	0.005	0.000	0.000	0.000	0.000	0.001	0.000	0.000	0.007	0.001	0.000	0.000	0.005	0.000	0.000	0.001	0.003	0.006	0.000	0.001	0.010
0.600	0.003	0.006	0.000	0.005	0.000	0.000	0.000	0.000	0.000	0.000	0.000	0.007	0.001	0.000	0.000	0.005	0.000	0.000	0.000	0.005	0.008	0.000	0.002	0.011
0.700	0.004	0.008	0.000	0.006	0.000	0.000	0.000	0.000	0.000	0.000	0.000	0.005	0.002	0.000	0.000	0.006	0.000	0.000	0.001	0.005	0.009	0.000	0.001	0.011
0.800	0.004	0.010	0.000	0.007	0.000	0.000	0.000	0.000	0.000	0.000	0.000	0.005	0.001	0.001	0.000	0.008	0.000	0.000	0.002	0.004	0.009	0.000	0.002	0.011
0.900	0.004	0.009	0.000	0.006	0.000	0.000	0.000	0.000	0.000	0.000	0.000	0.006	0.000	0.000	0.000	0.006	0.000	0.000	0.001	0.005	0.007	0.000	0.001	0.010
1.000	0.004	0.009	0.000	0.006	0.000	0.000	0.000	0.000	0.000	0.000	0.000	0.007	0.003	0.000	0.000	0.007	0.000	0.000	0.000	0.005	0.007	0.000	0.001	0.011
1.100	0.003	0.008	0.000	0.007	0.000	0.000	0.000	0.000	0.001	0.000	0.000	0.006	0.003	0.001	0.000	0.005	0.000	0.000	0.001	0.005	0.007	0.000	0.001	0.012
1.200	0.004	0.008	0.000	0.008	0.000	0.000	0.000	0.000	0.000	0.000	0.000	0.007	0.002	0.000	0.000	0.006	0.000	0.000	0.000	0.005	0.007	0.000	0.002	0.010
1.300	0.005	0.008	0.000	0.005	0.000	0.000	0.000	0.000	0.000	0.000	0.000	0.006	0.002	0.001	0.000	0.005	0.000	0.000	0.000	0.006	0.008	0.001	0.001	0.010
1.400	0.005	0.007	0.000	0.005	0.000	0.000	0.000	0.000	0.000	0.000	0.000	0.005	0.001	0.001	0.000	0.005	0.000	0.000	0.001	0.005	0.007	0.000	0.002	0.011
1.500	0.003	0.008	0.000	0.006	0.000	0.000	0.000	0.000	0.000	0.000	0.000	0.005	0.001	0.001	0.000	0.006	0.000	0.000	0.000	0.005	0.007	0.002	0.001	0.009
1.600	0.004	0.009	0.000	0.006	0.000	0.000	0.000	0.000	0.000	0.000	0.000	0.007	0.003	0.001	0.000	0.005	0.000	0.000	0.000	0.005	0.008	0.001	0.001	0.011
1.700	0.005	0.009	0.000	0.005	0.000	0.000	0.000	0.000	0.001	0.000	0.000	0.005	0.002	0.002	0.000	0.007	0.000	0.000	0.000	0.006	0.009	0.000	0.001	0.010
1.800	0.005	0.009	0.000	0.007	0.000	0.000	0.000	0.000	0.000	0.000	0.000	0.006	0.001	0.000	0.000	0.005	0.000	0.000	0.001	0.004	0.007	0.000	0.002	0.011
1.900	0.005	0.010	0.000	0.007	0.000	0.000	0.000	0.000	0.001	0.000	0.000	0.005	0.003	0.000	0.000	0.005	0.000	0.000	0.000	0.005	0.009	0.000	0.002	0.012
2.000	0.004	0.007	0.000	0.007	0.000	0.000	0.000	0.000	0.000	0.000	0.000	0.006	0.001	0.000	0.000	0.007	0.000	0.000	0.001	0.005	0.007	0.000	0.001	0.011
2.100	0.004	0.007	0.000	0.007	0.000	0.000	0.000	0.000	0.001	0.000	0.000	0.005	0.001	0.000	0.000	0.005	0.000	0.000	0.001	0.006	0.008	0.000	0.001	0.011
2.200	0.004	0.007	0.000	0.007	0.000	0.000	0.000	0.000	0.002	0.000	0.000	0.004	0.002	0.000	0.000	0.005	0.000	0.000	0.002	0.005	0.009	0.000	0.001	0.011
2.300	0.010	0.014	0.004	0.009	0.000	0.004	0.000	0.000	0.005	0.000	0.002	0.009	0.004	0.005	0.000	0.013	0.000	0.000	0.005	0.009	0.012	0.002	0.002	0.012
2.400	0.013	0.016	0.003	0.010	0.000	0.004	0.000	0.000	0.007	0.000	0.003	0.011	0.004	0.005	0.000	0.013	0.002	0.000	0.007	0.010	0.012	0.002	0.002	0.011
2.500	0.013	0.017	0.004	0.010	0.000	0.005	0.000	0.000	0.007	0.000	0.004	0.010	0.004	0.005	0.000	0.013	0.002	0.001	0.007	0.011	0.013	0.002	0.002	0.011
2.600	0.014	0.016	0.004	0.012	0.000	0.005	0.000	0.000	0.007	0.000	0.002	0.009	0.004	0.007	0.000	0.012	0.002	0.000	0.008	0.011	0.014	0.002	0.004	0.011
2.700	0.649	0.013	0.002	0.009	0.000	0.001	0.000	0.000	0.004	0.000	0.000	0.007	0.004	0.005	0.000	0.010	0.000	0.000	0.007	0.009	0.011	0.001	0.003	0.012
2.800	0.727	0.012	0.000	0.008	0.000	0.001	0.000	0.000	0.001	0.000	0.000	0.009	0.003	0.001	0.000	0.009	0.000	0.000	0.004	0.005	0.010	0.002	0.002	0.012
2.900	0.784	0.012	0.000	0.008	0.000	0.000	0.000	0.000	0.003	0.000	0.000	0.007	0.001	0.002	0.000	0.009	0.000	0.000	0.326	0.007	0.009	0.001	0.001	0.011
3.000	0.808	0.009	0.000	0.007	0.000	0.001	0.000	0.000	0.001	0.000	0.000	0.007	0.002	0.002	0.000	0.006	0.000	0.000	0.438	0.007	0.009	0.001	0.001	0.009
3.100	0.843	0.011	0.000	0.007	0.000	0.000	0.000	0.000	0.002	0.000	0.000	0.007	0.002	0.002	0.000	0.008	0.000	0.000	0.500	0.007	0.009	0.000	0.003	0.011
3.200	0.849	0.011	0.000	0.007	0.000	0.000	0.000	0.000	0.001	0.000	0.000	0.005	0.002	0.001	0.000	0.005	0.000	0.000	0.526	0.006	0.009	0.000	0.002	0.011
3.300	0.868	0.011	0.000	0.007	0.000	0.000	0.000	0.000	0.002	0.000	0.000	0.006	0.002	0.001	0.000	0.007	0.000	0.000	0.568	0.007	0.007	0.001	0.003	0.010
3.400	0.876	0.011	0.000	0.009	0.000	0.000	0.000	0.000	0.002	0.000	0.000	0.007	0.003	0.000	0.000	0.008	0.000	0.000	0.598	0.005	0.009	0.001	0.002	0.010
3.500	0.884	0.010	0.000	0.007	0.000	0.000	0.000	0.000	0.002	0.000	0.000	0.005	0.004	0.003	0.000	0.006	0.000	0.000	0.621	0.005	0.008	0.000	0.001	0.011
3.600	0.895	0.009	0.000	0.008	0.000	0.000	0.000	0.000	0.001	0.000	0.000	0.005	0.003	0.001	0.000	0.005	0.000	0.000	0.644	0.006	0.008	0.001	0.002	0.011
3.700	0.899	0.011	0.000	0.008	0.000	0.000	0.000	0.000	0.001	0.000	0.000	0.004	0.003	0.002	0.000	0.007	0.000	0.000	0.656	0.007	0.010	0.001	0.001	0.011
3.800	0.909	0.010	0.000	0.007	0.000	0.000	0.000	0.000	0.001	0.000	0.000	0.005	0.003	0.001	0.000	0.008	0.000	0.000	0.673	0.006	0.010	0.001	0.002	0.010
3.900	0.912	0.009	0.000	0.007	0.000	0.000	0.000	0.000	0.001	0.000	0.000	0.005	0.003	0.001	0.000	0.007	0.000	0.000	0.685	0.014	0.009	0.001	0.002	0.011
4.000	0.916	0.007	0.000	0.008	0.000	0.001	0.000	0.000	0.001	0.000	0.000	0.006	0.002	0.002	0.000	0.007	0.000	0.000	0.698	0.037	0.008	0.001	0.002	0.011
4.100	0.921	0.009	0.000	0.008	0.000	0.000	0.000	0.000	0.001	0.000	0.000	0.006	0.002	0.001	0.000	0.005	0.000	0.000	0.711	0.045	0.009	0.001	0.001	0.011
4.200	0.926	0.007	0.000	0.007	0.000	0.000	0.000	0.000	0.001	0.000	0.000	0.006	0.001	0.001	0.000	0.006	0.000	0.000	0.723	0.060	0.008	0.000	0.001	0.011
4.300	0.930	0.010	0.000	0.008	0.000	0.000	0.000	0.000	0.001	0.000	0.000	0.005	0.004	0.001	0.000	0.007	0.000	0.000	0.732	0.070	0.009	0.000	0.002	0.011
4.400	0.933	0.007	0.000	0.007	0.000	0.000	0.000	0.000	0.001	0.000	0.000	0.005	0.002	0.001	0.000	0.005	0.000	0.000	0.739	0.081	0.009	0.001	0.001	0.011
4.500	0.938	0.011	0.000	0.008	0.000	0.000	0.000	0.000	0.001	0.000	0.000	0.006	0.004	0.001	0.000	0.007	0.000	0.000	0.750	0.088	0.009	0.000	0.002	0.009
4.600	0.938	0.008	0.000	0.007	0.000	0.000	0.000	0.000	0.001	0.000	0.000	0.005	0.004	0.002	0.000	0.005	0.000	0.000	0.755	0.096	0.009	0.000	0.002	0.010
4.700	0.941	0.013	0.000	0.007	0.000	0.000	0.000	0.000	0.000	0.000	0.000	0.008	0.001	0.001	0.000	0.007	0.000	0.000	0.760	0.103	0.007	0.001	0.002	0.011
4.800	0.944	0.059	0.000	0.007	0.000	0.000	0.000	0.000	0.001	0.000	0.000	0.005	0.002	0.001	0.000	0.007	0.000	0.001	0.767	0.110	0.008	0.000	0.002	0.011
4.900	0.946	0.077	0.000	0.007	0.000	0.000	0.000	0.000	0.000	0.000	0.000	0.006	0.001	0.001	0.000	0.006	0.000	0.000	0.768	0.117	0.009	0.000	0.002	0.009
5.000	0.947	0.097	0.000	0.007	0.000	0.000	0.000	0.000	0.001	0.000	0.000	0.007	0.004	0.000	0.000	0.006	0.000	0.000	0.775	0.124	0.010	0.001	0.001	0.011
5.100	0.949	0.117	0.000	0.007	0.000	0.000	0.000	0.000	0.001	0.000	0.000	0.005	0.002	0.001	0.000	0.005	0.000	0.000	0.781	0.132	0.009	0.000	0.000	0.010
5.200	0.952	0.132	0.000	0.005	0.000	0.000	0.000	0.000	0.002	0.000	0.000	0.006	0.002	0.000	0.000	0.006	0.000	0.000	0.784	0.141	0.009	0.000	0.001	0.009
5.300	0.953	0.143	0.000	0.006	0.000	0.000	0.000	0.000	0.002	0.000	0.000	0.006	0.001	0.000	0.000	0.035	0.000	0.000	0.789	0.146	0.009	0.000	0.001	0.010
5.400	0.954	0.158	0.000	0.007	0.000	0.000	0.000	0.000	0.001	0.000	0.000	0.007	0.001	0.001	0.000	0.071	0.000	0.000	0.792	0.152	0.009	0.001	0.001	0.011
5.500	0.955	0.168	0.000	0.006	0.000	0.000	0.000	0.000	0.001	0.000	0.000	0.007	0.004	0.000	0.000	0.096	0.000	0.000	0.794	0.158	0.009	0.001	0.002	0.010
5.600	0.957	0.183	0.000	0.008	0.000	0.001	0.000	0.000	0.001	0.000	0.000	0.007	0.003	0.000	0.000	0.117	0.000	0.000	0.796	0.165	0.008	0.002	0.002	0.009
5.700	0.960	0.192	0.000	0.007	0.000	0.000	0.000	0.000	0.000	0.000	0.000	0.005	0.002	0.002	0.000	0.134	0.000	0.000	0.797	0.172	0.009	0.001	0.002	0.011
5.800	0.961	0.201	0.000	0.007	0.000	0.000	0.000	0.000	0.001	0.000	0.000	0.007	0.003	0.001	0.000	0.155	0.000	0.000	0.803	0.179	0.009	0.001	0.001	0.009
5.900	0.963	0.212	0.000	0.007	0.000	0.030	0.000	0.000	0.001	0.000	0.021	0.007	0.001	0.002	0.000	0.172	0.000	0.000	0.808	0.184	0.008	0.001	0.002	0.008
6.000	0.965	0.222	0.000	0.008	0.000	0.046	0.000	0.000	0.000	0.000	0.025	0.005	0.001	0.001	0.000	0.189	0.000	0.000	0.812	0.191	0.008	0.001	0.001	0.010
6.100	0.966	0.230	0.000	0.007	0.000	0.060	0.000	0.000	0.000	0.000	0.037	0.007	0.002	0.000	0.000	0.203	0.000	0.000	0.817	0.194	0.008	0.001	0.001	0.011
6.200	0.966	0.241	0.000	0.007	0.000	0.081	0.000	0.000	0.001	0.000	0.050	0.005	0.002	0.001	0.000	0.216	0.000	0.000	0.822	0.199	0.009	0.000	0.002	0.011
6.300	0.969	0.251	0.000	0.007	0.000	0.099	0.000	0.000	0.001	0.000	0.067	0.004	0.003	0.001	0.000	0.230	0.000	0.000	0.823	0.208	0.009	0.001	0.002	0.011
6.400	0.970	0.262	0.000	0.008	0.000	0.114	0.000	0.000	0.001	0.000	0.079	0.006	0.002	0.001	0.000	0.245	0.000	0.000	0.827	0.210	0.023	0.001	0.003	0.011
6.500	0.972	0.275	0.000	0.007	0.000	0.130	0.000	0.000	0.001	0.000	0.085	0.006	0.001	0.001	0.000	0.254	0.000	0.000	0.827	0.214	0.028	0.000	0.001	0.011
6.600	0.974	0.287	0.000	0.007	0.000	0.141	0.000	0.000	0.000	0.000	0.098	0.006	0.002	0.001	0.000	0.266	0.000	0.000	0.831	0.224	0.035	0.001	0.002	0.011
6.700	0.974	0.297	0.000	0.006	0.000	0.155	0.000	0.000	0.001	0.000	0.107	0.006	0.001	0.001	0.000	0.278	0.000	0.000	0.830	0.236	0.040	0.001	0.002	0.010
6.800	0.974	0.305	0.000	0.007	0.000	0.168	0.000	0.000	0.000	0.000	0.116	0.006	0.002	0.002	0.000	0.285	0.000	0.000	0.830	0.247	0.043	0.000	0.002	0.008
6.900	0.976	0.319	0.000	0.007	0.000	0.178	0.000	0.000	0.000	0.000	0.127	0.005	0.001	0.002	0.000	0.294	0.000	0.000	0.832	0.255	0.048	0.000	0.002	0.010
7.000	0.976	0.327	0.000	0.007	0.000	0.191	0.000	0.000	0.001	0.000	0.135	0.005	0.002	0.001	0.000	0.302	0.000	0.000	0.833	0.264	0.051	0.001	0.001	0.009
7.100	0.978	0.336	0.000	0.007	0.000	0.203	0.000	0.000	0.001	0.000	0.148	0.005	0.002	0.001	0.000	0.311	0.000	0.000	0.835	0.275	0.053	0.001	0.004	0.011
7.200	0.976	0.344	0.000	0.008	0.000	0.212	0.000	0.000	0.001	0.000	0.160	0.007	0.002	0.001	0.000	0.319	0.000	0.000	0.833	0.286	0.057	0.000	0.002	0.011
7.300	0.978	0.351	0.000	0.009	0.000	0.221	0.000	0.000	0.001	0.000	0.167	0.006	0.001	0.001	0.000	0.327	0.000	0.000	0.837	0.297	0.062	0.000	0.003	0.010
7.400	0.979	0.357	0.000	0.009	0.000	0.233	0.000	0.000	0.001	0.000	0.175	0.004	0.001	0.001	0.000	0.333	0.000	0.000	0.837	0.308	0.064	0.000	0.002	0.009
7.500	0.979	0.364	0.000	0.007	0.000	0.242	0.000	0.000	0.002	0.000	0.184	0.007	0.001	0.001	0.000	0.340	0.000	0.000	0.836	0.314	0.070	0.000	0.002	0.009
7.600	0.980	0.373	0.000	0.007	0.000	0.252	0.000	0.000	0.001	0.000	0.191	0.007	0.003	0.001	0.000	0.347	0.000	0.000	0.839	0.321	0.071	0.001	0.001	0.010
7.700	0.981	0.379	0.000	0.006	0.000	0.261	0.000	0.000	0.001	0.000	0.199	0.005	0.001	0.001	0.000	0.353	0.000	0.000	0.838	0.328	0.075	0.000	0.003	0.011
7.800	0.982	0.385	0.000	0.007	0.000	0.269	0.000	0.000	0.000	0.000	0.207	0.006	0.001	0.026	0.000	0.359	0.000	0.000	0.842	0.332	0.082	0.000	0.002	0.011
7.900	0.985	0.389	0.000	0.007	0.000	0.282	0.000	0.000	0.000	0.000	0.216	0.005	0.001	0.037	0.000	0.364	0.000	0.000	0.844	0.337	0.085	0.000	0.002	0.011
8.000	0.986	0.395	0.000	0.007	0.000	0.291	0.000	0.000	0.001	0.000	0.223	0.007	0.002	0.044	0.000	0.369	0.000	0.000	0.843	0.342	0.088	0.000	0.002	0.011
8.100	0.986	0.400	0.000	0.007	0.000	0.301	0.000	0.000	0.001	0.000	0.232	0.005	0.002	0.053	0.000	0.378	0.000	0.000	0.847	0.347	0.093	0.000	0.001	0.011
8.200	0.986	0.406	0.000	0.007	0.000	0.309	0.000	0.000	0.000	0.000	0.240	0.006	0.001	0.066	0.000	0.384	0.000	0.000	0.848	0.350	0.097	0.000	0.001	0.010
8.300	0.987	0.411	0.000	0.006	0.000	0.316	0.000	0.000	0.001	0.000	0.248	0.007	0.001	0.079	0.000	0.391	0.000	0.000	0.851	0.354	0.099	0.000	0.001	0.011
8.400	0.988	0.416	0.000	0.007	0.000	0.325	0.000	0.000	0.000	0.000	0.255	0.004	0.001	0.088	0.000	0.397	0.000	0.000	0.852	0.360	0.104	0.000	0.001	0.010
8.500	0.988	0.422	0.000	0.007	0.000	0.334	0.000	0.000	0.001	0.000	0.261	0.006	0.002	0.098	0.000	0.401	0.000	0.000	0.853	0.365	0.106	0.000	0.002	0.009
8.600	0.988	0.428	0.000	0.006	0.000	0.343	0.000	0.000	0.001	0.000	0.267	0.007	0.001	0.107	0.000	0.407	0.000	0.000	0.855	0.369	0.109	0.000	0.002	0.009
8.700	0.988	0.434	0.000	0.007	0.000	0.352	0.000	0.000	0.000	0.000	0.275	0.006	0.001	0.118	0.000	0.417	0.000	0.000	0.855	0.373	0.113	0.002	0.001	0.010
8.800	0.992	0.439	0.000	0.009	0.000	0.359	0.000	0.000	0.001	0.000	0.283	0.005	0.002	0.128	0.000	0.421	0.000	0.000	0.858	0.378	0.119	0.001	0.001	0.010
8.900	0.990	0.444	0.000	0.007	0.000	0.364	0.000	0.000	0.001	0.000	0.289	0.006	0.003	0.136	0.000	0.428	0.000	0.000	0.859	0.385	0.124	0.000	0.001	0.009
9.000	0.991	0.449	0.000	0.006	0.000	0.370	0.000	0.000	0.000	0.000	0.297	0.007	0.001	0.143	0.000	0.433	0.000	0.000	0.859	0.387	0.125	0.000	0.001	0.008
9.100	0.992	0.454	0.000	0.007	0.000	0.376	0.000	0.000	0.002	0.000	0.304	0.006	0.001	0.151	0.000	0.438	0.000	0.000	0.862	0.392	0.130	0.000	0.001	0.007
9.200	0.992	0.457	0.000	0.006	0.000	0.382	0.000	0.000	0.001	0.000	0.309	0.006	0.001	0.159	0.000	0.442	0.000	0.000	0.863	0.396	0.131	0.000	0.001	0.010
9.300	0.993	0.463	0.000	0.007	0.000	0.388	0.000	0.000	0.000	0.000	0.314	0.005	0.001	0.166	0.000	0.446	0.000	0.000	0.861	0.393	0.127	0.000	0.004	0.009
9.400	0.993	0.468	0.000	0.009	0.000	0.393	0.000	0.000	0.000	0.000	0.320	0.005	0.002	0.172	0.000	0.450	0.000	0.000	0.866	0.396	0.128	0.000	0.001	0.010
9.500	0.994	0.472	0.000	0.007	0.000	0.397	0.000	0.000	0.000	0.000	0.323	0.006	0.002	0.180	0.000	0.456	0.000	0.000	0.864	0.403	0.133	0.001	0.001	0.010
9.600	0.993	0.474	0.000	0.007	0.000	0.401	0.000	0.000	0.000	0.000	0.330	0.007	0.002	0.184	0.000	0.459	0.000	0.000	0.866	0.407	0.136	0.000	0.002	0.008
9.700	0.994	0.480	0.000	0.007	0.000	0.406	0.000	0.000	0.000	0.000	0.334	0.005	0.002	0.191	0.000	0.464	0.000	0.000	0.866	0.412	0.142	0.000	0.002	0.011
9.800	0.993	0.482	0.000	0.007	0.000	0.411	0.000	0.000	0.000	0.000	0.339	0.007	0.001	0.196	0.000	0.466	0.000	0.000	0.868	0.417	0.145	0.000	0.002	0.010
9.900	0.993	0.486	0.000	0.006	0.000	0.415	0.000	0.000	0.000	0.000	0.344	0.007	0.001	0.203	0.000	0.470	0.000	0.000	0.869	0.419	0.150	0.000	0.002	0.011
10.000	0.995	0.490	0.000	0.007	0.000	0.418	0.000	0.000	0.001	0.000	0.349	0.007	0.001	0.208	0.000	0.475	0.000	0.000	0.869	0.425	0.152	0.000	0.001	0.009
10.100	0.995	0.491	0.000	0.006	0.000	0.422	0.000	0.000	0.000	0.000	0.356	0.006	0.000	0.213	0.000	0.477	0.000	0.000	0.869	0.428	0.157	0.000	0.001	0.010
10.200	0.995	0.496	0.000	0.008	0.000	0.427	0.000	0.000	0.001	0.000	0.358	0.005	0.001	0.219	0.000	0.480	0.000	0.000	0.869	0.431	0.160	0.000	0.002	0.010
10.300	0.996	0.500	0.000	0.009	0.000	0.430	0.000	0.000	0.000	0.000	0.362	0.007	0.001	0.223	0.000	0.484	0.000	0.000	0.871	0.432	0.164	0.001	0.004	0.011
10.400	0.996	0.503	0.000	0.006	0.000	0.434	0.000	0.000	0.000	0.000	0.367	0.007	0.001	0.229	0.000	0.487	0.000	0.000	0.872	0.436	0.166	0.000	0.001	0.009
10.500	0.996	0.508	0.000	0.007	0.000	0.439	0.000	0.000	0.001	0.000	0.370	0.007	0.002	0.236	0.000	0.492	0.000	0.000	0.873	0.438	0.170	0.001	0.002	0.011
10.600	0.996	0.510	0.000	0.008	0.000	0.442	0.000	0.000	0.000	0.000	0.375	0.007	0.001	0.243	0.000	0.496	0.000	0.000	0.872	0.439	0.172	0.000	0.002	0.009
10.700	0.999	0.512	0.000	0.007	0.000	0.444	0.000	0.000	0.000	0.000	0.378	0.005	0.002	0.246	0.000	0.498	0.000	0.000	0.875	0.442	0.174	0.001	0.002	0.008
10.800	0.997	0.518	0.000	0.007	0.000	0.448	0.000	0.000	0.002	0.000	0.382	0.006	0.001	0.249	0.000	0.501	0.000	0.001	0.876	0.446	0.177	0.000	0.002	0.008
10.900	0.997	0.520	0.000	0.005	0.000	0.452	0.000	0.000	0.024	0.000	0.385	0.007	0.002	0.254	0.000	0.506	0.000	0.000	0.876	0.449	0.183	0.000	0.001	0.011
11.000	0.997	0.525	0.000	0.007	0.000	0.455	0.000	0.000	0.037	0.000	0.389	0.006	0.001	0.260	0.000	0.506	0.000	0.000	0.876	0.452	0.186	0.001	0.002	0.011
11.100	0.999	0.528	0.000	0.007	0.000	0.459	0.000	0.000	0.046	0.000	0.392	0.007	0.001	0.265	0.000	0.511	0.000	0.000	0.878	0.454	0.189	0.000	0.001	0.009
11.200	1.000	0.532	0.000	0.006	0.000	0.461	0.000	0.000	0.053	0.000	0.398	0.005	0.002	0.268	0.000	0.516	0.000	0.000	0.882	0.458	0.191	0.001	0.003	0.011
11.300	1.000	0.533	0.000	0.007	0.000	0.466	0.000	0.000	0.051	0.000	0.400	0.005	0.002	0.274	0.000	0.516	0.000	0.000	0.880	0.464	0.194	0.000	0.003	0.011
11.400	1.000	0.537	0.000	0.007	0.000	0.469	0.000	0.000	0.069	0.000	0.402	0.007	0.001	0.277	0.000	0.521	0.000	0.000	0.882	0.467	0.198	0.000	0.002	0.008
11.500	1.000	0.538	0.000	0.005	0.000	0.472	0.000	0.000	0.078	0.000	0.409	0.005	0.001	0.284	0.000	0.526	0.000	0.000	0.883	0.469	0.204	0.001	0.002	0.011
11.600	1.000	0.542	0.000	0.005	0.000	0.475	0.000	0.000	0.086	0.000	0.412	0.007	0.004	0.288	0.000	0.527	0.000	0.000	0.883	0.476	0.210	0.000	0.002	0.009
11.700	1.000	0.544	0.000	0.006	0.000	0.479	0.000	0.000	0.096	0.000	0.415	0.006	0.001	0.291	0.000	0.533	0.000	0.000	0.884	0.479	0.214	0.000	0.002	0.011
11.800	1.001	0.548	0.000	0.005	0.000	0.481	0.000	0.000	0.103	0.000	0.420	0.007	0.001	0.297	0.000	0.536	0.000	0.000	0.885	0.483	0.219	0.001	0.001	0.012
11.900	1.002	0.549	0.000	0.005	0.000	0.485	0.000	0.000	0.105	0.000	0.423	0.007	0.002	0.302	0.000	0.539	0.000	0.000	0.886	0.486	0.225	0.001	0.001	0.010
12.000	1.002	0.550	0.000	0.006	0.000	0.486	0.000	0.000	0.095	0.000	0.425	0.006	0.002	0.307	0.000	0.542	0.000	0.000	0.887	0.491	0.232	0.000	0.000	0.011
12.100	1.002	0.554	0.000	0.007	0.000	0.487	0.000	0.000	0.117	0.000	0.431	0.006	0.001	0.311	0.000	0.546	0.000	0.000	0.887	0.493	0.233	0.000	0.001	0.007
12.200	1.003	0.557	0.000	0.007	0.000	0.492	0.000	0.000	0.121	0.000	0.433	0.006	0.000	0.314	0.000	0.549	0.000	0.000	0.888	0.495	0.237	0.000	0.001	0.009
12.300	1.002	0.560	0.000	0.007	0.000	0.496	0.000	0.000	0.126	0.000	0.436	0.007	0.001	0.319	0.000	0.552	0.000	0.000	0.890	0.498	0.244	0.000	0.000	0.009
12.400	1.002	0.562	0.000	0.007	0.000	0.497	0.000	0.000	0.129	0.000	0.438	0.007	0.002	0.323	0.000	0.555	0.000	0.000	0.890	0.501	0.249	0.000	0.002	0.009
12.500	1.003	0.565	0.000	0.007	0.000	0.501	0.000	0.000	0.134	0.000	0.443	0.007	0.000	0.326	0.000	0.558	0.000	0.000	0.892	0.508	0.256	0.001	0.002	0.009
12.600	1.003	0.566	0.000	0.007	0.000	0.503	0.000	0.000	0.142	0.000	0.445	0.005	0.002	0.331	0.000	0.561	0.000	0.000	0.892	0.513	0.263	0.000	0.001	0.011
12.700	1.003	0.571	0.000	0.005	0.000	0.506	0.000	0.000	0.145	0.000	0.448	0.007	0.001	0.334	0.000	0.563	0.000	0.000	0.891	0.508	0.246	0.001	0.001	0.010
12.800	1.004	0.572	0.000	0.006	0.000	0.508	0.000	0.000	0.151	0.000	0.452	0.008	0.001	0.338	0.000	0.564	0.000	0.000	0.892	0.504	0.240	0.000	0.001	0.011
12.900	1.005	0.573	0.000	0.007	0.000	0.512	0.000	0.000	0.160	0.000	0.453	0.006	0.001	0.342	0.000	0.565	0.000	0.000	0.892	0.504	0.238	0.000	0.002	0.009
13.000	1.005	0.576	0.000	0.008	0.000	0.514	0.000	0.000	0.165	0.000	0.456	0.007	0.001	0.345	0.000	0.567	0.000	0.000	0.892	0.507	0.239	0.000	0.001	0.011
13.100	1.006	0.580	0.000	0.006	0.000	0.517	0.000	0.000	0.170	0.000	0.460	0.007	0.003	0.347	0.000	0.569	0.000	0.000	0.892	0.509	0.245	0.001	0.001	0.009
13.200	1.005	0.580	0.000	0.006	0.000	0.520	0.000	0.000	0.177	0.000	0.463	0.008	0.001	0.352	0.000	0.572	0.000	0.000	0.894	0.511	0.247	0.004	0.001	0.007
13.300	1.006	0.585	0.000	0.007	0.000	0.523	0.000	0.000	0.180	0.000	0.467	0.007	0.001	0.353	0.000	0.576	0.000	0.000	0.892	0.517	0.253	0.007	0.002	0.009
13.400	1.005	0.585	0.000	0.007	0.000	0.523	0.000	0.000	0.185	0.000	0.470	0.008	0.002	0.357	0.000	0.577	0.000	0.000	0.894	0.518	0.255	0.007	0.001	0.011
13.500	1.006	0.587	0.000	0.007	0.000	0.526	0.000	0.000	0.192	0.000	0.472	0.007	0.001	0.362	0.000	0.580	0.000	0.000	0.897	0.521	0.260	0.007	0.001	0.009
13.600	1.007	0.590	0.000	0.008	0.000	0.529	0.000	0.000	0.199	0.000	0.474	0.007	0.001	0.364	0.000	0.582	0.000	0.000	0.896	0.525	0.265	0.008	0.002	0.008
13.700	1.009	0.591	0.000	0.009	0.000	0.530	0.000	0.000	0.203	0.000	0.477	0.007	0.001	0.367	0.000	0.584	0.000	0.000	0.898	0.525	0.263	0.009	0.001	0.009
13.800	1.007	0.594	0.000	0.007	0.000	0.533	0.000	0.000	0.208	0.000	0.479	0.006	0.001	0.370	0.000	0.584	0.000	0.000	0.896	0.525	0.262	0.011	0.002	0.011
13.900	1.007	0.595	0.019	0.007	0.000	0.536	0.000	0.000	0.212	0.000	0.481	0.007	0.003	0.376	0.000	0.587	0.000	0.000	0.898	0.529	0.267	0.009	0.002	0.008
14.000	1.008	0.597	0.022	0.009	0.000	0.538	0.000	0.000	0.215	0.000	0.485	0.007	0.001	0.378	0.000	0.588	0.000	0.000	0.899	0.529	0.272	0.013	0.002	0.009
14.100	1.009	0.597	0.032	0.007	0.000	0.540	0.000	0.000	0.220	0.000	0.487	0.005	0.002	0.382	0.000	0.592	0.000	0.000	0.899	0.532	0.272	0.015	0.004	0.010
14.200	1.008	0.601	0.037	0.005	0.000	0.543	0.000	0.000	0.225	0.000	0.489	0.005	0.002	0.384	0.000	0.593	0.000	0.000	0.898	0.533	0.276	0.014	0.002	0.010
14.300	1.008	0.602	0.038	0.007	0.000	0.546	0.000	0.000	0.230	0.000	0.491	0.006	0.003	0.386	0.000	0.595	0.000	0.000	0.899	0.535	0.277	0.015	0.002	0.011
14.400	1.010	0.605	0.043	0.006	0.000	0.546	0.000	0.000	0.234	0.000	0.494	0.007	0.003	0.389	0.000	0.597	0.000	0.000	0.898	0.535	0.279	0.016	0.003	0.011
14.500	1.009	0.605	0.047	0.007	0.000	0.548	0.000	0.000	0.239	0.000	0.496	0.007	0.001	0.390	0.000	0.598	0.000	0.000	0.901	0.538	0.282	0.017	0.001	0.010
14.600	1.009	0.607	0.050	0.007	0.000	0.551	0.000	0.000	0.240	0.000	0.499	0.007	0.001	0.394	0.000	0.601	0.000	0.000	0.902	0.540	0.284	0.017	0.002	0.010
14.700	1.010	0.609	0.054	0.006	0.000	0.553	0.000	0.000	0.244	0.000	0.502	0.006	0.001	0.398	0.000	0.603	0.000	0.000	0.903	0.542	0.288	0.020	0.002	0.009
14.800	1.010	0.611	0.057	0.007	0.000	0.552	0.000	0.000	0.248	0.000	0.504	0.005	0.002	0.401	0.000	0.605	0.000	0.000	0.902	0.545	0.288	0.020	0.002	0.008
14.900	1.010	0.613	0.060	0.006	0.000	0.556	0.000	0.000	0.252	0.000	0.505	0.006	0.001	0.404	0.000	0.607	0.000	0.000	0.904	0.546	0.291	0.021	0.004	0.010
15.000	1.010	0.613	0.065	0.008	0.000	0.558	0.000	0.000	0.257	0.000	0.508	0.006	0.001	0.407	0.000	0.609	0.000	0.000	0.905	0.548	0.293	0.021	0.002	0.009
15.100	1.010	0.616	0.069	0.007	0.000	0.559	0.000	0.000	0.261	0.000	0.508	0.005	0.001	0.407	0.000	0.609	0.000	0.000	0.905	0.551	0.300	0.023	0.002	0.008
15.200	1.010	0.616	0.070	0.007	0.000	0.561	0.000	0.000	0.265	0.000	0.511	0.005	0.001	0.413	0.000	0.614	0.000	0.000	0.905	0.555	0.309	0.021	0.002	0.007
15.300	1.010	0.618	0.077	0.007	0.000	0.563	0.000	0.000	0.268	0.000	0.514	0.007	0.001	0.415	0.000	0.616	0.000	0.000	0.907	0.556	0.309	0.023	0.003	0.007
15.400	1.010	0.621	0.079	0.007	0.000	0.563	0.000	0.000	0.271	0.000	0.515	0.006	0.001	0.419	0.000	0.618	0.000	0.000	0.909	0.561	0.314	0.024	0.003	0.009
15.500	1.010	0.622	0.079	0.007	0.000	0.566	0.000	0.000	0.276	0.000	0.518	0.007	0.001	0.421	0.000	0.620	0.000	0.000	0.908	0.562	0.316	0.025	0.002	0.009
15.600	1.010	0.623	0.085	0.009	0.000	0.569	0.000	0.000	0.279	0.000	0.520	0.006	0.001	0.423	0.000	0.621	0.000	0.000	0.908	0.561	0.313	0.028	0.002	0.010
15.700	1.011	0.626	0.089	0.007	0.000	0.570	0.000	0.000	0.285	0.000	0.520	0.007	0.000	0.425	0.000	0.621	0.000	0.000	0.907	0.556	0.301	0.032	0.002	0.009
15.800	1.011	0.625	0.091	0.007	0.000	0.572	0.000	0.000	0.287	0.000	0.524	0.006	0.001	0.425	0.000	0.619	0.000	0.000	0.905	0.550	0.287	0.040	0.002	0.011
15.900	1.012	0.627	0.096	0.006	0.000	0.572	0.000	0.000	0.292	0.000	0.524	0.007	0.001	0.427	0.000	0.620	0.000	0.000	0.906	0.548	0.283	0.041	0.001	0.008
16.000	1.010	0.629	0.097	0.006	0.000	0.575	0.000	0.000	0.296	0.000	0.526	0.006	0.002	0.427	0.000	0.621	0.000	0.000	0.905	0.548	0.282	0.043	0.002	0.011
16.100	1.010	0.629	0.100	0.006	0.000	0.575	0.000	0.000	0.299	0.000	0.527	0.006	0.002	0.431	0.000	0.623	0.000	0.000	0.908	0.549	0.284	0.045	0.002	0.010
16.200	1.010	0.631	0.102	0.005	0.000	0.578	0.000	0.000	0.302	0.000	0.529	0.005	0.001	0.432	0.000	0.623	0.000	0.000	0.908	0.550	0.284	0.047	0.002	0.010
16.300	1.012	0.632	0.106	0.006	0.000	0.578	0.000	0.000	0.305	0.000	0.532	0.006	0.002	0.433	0.000	0.623	0.000	0.000	0.907	0.552	0.287	0.051	0.001	0.008
16.400	1.011	0.634	0.109	0.007	0.000	0.580	0.000	0.000	0.309	0.000	0.532	0.005	0.002	0.435	0.000	0.628	0.000	0.000	0.907	0.552	0.288	0.052	0.003	0.009
16.500	1.011	0.634	0.113	0.005	0.000	0.582	0.000	0.000	0.313	0.000	0.535	0.007	0.002	0.438	0.000	0.629	0.000	0.000	0.908	0.555	0.289	0.055	0.001	0.010
16.600	1.012	0.637	0.115	0.006	0.000	0.584	0.000	0.000	0.317	0.000	0.537	0.005	0.001	0.442	0.000	0.630	0.000	0.000	0.908	0.559	0.291	0.057	0.002	0.011
16.700	1.012	0.637	0.116	0.008	0.000	0.585	0.000	0.000	0.320	0.000	0.538	0.005	0.002	0.443	0.000	0.631	0.000	0.000	0.908	0.561	0.297	0.057	0.002	0.010
16.800	1.012	0.640	0.119	0.007	0.000	0.587	0.000	0.000	0.323	0.000	0.540	0.006	0.002	0.444	0.000	0.633	0.000	0.000	0.908	0.563	0.301	0.059	0.001	0.008
16.900	1.012	0.640	0.122	0.007	0.000	0.588	0.000	0.000	0.326	0.000	0.541	0.005	0.001	0.448	0.000	0.634	0.000	0.000	0.911	0.565	0.304	0.059	0.002	0.009
17.000	1.012	0.640	0.122	0.007	0.000	0.591	0.000	0.000	0.329	0.000	0.544	0.007	0.001	0.450	0.000	0.637	0.000	0.000	0.909	0.568	0.305	0.062	0.002	0.010
17.100	1.012	0.643	0.127	0.006	0.000	0.594	0.000	0.000	0.331	0.000	0.546	0.006	0.002	0.453	0.000	0.640	0.000	0.000	0.911	0.569	0.313	0.064	0.001	0.009
17.200	1.012	0.645	0.127	0.009	0.000	0.592	0.000	0.000	0.335	0.000	0.549	0.006	0.001	0.456	0.000	0.640	0.000	0.000	0.911	0.572	0.314	0.067	0.002	0.009
17.300	1.012	0.646	0.127	0.007	0.000	0.594	0.000	0.000	0.338	0.000	0.549	0.005	0.001	0.459	0.000	0.641	0.005	0.000	0.912	0.574	0.316	0.067	0.002	0.010
17.400	1.012	0.647	0.130	0.007	0.000	0.595	0.000	0.000	0.341	0.000	0.551	0.006	0.002	0.460	0.000	0.645	0.010	0.000	0.913	0.575	0.319	0.069	0.001	0.010
17.500	1.013	0.649	0.132	0.007	0.000	0.595	0.000	0.000	0.344	0.000	0.552	0.007	0.002	0.464	0.000	0.645	0.013	0.000	0.912	0.576	0.319	0.070	0.002	0.009
17.600	1.013	0.649	0.134	0.006	0.000	0.597	0.000	0.000	0.345	0.000	0.555	0.007	0.002	0.466	0.000	0.647	0.016	0.000	0.913	0.579	0.323	0.073	0.001	0.010
17.700	1.014	0.650	0.137	0.007	0.000	0.598	0.000	0.000	0.349	0.000	0.558	0.006	0.001	0.468	0.000	0.649	0.023	0.000	0.914	0.581	0.330	0.072	0.002	0.009
17.800	1.014	0.650	0.138	0.008	0.000	0.598	0.000	0.000	0.350	0.000	0.559	0.005	0.001	0.472	0.000	0.653	0.026	0.000	0.916	0.587	0.335	0.073	0.002	0.010
17.900	1.014	0.651	0.139	0.006	0.000	0.601	0.000	0.000	0.353	0.000	0.560	0.006	0.002	0.473	0.000	0.655	0.029	0.000	0.914	0.587	0.338	0.076	0.002	0.010
18.000	1.013	0.653	0.141	0.008	0.000	0.602	0.000	0.000	0.357	0.000	0.563	0.007	0.002	0.475	0.000	0.654	0.033	0.000	0.916	0.590	0.339	0.077	0.002	0.011
18.100	1.015	0.652	0.144	0.007	0.000	0.604	0.000	0.000	0.360	0.000	0.564	0.005	0.002	0.477	0.000	0.654	0.035	0.000	0.917	0.588	0.340	0.078	0.001	0.011
18.200	1.013	0.652	0.144	0.007	0.000	0.603	0.000	0.000	0.362	0.000	0.566	0.005	0.001	0.480	0.000	0.657	0.039	0.000	0.918	0.591	0.343	0.079	0.002	0.010
18.300	1.014	0.656	0.145	0.005	0.000	0.603	0.000	0.000	0.363	0.000	0.567	0.006	0.003	0.479	0.000	0.658	0.043	0.000	0.916	0.592	0.347	0.081	0.002	0.009
18.400	1.014	0.654	0.147	0.007	0.000	0.606	0.000	0.000	0.366	0.000	0.567	0.006	0.001	0.483	0.000	0.660	0.046	0.000	0.916	0.594	0.349	0.085	0.002	0.009
18.500	1.014	0.657	0.148	0.007	0.000	0.605	0.000	0.000	0.366	0.000	0.569	0.006	0.002	0.486	0.000	0.661	0.050	0.000	0.917	0.596	0.352	0.084	0.001	0.009
18.600	1.015	0.655	0.151	0.007	0.000	0.607	0.000	0.000	0.369	0.000	0.570	0.006	0.003	0.489	0.000	0.663	0.053	0.000	0.918	0.596	0.350	0.085	0.001	0.010
18.700	1.016	0.657	0.155	0.006	0.000	0.609	0.000	0.000	0.371	0.000	0.572	0.007	0.001	0.489	0.000	0.662	0.056	0.000	0.919	0.597	0.350	0.086	0.004	0.010
18.800	1.015	0.659	0.155	0.007	0.000	0.610	0.000	0.000	0.373	0.000	0.573	0.006	0.002	0.489	0.000	0.664	0.059	0.000	0.918	0.597	0.350	0.089	0.006	0.011
18.900	1.015	0.659	0.157	0.007	0.000	0.611	0.000	0.000	0.375	0.000	0.576	0.007	0.002	0.491	0.000	0.665	0.063	0.000	0.920	0.600	0.355	0.093	0.002	0.010
19.000	1.015	0.660	0.158	0.006	0.000	0.611	0.000	0.000	0.377	0.000	0.578	0.005	0.002	0.493	0.000	0.666	0.065	0.000	0.920	0.601	0.354	0.093	0.006	0.010
19.100	1.015	0.660	0.160	0.007	0.000	0.613	0.000	0.000	0.379	0.000	0.577	0.007	0.001	0.494	0.000	0.667	0.068	0.000	0.918	0.604	0.359	0.095	0.008	0.008
19.200	1.015	0.661	0.161	0.005	0.000	0.614	0.000	0.000	0.381	0.000	0.579	0.005	0.001	0.496	0.000	0.668	0.071	0.000	0.921	0.602	0.356	0.095	0.002	0.010
19.300	1.015	0.664	0.162	0.008	0.000	0.614	0.000	0.000	0.381	0.000	0.579	0.007	0.002	0.497	0.000	0.670	0.073	0.000	0.920	0.604	0.357	0.096	0.007	0.010
19.400	1.015	0.665	0.164	0.007	0.000	0.616	0.000	0.000	0.386	0.000	0.581	0.007	0.000	0.499	0.000	0.670	0.076	0.000	0.920	0.605	0.355	0.098	0.009	0.011
19.500	1.015	0.666	0.166	0.007	0.000	0.616	0.000	0.000	0.387	0.000	0.582	0.007	0.001	0.500	0.000	0.672	0.078	0.000	0.920	0.604	0.356	0.099	0.005	0.011
19.600	1.016	0.665	0.168	0.006	0.000	0.617	0.000	0.000	0.389	0.000	0.583	0.005	0.000	0.503	0.000	0.672	0.083	0.000	0.920	0.604	0.357	0.099	0.009	0.009
19.700	1.017	0.667	0.167	0.007	0.000	0.619	0.000	0.000	0.392	0.000	0.584	0.006	0.001	0.502	0.000	0.673	0.084	0.000	0.920	0.605	0.357	0.103	0.009	0.008
19.800	1.015	0.668	0.172	0.006	0.000	0.620	0.000	0.000	0.395	0.000	0.585	0.006	0.001	0.504	0.000	0.673	0.086	0.000	0.918	0.607	0.357	0.105	0.011	0.008
19.900	1.016	0.667	0.173	0.007	0.000	0.621	0.000	0.000	0.396	0.000	0.585	0.006	0.001	0.505	0.000	0.674	0.089	0.000	0.921	0.607	0.358	0.104	0.013	0.011
20.000	1.016	0.669	0.175	0.007	0.000	0.623	0.000	0.000	0.398	0.000	0.587	0.006	0.003	0.507	0.000	0.674	0.092	0.000	0.923	0.607	0.359	0.107	0.011	0.007
20.100	1.017	0.670	0.175	0.007	0.000	0.623	0.000	0.000	0.401	0.000	0.589	0.005	0.003	0.508	0.000	0.676	0.093	0.000	0.921	0.607	0.359	0.108	0.014	0.009
20.200	1.017	0.670	0.178	0.007	0.000	0.624	0.000	0.000	0.402	0.000	0.589	0.017	0.002	0.508	0.000	0.677	0.095	0.000	0.921	0.608	0.361	0.110	0.014	0.008
20.300	1.017	0.670	0.178	0.007	0.000	0.624	0.000	0.000	0.403	0.000	0.590	0.019	0.001	0.510	0.000	0.678	0.097	0.000	0.923	0.609	0.364	0.109	0.014	0.009
20.400	1.018	0.673	0.180	0.006	0.000	0.625	0.000	0.000	0.406	0.000	0.592	0.022	0.001	0.511	0.000	0.678	0.099	0.000	0.921	0.612	0.368	0.109	0.015	0.010
20.500	1.017	0.672	0.181	0.006	0.000	0.624	0.000	0.000	0.408	0.000	0.592	0.024	0.001	0.513	0.000	0.679	0.102	0.000	0.924	0.614	0.369	0.109	0.015	0.010
20.600	1.018	0.673	0.183	0.007	0.000	0.628	0.000	0.000	0.410	0.000	0.594	0.026	0.002	0.513	0.000	0.679	0.105	0.000	0.923	0.613	0.369	0.110	0.016	0.010
20.700	1.017	0.673	0.186	0.007	0.000	0.628	0.000	0.000	0.410	0.000	0.595	0.028	0.002	0.515	0.000	0.683	0.108	0.000	0.921	0.616	0.369	0.115	0.017	0.010
20.800	1.016	0.674	0.187	0.008	0.000	0.628	0.000	0.000	0.412	0.000	0.597	0.028	0.001	0.516	0.000	0.683	0.110	0.000	0.923	0.616	0.367	0.116	0.017	0.009
20.900	1.017	0.674	0.188	0.009	0.000	0.631	0.000	0.000	0.415	0.000	0.597	0.031	0.002	0.517	0.000	0.683	0.112	0.000	0.925	0.618	0.371	0.116	0.019	0.011
21.000	1.017	0.677	0.189	0.008	0.000	0.631	0.000	0.000	0.415	0.000	0.598	0.031	0.001	0.519	0.000	0.685	0.114	0.000	0.925	0.619	0.381	0.113	0.017	0.009
21.100	1.018	0.676	0.190	0.008	0.000	0.630	0.000	0.000	0.415	0.000	0.598	0.033	0.001	0.520	0.000	0.685	0.115	0.000	0.925	0.620	0.376	0.116	0.017	0.012
21.200	1.017	0.678	0.191	0.009	0.000	0.633	0.000	0.000	0.418	0.000	0.599	0.036	0.001	0.520	0.000	0.685	0.117	0.000	0.926	0.618	0.369	0.123	0.019	0.010
21.300	1.019	0.678	0.193	0.008	0.000	0.632	0.000	0.000	0.419	0.000	0.601	0.037	0.001	0.520	0.000	0.686	0.119	0.000	0.924	0.617	0.370	0.124	0.020	0.011
21.400	1.017	0.678	0.194	0.009	0.000	0.633	0.000	0.000	0.422	0.000	0.602	0.039	0.002	0.523	0.000	0.688	0.121	0.000	0.924	0.621	0.374	0.127	0.020	0.009
21.500	1.018	0.680	0.196	0.007	0.000	0.634	0.000	0.000	0.423	0.000	0.603	0.042	0.001	0.525	0.000	0.688	0.122	0.000	0.928	0.620	0.376	0.130	0.019	0.009
21.600	1.018	0.681	0.197	0.007	0.000	0.635	0.000	0.000	0.427	0.000	0.603	0.044	0.001	0.528	0.000	0.688	0.125	0.000	0.928	0.622	0.379	0.133	0.020	0.009
21.700	1.019	0.681	0.199	0.007	0.000	0.637	0.000	0.000	0.427	0.000	0.605	0.045	0.001	0.529	0.000	0.690	0.128	0.000	0.927	0.626	0.380	0.136	0.021	0.009
21.800	1.018	0.682	0.201	0.008	0.000	0.638	0.000	0.000	0.429	0.000	0.606	0.046	0.003	0.530	0.000	0.691	0.128	0.000	0.926	0.625	0.379	0.138	0.022	0.008
21.900	1.017	0.681	0.203	0.006	0.000	0.638	0.000	0.000	0.431	0.000	0.606	0.049	0.002	0.530	0.000	0.693	0.131	0.000	0.927	0.624	0.381	0.138	0.021	0.009
22.000	1.019	0.685	0.205	0.008	0.000	0.640	0.000	0.000	0.433	0.000	0.607	0.049	0.002	0.530	0.000	0.690	0.132	0.000	0.928	0.627	0.379	0.138	0.021	0.008
22.100	1.018	0.685	0.206	0.007	0.000	0.641	0.000	0.000	0.434	0.000	0.608	0.052	0.002	0.530	0.000	0.693	0.134	0.000	0.926	0.628	0.378	0.139	0.024	0.011
22.200	1.019	0.685	0.209	0.007	0.000	0.641	0.000	0.000	0.434	0.000	0.609	0.053	0.003	0.533	0.000	0.691	0.134	0.000	0.927	0.628	0.381	0.139	0.023	0.011
22.300	1.019	0.686	0.210	0.007	0.000	0.642	0.000	0.000	0.438	0.000	0.609	0.054	0.002	0.534	0.000	0.693	0.137	0.000	0.928	0.628	0.381	0.141	0.023	0.009
22.400	1.018	0.687	0.210	0.007	0.000	0.642	0.000	0.000	0.438	0.000	0.612	0.056	0.002	0.536	0.000	0.694	0.139	0.000	0.927	0.630	0.385	0.142	0.023	0.009
22.500	1.017	0.688	0.211	0.008	0.000	0.644	0.000	0.000	0.441	0.000	0.613	0.057	0.001	0.536	0.000	0.693	0.141	0.000	0.929	0.630	0.385	0.141	0.025	0.009
22.600	1.017	0.687	0.214	0.006	0.000	0.646	0.000	0.000	0.443	0.000	0.613	0.060	0.002	0.536	0.000	0.695	0.143	0.000	0.928	0.632	0.386	0.143	0.026	0.009
22.700	1.017	0.689	0.217	0.007	0.000	0.646	0.000	0.000	0.445	0.000	0.613	0.061	0.001	0.539	0.000	0.696	0.146	0.000	0.927	0.630	0.387	0.145	0.025	0.010
22.800	1.019	0.690	0.217	0.007	0.000	0.646	0.000	0.000	0.446	0.000	0.614	0.066	0.002	0.539	0.000	0.695	0.146	0.000	0.928	0.634	0.389	0.146	0.027	0.009
22.900	1.017	0.690	0.220	0.008	0.000	0.647	0.000	0.000	0.448	0.000	0.618	0.066	0.004	0.539	0.000	0.698	0.148	0.000	0.927	0.635	0.390	0.147	0.026	0.008
23.000	1.019	0.690	0.220	0.007	0.000	0.648	0.000	0.000	0.450	0.000	0.617	0.069	0.001	0.539	0.000	0.699	0.151	0.000	0.927	0.634	0.389	0.148	0.027	0.009
23.100	1.019	0.692	0.220	0.007	0.000	0.649	0.000	0.000	0.451	0.000	0.618	0.069	0.002	0.541	0.000	0.700	0.153	0.000	0.928	0.636	0.392	0.150	0.027	0.008
23.200	1.019	0.691	0.223	0.006	0.000	0.650	0.000	0.000	0.452	0.000	0.618	0.073	0.001	0.543	0.000	0.700	0.155	0.000	0.929	0.638	0.392	0.149	0.028	0.011
23.300	1.019	0.691	0.223	0.007	0.000	0.650	0.000	0.000	0.455	0.000	0.620	0.071	0.001	0.544	0.000	0.700	0.157	0.000	0.930	0.638	0.390	0.151	0.028	0.009
23.400	1.020	0.692	0.225	0.008	0.000	0.651	0.000	0.000	0.455	0.000	0.620	0.072	0.001	0.547	0.000	0.701	0.160	0.000	0.928	0.641	0.391	0.152	0.029	0.010
23.500	1.019	0.693	0.226	0.008	0.000	0.651	0.000	0.000	0.456	0.000	0.621	0.074	0.001	0.546	0.000	0.703	0.160	0.000	0.931	0.640	0.392	0.153	0.030	0.011
23.600	1.019	0.695	0.228	0.007	0.000	0.654	0.000	0.000	0.457	0.000	0.622	0.076	0.002	0.548	0.000	0.701	0.164	0.000	0.931	0.640	0.391	0.153	0.030	0.010
23.700	1.020	0.693	0.230	0.007	0.000	0.653	0.000	0.000	0.460	0.000	0.622	0.078	0.001	0.548	0.000	0.703	0.166	0.000	0.930	0.641	0.392	0.157	0.031	0.009
23.800	1.021	0.696	0.230	0.007	0.000	0.652	0.000	0.000	0.462	0.000	0.623	0.081	0.000	0.549	0.000	0.703	0.167	0.000	0.930	0.640	0.393	0.157	0.031	0.010
23.900	1.020	0.696	0.233	0.007	0.000	0.654	0.000	0.000	0.464	0.000	0.623	0.083	0.001	0.551	0.000	0.705	0.168	0.000	0.929	0.641	0.395	0.160	0.031	0.010
24.000	1.021	0.695	0.235	0.007	0.000	0.654	0.000	0.000	0.465	0.000	0.625	0.084	0.001	0.551	0.000	0.705	0.172	0.000	0.932	0.639	0.398	0.160	0.031	0.012
24.100	1.021	0.698	0.236	0.007	0.000	0.655	0.000	0.000	0.465	0.000	0.624	0.087	0.002	0.552	0.000	0.707	0.174	0.000	0.930	0.640	0.397	0.160	0.034	0.010
24.200	1.020	0.697	0.236	0.007	0.000	0.657	0.000	0.000	0.467	0.000	0.627	0.088	0.002	0.554	0.000	0.705	0.176	0.000	0.930	0.639	0.398	0.161	0.035	0.009
24.300	1.020	0.697	0.238	0.005	0.000	0.657	0.000	0.000	0.469	0.000	0.627	0.090	0.002	0.553	0.000	0.705	0.176	0.000	0.933	0.640	0.399	0.160	0.036	0.010
24.400	1.019	0.697	0.240	0.005	0.000	0.658	0.000	0.000	0.470	0.000	0.627	0.092	0.003	0.556	0.000	0.709	0.178	0.000	0.931	0.640	0.400	0.162	0.037	0.008
24.500	1.021	0.700	0.241	0.007	0.000	0.661	0.000	0.000	0.471	0.000	0.629	0.092	0.003	0.556	0.000	0.709	0.180	0.000	0.932	0.640	0.401	0.163	0.036	0.011
24.600	1.020	0.700	0.241	0.005	0.000	0.660	0.001	0.000	0.475	0.000	0.630	0.096	0.003	0.557	0.000	0.708	0.181	0.000	0.932	0.641	0.402	0.163	0.034	0.011
24.700	1.020	0.701	0.243	0.007	0.000	0.660	0.002	0.000	0.475	0.000	0.630	0.096	0.001	0.558	0.000	0.709	0.183	0.000	0.933	0.641	0.405	0.164	0.037	0.009
24.800	1.019	0.703	0.246	0.006	0.000	0.660	0.004	0.000	0.476	0.000	0.630	0.098	0.001	0.558	0.000	0.711	0.186	0.000	0.933	0.643	0.405	0.164	0.037	0.008
24.900	1.021	0.703	0.246	0.005	0.000	0.660	0.004	0.000	0.477	0.000	0.631	0.098	0.003	0.560	0.000	0.713	0.187	0.000	0.931	0.645	0.407	0.165	0.038	0.011
25.000	1.021	0.704	0.249	0.008	0.000	0.663	0.005	0.000	0.477	0.000	0.634	0.102	0.002	0.561	0.000	0.711	0.190	0.000	0.931	0.647	0.407	0.165	0.038	0.010
25.100	1.021	0.705	0.249	0.007	0.000	0.663	0.006	0.000	0.479	0.000	0.635	0.103	0.001	0.561	0.000	0.713	0.191	0.000	0.932	0.645	0.408	0.168	0.039	0.010
25.200	1.021	0.705	0.250	0.008	0.000	0.663	0.008	0.000	0.480	0.000	0.635	0.103	0.001	0.563	0.000	0.712	0.193	0.000	0.935	0.647	0.409	0.167	0.040	0.009
25.300	1.021	0.704	0.251	0.006	0.000	0.664	0.009	0.000	0.481	0.000	0.637	0.107	0.001	0.563	0.000	0.714	0.194	0.000	0.933	0.647	0.410	0.167	0.041	0.012
25.400	1.021	0.704	0.252	0.005	0.000	0.664	0.011	0.000	0.482	0.000	0.637	0.107	0.002	0.564	0.000	0.713	0.195	0.000	0.935	0.647	0.410	0.167	0.041	0.011
25.500	1.022	0.706	0.253	0.008	0.000	0.666	0.011	0.000	0.484	0.000	0.637	0.108	0.001	0.563	0.000	0.717	0.196	0.000	0.934	0.650	0.412	0.170	0.040	0.013
25.600	1.020	0.707	0.257	0.006	0.000	0.666	0.013	0.000	0.486	0.000	0.638	0.109	0.002	0.564	0.000	0.714	0.199	0.000	0.935	0.650	0.414	0.170	0.042	0.014
25.700	1.021	0.706	0.258	0.006	0.000	0.667	0.013	0.000	0.486	0.000	0.639	0.111	0.001	0.566	0.000	0.715	0.201	0.000	0.933	0.649	0.414	0.169	0.043	0.013
25.800	1.021	0.707	0.258	0.005	0.000	0.667	0.014	0.000	0.487	0.000	0.638	0.112	0.001	0.567	0.000	0.715	0.201	0.000	0.934	0.651	0.417	0.171	0.045	0.016
25.900	1.021	0.707	0.260	0.006	0.000	0.669	0.016	0.000	0.489	0.000	0.640	0.114	0.002	0.569	0.000	0.718	0.203	0.000	0.933	0.653	0.419	0.175	0.045	0.014
26.000	1.021	0.709	0.261	0.006	0.000	0.669	0.016	0.000	0.490	0.000	0.641	0.115	0.001	0.570	0.000	0.717	0.205	0.000	0.935	0.652	0.420	0.175	0.045	0.016
26.100	1.021	0.710	0.262	0.005	0.000	0.669	0.018	0.000	0.491	0.000	0.641	0.117	0.001	0.570	0.000	0.716	0.208	0.000	0.935	0.655	0.421	0.177	0.046	0.016
26.200	1.020	0.711	0.263	0.005	0.000	0.670	0.020	0.000	0.491	0.000	0.642	0.119	0.002	0.571	0.000	0.720	0.208	0.000	0.934	0.654	0.421	0.177	0.047	0.015
26.300	1.021	0.710	0.263	0.005	0.000	0.670	0.021	0.000	0.491	0.000	0.642	0.121	0.002	0.573	0.000	0.719	0.208	0.001	0.934	0.653	0.420	0.179	0.046	0.017
26.400	1.021	0.710	0.264	0.007	0.000	0.670	0.021	0.000	0.493	0.000	0.643	0.121	0.000	0.571	0.000	0.718	0.210	0.000	0.933	0.655	0.422	0.180	0.047	0.016
26.500	1.022	0.711	0.266	0.006	0.000	0.672	0.023	0.000	0.494	0.000	0.643	0.124	0.001	0.573	0.000	0.720	0.211	0.000	0.935	0.654	0.424	0.180	0.049	0.015
26.600	1.019	0.711	0.267	0.007	0.000	0.671	0.023	0.000	0.496	0.000	0.644	0.124	0.001	0.573	0.000	0.722	0.213	0.000	0.935	0.655	0.425	0.182	0.048	0.017
26.700	1.022	0.712	0.268	0.004	0.000	0.670	0.024	0.000	0.495	0.000	0.645	0.124	0.001	0.575	0.000	0.722	0.213	0.000	0.935	0.654	0.427	0.183	0.049	0.017
26.800	1.022	0.713	0.268	0.007	0.000	0.673	0.026	0.000	0.496	0.000	0.646	0.126	0.001	0.576	0.000	0.722	0.216	0.000	0.935	0.656	0.427	0.182	0.049	0.017
26.900	1.021	0.713	0.269	0.006	0.000	0.674	0.026	0.000	0.497	0.000	0.647	0.129	0.002	0.575	0.000	0.721	0.216	0.000	0.935	0.657	0.429	0.183	0.049	0.017
27.000	1.021	0.715	0.269	0.005	0.000	0.675	0.027	0.000	0.497	0.000	0.647	0.128	0.003	0.577	0.000	0.723	0.217	0.000	0.935	0.658	0.429	0.183	0.051	0.018
27.100	1.021	0.715	0.271	0.005	0.000	0.674	0.028	0.000	0.499	0.000	0.649	0.129	0.001	0.578	0.000	0.725	0.219	0.000	0.937	0.657	0.432	0.184	0.051	0.020
27.200	1.022	0.713	0.271	0.007	0.000	0.675	0.028	0.000	0.500	0.000	0.647	0.132	0.000	0.577	0.000	0.724	0.220	0.000	0.935	0.658	0.429	0.185	0.052	0.018
27.300	1.022	0.715	0.272	0.008	0.000	0.674	0.030	0.000	0.500	0.000	0.649	0.134	0.001	0.580	0.000	0.725	0.221	0.000	0.935	0.657	0.431	0.186	0.053	0.018
27.400	1.021	0.715	0.273	0.007	0.000	0.676	0.030	0.000	0.501	0.000	0.649	0.135	0.001	0.580	0.000	0.724	0.223	0.000	0.937	0.658	0.430	0.186	0.054	0.017
27.500	1.021	0.717	0.275	0.006	0.000	0.676	0.031	0.000	0.502	0.000	0.649	0.137	0.002	0.580	0.000	0.724	0.224	0.000	0.936	0.657	0.432	0.187	0.055	0.019
27.600	1.022	0.716	0.276	0.006	0.000	0.678	0.031	0.000	0.502	0.000	0.650	0.137	0.001	0.580	0.000	0.724	0.225	0.000	0.936	0.658	0.432	0.190	0.053	0.020
27.700	1.022	0.716	0.275	0.005	0.000	0.678	0.034	0.000	0.502	0.000	0.650	0.139	0.002	0.580	0.000	0.724	0.227	0.000	0.936	0.659	0.432	0.190	0.056	0.019
27.800	1.022	0.718	0.276	0.005	0.000	0.678	0.034	0.000	0.501	0.000	0.650	0.139	0.002	0.582	0.000	0.727	0.226	0.000	0.936	0.660	0.436	0.190	0.055	0.019
27.900	1.021	0.719	0.279	0.006	0.000	0.679	0.035	0.000	0.506	0.000	0.652	0.141	0.002	0.582	0.000	0.728	0.229	0.000	0.937	0.662	0.437	0.190	0.057	0.018
28.000	1.022	0.717	0.278	0.004	0.000	0.678	0.037	0.000	0.504	0.000	0.653	0.142	0.001	0.582	0.000	0.728	0.230	0.000	0.936	0.662	0.436	0.193	0.056	0.020
28.100	1.021	0.719	0.279	0.005	0.000	0.678	0.038	0.000	0.506	0.000	0.654	0.143	0.000	0.583	0.000	0.727	0.230	0.000	0.938	0.660	0.435	0.193	0.057	0.021
28.200	1.022	0.718	0.282	0.005	0.000	0.679	0.039	0.000	0.506	0.000	0.654	0.146	0.001	0.585	0.000	0.728	0.232	0.000	0.938	0.662	0.436	0.195	0.057	0.021
28.300	1.021	0.719	0.282	0.007	0.000	0.681	0.039	0.000	0.508	0.000	0.654	0.146	0.001	0.585	0.000	0.728	0.233	0.000	0.937	0.663	0.436	0.195	0.057	0.020
28.400	1.022	0.719	0.282	0.007	0.000	0.681	0.040	0.000	0.509	0.000	0.656	0.148	0.001	0.586	0.000	0.728	0.233	0.001	0.937	0.664	0.437	0.196	0.059	0.020
28.500	1.021	0.721	0.283	0.006	0.000	0.680	0.042	0.000	0.510	0.000	0.654	0.148	0.001	0.584	0.000	0.730	0.235	0.001	0.937	0.664	0.438	0.197	0.059	0.020
28.600	1.023	0.721	0.285	0.006	0.000	0.683	0.042	0.000	0.509	0.000	0.657	0.150	0.002	0.587	0.000	0.729	0.236	0.000	0.938	0.665	0.441	0.198	0.059	0.020
28.700	1.022	0.721	0.287	0.007	0.000	0.681	0.042	0.000	0.511	0.000	0.657	0.150	0.000	0.588	0.000	0.729	0.237	0.000	0.938	0.666	0.441	0.196	0.059	0.020
28.800	1.022	0.720	0.286	0.007	0.000	0.682	0.044	0.000	0.511	0.000	0.657	0.153	0.001	0.588	0.000	0.730	0.237	0.000	0.938	0.667	0.441	0.199	0.058	0.021
28.900	1.022	0.722	0.288	0.005	0.000	0.682	0.045	0.000	0.513	0.000	0.657	0.155	0.002	0.588	0.000	0.730	0.239	0.000	0.938	0.666	0.443	0.200	0.062	0.021
29.000	1.021	0.721	0.287	0.005	0.000	0.682	0.045	0.000	0.513	0.000	0.659	0.155	0.001	0.589	0.000	0.732	0.240	0.000	0.938	0.667	0.443	0.199	0.059	0.021
29.100	1.021	0.722	0.289	0.006	0.000	0.685	0.047	0.000	0.514	0.000	0.660	0.155	0.001	0.591	0.000	0.729	0.240	0.001	0.940	0.667	0.445	0.200	0.061	0.021
29.200	1.022	0.723	0.291	0.006	0.000	0.685	0.049	0.000	0.515	0.000	0.659	0.158	0.001	0.592	0.000	0.731	0.242	0.000	0.938	0.669	0.445	0.201	0.062	0.022
29.300	1.022	0.724	0.291	0.007	0.000	0.685	0.047	0.000	0.515	0.000	0.661	0.158	0.001	0.592	0.000	0.732	0.244	0.000	0.940	0.669	0.449	0.201	0.062	0.020
29.400	1.022	0.722	0.293	0.007	0.000	0.687	0.050	0.000	0.515	0.000	0.662	0.159	0.002	0.592	0.000	0.734	0.244	0.000	0.938	0.669	0.448	0.201	0.062	0.020
29.500	1.023	0.724	0.293	0.004	0.000	0.687	0.052	0.000	0.518	0.000	0.661	0.161	0.003	0.594	0.000	0.735	0.246	0.000	0.940	0.671	0.448	0.200	0.062	0.022
29.600	1.022	0.724	0.293	0.007	0.000	0.686	0.053	0.000	0.519	0.000	0.663	0.162	0.001	0.594	0.000	0.734	0.246	0.000	0.938	0.671	0.447	0.206	0.065	0.021
29.700	1.022	0.725	0.295	0.007	0.000	0.688	0.053	0.000	0.518	0.000	0.662	0.162	0.002	0.593	0.000	0.735	0.249	0.000	0.938	0.668	0.448	0.205	0.067	0.023
29.800	1.022	0.725	0.295	0.006	0.000	0.688	0.056	0.000	0.520	0.000	0.663	0.165	0.001	0.594	0.000	0.734	0.250	0.000	0.939	0.669	0.449	0.205	0.065	0.022
29.900	1.022	0.726	0.298	0.006	0.000	0.688	0.057	0.000	0.520	0.000	0.664	0.165	0.000	0.595	0.000	0.734	0.249	0.000	0.940	0.669	0.449	0.208	0.065	0.022
30.000	1.023	0.725	0.298	0.007	0.000	0.688	0.057	0.000	0.521	0.000	0.664	0.167	0.001	0.595	0.000	0.736	0.250	0.000	0.940	0.672	0.451	0.208	0.066	0.024
30.100	1.023	0.727	0.300	0.007	0.000	0.688	0.057	0.000	0.522	0.000	0.664	0.167	0.001	0.596	0.000	0.738	0.251	0.000	0.939	0.671	0.452	0.207	0.067	0.023
30.200	1.023	0.728	0.299	0.005	0.000	0.690	0.059	0.000	0.522	0.000	0.666	0.168	0.001	0.596	0.000	0.737	0.253	0.000	0.938	0.672	0.451	0.210	0.067	0.023
30.300	1.023	0.728	0.301	0.006	0.000	0.690	0.062	0.000	0.525	0.000	0.665	0.170	0.000	0.598	0.000	0.736	0.255	0.000	0.939	0.672	0.451	0.210	0.067	0.023
30.400	1.023	0.729	0.302	0.006	0.000	0.692	0.062	0.000	0.525	0.000	0.667	0.172	0.000	0.597	0.000	0.736	0.255	0.000	0.940	0.670	0.453	0.212	0.067	0.023
30.500	1.024	0.728	0.304	0.007	0.000	0.690	0.062	0.000	0.525	0.000	0.669	0.173	0.000	0.598	0.000	0.738	0.256	0.000	0.941	0.673	0.452	0.213	0.069	0.023
30.600	1.021	0.728	0.304	0.005	0.000	0.693	0.063	0.000	0.527	0.000	0.667	0.174	0.001	0.598	0.000	0.740	0.258	0.000	0.940	0.673	0.455	0.213	0.071	0.024
30.700	1.023	0.728	0.304	0.005	0.000	0.692	0.064	0.000	0.527	0.000	0.668	0.177	0.001	0.599	0.000	0.738	0.258	0.000	0.940	0.673	0.453	0.213	0.073	0.024
30.800	1.023	0.729	0.305	0.006	0.000	0.692	0.066	0.000	0.527	0.000	0.669	0.177	0.001	0.601	0.000	0.738	0.259	0.000	0.941	0.674	0.453	0.216	0.074	0.023
30.900	1.025	0.731	0.305	0.006	0.000	0.693	0.067	0.000	0.529	0.000	0.668	0.177	0.001	0.601	0.000	0.738	0.259	0.000	0.940	0.674	0.455	0.216	0.072	0.024
31.000	1.025	0.728	0.305	0.007	0.000	0.693	0.069	0.000	0.530	0.000	0.670	0.179	0.002	0.602	0.000	0.741	0.261	0.000	0.940	0.674	0.455	0.217	0.074	0.024
31.100	1.024	0.730	0.307	0.008	0.000	0.693	0.069	0.000	0.532	0.000	0.670	0.180	0.000	0.602	0.000	0.741	0.261	0.000	0.941	0.674	0.454	0.217	0.075	0.024
31.200	1.024	0.731	0.309	0.007	0.000	0.693	0.069	0.000	0.532	0.000	0.670	0.183	0.000	0.602	0.000	0.739	0.262	0.000	0.941	0.675	0.455	0.218	0.072	0.024
31.300	1.024	0.731	0.310	0.006	0.000	0.694	0.071	0.000	0.530	0.000	0.672	0.183	0.001	0.603	0.000	0.742	0.262	0.000	0.941	0.673	0.457	0.217	0.074	0.023
31.400	1.022	0.732	0.310	0.005	0.000	0.693	0.072	0.000	0.535	0.000	0.673	0.183	0.001	0.604	0.000	0.740	0.262	0.000	0.943	0.674	0.456	0.219	0.074	0.024
31.500	1.024	0.733	0.310	0.006	0.000	0.694	0.073	0.000	0.532	0.000	0.673	0.184	0.002	0.604	0.000	0.741	0.264	0.000	0.943	0.676	0.456	0.222	0.075	0.023
31.600	1.026	0.731	0.311	0.006	0.000	0.696	0.074	0.000	0.535	0.000	0.672	0.186	0.001	0.605	0.000	0.743	0.265	0.000	0.943	0.675	0.458	0.220	0.077	0.024
31.700	1.024	0.734	0.313	0.007	0.000	0.695	0.075	0.000	0.533	0.000	0.674	0.187	0.001	0.605	0.000	0.742	0.267	0.000	0.943	0.677	0.459	0.221	0.077	0.023
31.800	1.024	0.732	0.313	0.007	0.000	0.695	0.078	0.000	0.537	0.000	0.673	0.189	0.002	0.607	0.000	0.744	0.268	0.000	0.941	0.677	0.458	0.220	0.076	0.024
31.900	1.022	0.734	0.314	0.006	0.000	0.697	0.078	0.000	0.536	0.000	0.673	0.191	0.001	0.607	0.000	0.744	0.269	0.000	0.944	0.678	0.458	0.220	0.078	0.025
32.000	1.023	0.733	0.317	0.005	0.000	0.697	0.080	0.000	0.539	0.000	0.675	0.192	0.000	0.607	0.000	0.743	0.269	0.000	0.941	0.678	0.460	0.221	0.079	0.024
32.100	1.024	0.734	0.318	0.005	0.000	0.697	0.083	0.000	0.538	0.000	0.675	0.193	0.001	0.608	0.000	0.744	0.270	0.000	0.941	0.676	0.458	0.223	0.079	0.026
32.200	1.024	0.735	0.318	0.007	0.000	0.699	0.085	0.000	0.540	0.000	0.675	0.193	0.001	0.609	0.000	0.743	0.271	0.000	0.944	0.676	0.459	0.223	0.079	0.026
32.300	1.023	0.737	0.319	0.005	0.000	0.698	0.085	0.000	0.540	0.000	0.676	0.194	0.002	0.610	0.000	0.744	0.272	0.000	0.944	0.677	0.460	0.223	0.081	0.026
32.400	1.024	0.737	0.321	0.005	0.000	0.700	0.088	0.000	0.540	0.000	0.677	0.196	0.001	0.609	0.000	0.744	0.272	0.000	0.945	0.676	0.461	0.223	0.081	0.027
32.500	1.024	0.736	0.322	0.007	0.000	0.700	0.090	0.000	0.542	0.000	0.678	0.197	0.001	0.610	0.000	0.745	0.273	0.000	0.944	0.678	0.461	0.226	0.083	0.027
32.600	1.024	0.738	0.324	0.005	0.000	0.698	0.089	0.000	0.544	0.000	0.677	0.198	0.002	0.610	0.000	0.745	0.276	0.000	0.945	0.679	0.461	0.225	0.083	0.028
32.700	1.023	0.738	0.324	0.005	0.000	0.701	0.093	0.000	0.546	0.000	0.678	0.201	0.001	0.610	0.000	0.745	0.275	0.001	0.945	0.679	0.461	0.226	0.084	0.028
32.800	1.025	0.738	0.324	0.007	0.000	0.702	0.092	0.000	0.547	0.000	0.679	0.200	0.000	0.612	0.000	0.747	0.276	0.000	0.946	0.681	0.465	0.226	0.084	0.028
32.900	1.024	0.738	0.326	0.005	0.000	0.701	0.093	0.000	0.546	0.000	0.680	0.202	0.001	0.613	0.000	0.747	0.278	0.000	0.945	0.681	0.465	0.228	0.084	0.031
33.000	1.026	0.739	0.326	0.007	0.000	0.702	0.095	0.000	0.547	0.000	0.681	0.204	0.001	0.612	0.000	0.747	0.278	0.000	0.945	0.682	0.464	0.229	0.085	0.030
33.100	1.025	0.740	0.326	0.006	0.000	0.705	0.095	0.000	0.548	0.000	0.682	0.203	0.001	0.614	0.000	0.748	0.279	0.000	0.945	0.683	0.465	0.229	0.083	0.028
33.200	1.024	0.741	0.328	0.010	0.000	0.704	0.098	0.000	0.547	0.000	0.683	0.204	0.002	0.613	0.000	0.747	0.279	0.000	0.946	0.682	0.466	0.229	0.086	0.030
33.300	1.026	0.739	0.328	0.012	0.000	0.703	0.099	0.000	0.550	0.000	0.683	0.206	0.001	0.614	0.000	0.748	0.281	0.000	0.945	0.683	0.467	0.229	0.086	0.028
33.400	1.026	0.741	0.329	0.012	0.000	0.705	0.099	0.000	0.549	0.000	0.682	0.208	0.001	0.614	0.000	0.746	0.282	0.000	0.945	0.682	0.466	0.229	0.086	0.031
33.500	1.025	0.741	0.330	0.012	0.000	0.706	0.102	0.000	0.549	0.000	0.685	0.208	0.001	0.616	0.000	0.749	0.282	0.000	0.945	0.682	0.465	0.229	0.085	0.031
33.600	1.027	0.741	0.330	0.015	0.000	0.705	0.104	0.000	0.551	0.000	0.685	0.208	0.002	0.615	0.000	0.748	0.282	0.000	0.946	0.684	0.467	0.229	0.087	0.031
33.700	1.026	0.744	0.333	0.014	0.000	0.706	0.105	0.000	0.550	0.000	0.683	0.212	0.001	0.616	0.000	0.750	0.284	0.000	0.945	0.683	0.468	0.229	0.087	0.032
33.800	1.026	0.743	0.332	0.015	0.000	0.703	0.105	0.000	0.552	0.000	0.683	0.213	0.002	0.618	0.000	0.750	0.284	0.000	0.945	0.683	0.468	0.227	0.086	0.031
33.900	1.026	0.744	0.333	0.016	0.000	0.706	0.107	0.000	0.552	0.000	0.685	0.214	0.003	0.617	0.000	0.751	0.283	0.000	0.945	0.684	0.468	0.228	0.087	0.033
34.000	1.026	0.743	0.334	0.016	0.000	0.708	0.108	0.000	0.554	0.000	0.686	0.214	0.001	0.618	0.000	0.751	0.285	0.000	0.947	0.683	0.469	0.229	0.086	0.032
34.100	1.025	0.744	0.335	0.018	0.000	0.709	0.110	0.000	0.555	0.000	0.686	0.215	0.002	0.618	0.000	0.751	0.285	0.000	0.948	0.684	0.467	0.227	0.088	0.031
34.200	1.027	0.744	0.335	0.017	0.000	0.706	0.110	0.000	0.555	0.000	0.686	0.215	0.002	0.620	0.000	0.750	0.288	0.000	0.946	0.685	0.470	0.226	0.089	0.033
34.300	1.026	0.746	0.336	0.017	0.000	0.708	0.112	0.000	0.555	0.000	0.686	0.218	0.002	0.620	0.000	0.751	0.288	0.000	0.947	0.686	0.470	0.228	0.089	0.032
34.400	1.026	0.746	0.340	0.019	0.000	0.709	0.113	0.000	0.556	0.000	0.686	0.219	0.002	0.620	0.000	0.751	0.288	0.000	0.948	0.686	0.471	0.227	0.088	0.033
34.500	1.027	0.745	0.340	0.020	0.000	0.710	0.116	0.000	0.557	0.000	0.688	0.220	0.001	0.621	0.000	0.754	0.290	0.000	0.946	0.687	0.471	0.227	0.088	0.034
34.600	1.026	0.748	0.342	0.021	0.000	0.710	0.116	0.000	0.558	0.000	0.688	0.222	0.001	0.620	0.000	0.754	0.291	0.000	0.947	0.687	0.472	0.226	0.089	0.034
34.700	1.026	0.746	0.342	0.022	0.000	0.710	0.116	0.000	0.559	0.000	0.688	0.222	0.001	0.621	0.000	0.755	0.292	0.000	0.948	0.688	0.475	0.228	0.090	0.033
34.800	1.026	0.747	0.341	0.021	0.000	0.710	0.119	0.000	0.559	0.000	0.690	0.223	0.001	0.622	0.000	0.755	0.294	0.000	0.947	0.689	0.475	0.228	0.089	0.034
34.900	1.026	0.748	0.343	0.023	0.000	0.711	0.121	0.000	0.559	0.000	0.690	0.225	0.002	0.623	0.000	0.755	0.294	0.000	0.948	0.690	0.475	0.228	0.088	0.035
35.000	1.027	0.746	0.343	0.024	0.000	0.710	0.122	0.000	0.561	0.000	0.690	0.224	0.001	0.623	0.000	0.755	0.294	0.000	0.948	0.690	0.478	0.228	0.089	0.034
35.100	1.026	0.748	0.344	0.026	0.000	0.712	0.124	0.000	0.562	0.000	0.692	0.228	0.001	0.624	0.000	0.757	0.294	0.000	0.949	0.692	0.481	0.225	0.088	0.034
35.200	1.026	0.748	0.344	0.026	0.000	0.714	0.124	0.000	0.562	0.000	0.692	0.227	0.001	0.625	0.000	0.757	0.296	0.000	0.949	0.695	0.489	0.223	0.089	0.036
35.300	1.026	0.750	0.347	0.025	0.000	0.712	0.127	0.000	0.563	0.000	0.692	0.230	0.001	0.628	0.000	0.760	0.299	0.000	0.950	0.705	0.507	0.210	0.084	0.035
35.400	1.026	0.750	0.346	0.027	0.000	0.714	0.127	0.000	0.563	0.000	0.693	0.230	0.000	0.628	0.000	0.761	0.300	0.000	0.949	0.703	0.502	0.214	0.085	0.034
35.500	1.026	0.749	0.349	0.027	0.000	0.715	0.126	0.000	0.565	0.000	0.693	0.233	0.000	0.629	0.000	0.760	0.300	0.000	0.951	0.707	0.511	0.210	0.085	0.035
35.600	1.026	0.750	0.349	0.030	0.000	0.713	0.129	0.000	0.564	0.000	0.693	0.232	0.001	0.629	0.000	0.758	0.301	0.000	0.948	0.698	0.487	0.225	0.088	0.037
35.700	1.026	0.750	0.349	0.030	0.000	0.714	0.129	0.000	0.567	0.000	0.694	0.234	0.001	0.627	0.000	0.758	0.301	0.000	0.950	0.695	0.482	0.231	0.092	0.038
35.800	1.026	0.751	0.349	0.030	0.000	0.715	0.131	0.000	0.565	0.000	0.695	0.234	0.001	0.628	0.000	0.758	0.301	0.000	0.949	0.695	0.484	0.233	0.095	0.039
35.900	1.026	0.752	0.350	0.031	0.000	0.715	0.132	0.000	0.566	0.000	0.695	0.236	0.001	0.629	0.000	0.758	0.304	0.000	0.949	0.694	0.484	0.233	0.096	0.039
36.000	1.026	0.752	0.351	0.031	0.000	0.717	0.133	0.000	0.566	0.000	0.695	0.236	0.001	0.630	0.003	0.758	0.305	0.000	0.949	0.695	0.486	0.237	0.096	0.040
36.100	1.026	0.752	0.352	0.034	0.000	0.717	0.135	0.000	0.568	0.000	0.696	0.239	0.001	0.631	0.004	0.758	0.305	0.000	0.948	0.695	0.487	0.237	0.096	0.041
36.200	1.027	0.752	0.353	0.034	0.000	0.718	0.137	0.000	0.569	0.000	0.696	0.239	0.000	0.630	0.006	0.760	0.305	0.000	0.950	0.695	0.486	0.236	0.096	0.041
36.300	1.026	0.753	0.354	0.035	0.000	0.717	0.138	0.000	0.569	0.000	0.697	0.241	0.001	0.631	0.005	0.760	0.308	0.000	0.948	0.697	0.489	0.236	0.096	0.041
36.400	1.027	0.752	0.355	0.038	0.000	0.717	0.139	0.000	0.570	0.000	0.696	0.242	0.000	0.631	0.008	0.760	0.309	0.001	0.948	0.697	0.487	0.237	0.099	0.041
36.500	1.026	0.754	0.356	0.038	0.000	0.719	0.141	0.000	0.570	0.000	0.699	0.242	0.001	0.632	0.010	0.760	0.309	0.000	0.949	0.698	0.489	0.240	0.099	0.042
36.600	1.028	0.754	0.357	0.040	0.000	0.718	0.140	0.000	0.571	0.000	0.698	0.245	0.000	0.633	0.012	0.761	0.310	0.000	0.948	0.699	0.491	0.239	0.098	0.042
36.700	1.028	0.754	0.359	0.039	0.000	0.719	0.143	0.000	0.574	0.000	0.698	0.246	0.001	0.633	0.014	0.760	0.313	0.000	0.949	0.699	0.490	0.239	0.099	0.042
36.800	1.027	0.754	0.359	0.041	0.000	0.721	0.143	0.000	0.572	0.000	0.699	0.248	0.003	0.634	0.016	0.760	0.312	0.000	0.950	0.700	0.492	0.240	0.102	0.042
36.900	1.026	0.756	0.359	0.041	0.000	0.719	0.145	0.000	0.574	0.000	0.699	0.248	0.001	0.633	0.017	0.761	0.314	0.000	0.950	0.700	0.491	0.240	0.100	0.042
37.000	1.028	0.755	0.360	0.041	0.000	0.720	0.146	0.000	0.574	0.000	0.700	0.249	0.001	0.634	0.018	0.762	0.313	0.000	0.952	0.700	0.490	0.240	0.099	0.041
37.100	1.026	0.754	0.360	0.043	0.000	0.719	0.146	0.000	0.575	0.000	0.701	0.249	0.001	0.635	0.019	0.763	0.314	0.000	0.950	0.703	0.496	0.239	0.099	0.041
37.200	1.028	0.756	0.362	0.043	0.000	0.720	0.147	0.000	0.576	0.000	0.701	0.252	0.002	0.638	0.020	0.765	0.316	0.000	0.953	0.710	0.508	0.229	0.098	0.040
37.300	1.026	0.757	0.362	0.045	0.000	0.720	0.148	0.000	0.575	0.000	0.703	0.251	0.003	0.639	0.023	0.767	0.318	0.000	0.954	0.714	0.523	0.221	0.098	0.040
37.400	1.028	0.757	0.364	0.046	0.000	0.722	0.149	0.000	0.577	0.000	0.703	0.255	0.001	0.641	0.023	0.770	0.321	0.000	0.954	0.717	0.526	0.220	0.096	0.038
37.500	1.027	0.759	0.363	0.046	0.000	0.722	0.150	0.000	0.577	0.000	0.702	0.255	0.000	0.639	0.024	0.763	0.318	0.000	0.952	0.703	0.495	0.242	0.103	0.039
37.600	1.028	0.757	0.364	0.047	0.000	0.722	0.150	0.000	0.577	0.000	0.703	0.252	0.001	0.638	0.026	0.765	0.320	0.000	0.951	0.703	0.494	0.244	0.105	0.039
37.700	1.026	0.758	0.365	0.047	0.000	0.722	0.152	0.000	0.577	0.000	0.705	0.255	0.002	0.637	0.026	0.765	0.319	0.000	0.952	0.700	0.490	0.248	0.107	0.041
37.800	1.026	0.758	0.366	0.049	0.000	0.722	0.153	0.000	0.577	0.000	0.703	0.255	0.001	0.638	0.027	0.762	0.319	0.000	0.950	0.700	0.487	0.251	0.108	0.040
37.900	1.027	0.758	0.367	0.050	0.000	0.724	0.153	0.000	0.579	0.000	0.703	0.257	0.001	0.638	0.029	0.762	0.321	0.000	0.950	0.700	0.487	0.252	0.106	0.041
38.000	1.026	0.758	0.367	0.051	0.000	0.725	0.156	0.000	0.579	0.000	0.705	0.258	0.001	0.638	0.029	0.765	0.321	0.000	0.950	0.701	0.487	0.252	0.108	0.042
38.100	1.027	0.759	0.367	0.052	0.000	0.725	0.157	0.000	0.581	0.000	0.705	0.258	0.001	0.638	0.030	0.765	0.321	0.000	0.949	0.701	0.486	0.253	0.109	0.042
38.200	1.027	0.760	0.369	0.052	0.000	0.725	0.157	0.000	0.581	0.000	0.705	0.259	0.002	0.639	0.031	0.764	0.323	0.000	0.952	0.700	0.488	0.256	0.109	0.042
38.300	1.028	0.760	0.370	0.054	0.000	0.726	0.158	0.000	0.581	0.000	0.706	0.259	0.001	0.640	0.032	0.764	0.322	0.000	0.952	0.701	0.486	0.256	0.110	0.042
38.400	1.026	0.759	0.370	0.054	0.000	0.725	0.160	0.000	0.582	0.000	0.705	0.260	0.001	0.638	0.033	0.764	0.323	0.000	0.951	0.701	0.488	0.258	0.110	0.043
38.500	1.028	0.762	0.372	0.055	0.000	0.726	0.161	0.000	0.582	0.000	0.707	0.262	0.002	0.641	0.033	0.764	0.324	0.001	0.952	0.701	0.487	0.258	0.111	0.043
38.600	1.028	0.762	0.372	0.056	0.000	0.727	0.162	0.000	0.584	0.000	0.707	0.264	0.003	0.640	0.037	0.765	0.324	0.000	0.951	0.702	0.487	0.258	0.110	0.042
38.700	1.028	0.763	0.372	0.057	0.000	0.725	0.163	0.000	0.584	0.000	0.707	0.265	0.001	0.641	0.039	0.766	0.326	0.000	0.951	0.701	0.488	0.261	0.110	0.043
38.800	1.027	0.761	0.374	0.059	0.000	0.728	0.164	0.000	0.584	0.000	0.707	0.265	0.001	0.641	0.040	0.765	0.327	0.000	0.951	0.703	0.487	0.261	0.112	0.044
38.900	1.026	0.762	0.374	0.059	0.000	0.728	0.165	0.000	0.582	0.000	0.708	0.266	0.001	0.642	0.042	0.766	0.326	0.000	0.950	0.702	0.488	0.259	0.114	0.045
39.000	1.026	0.763	0.374	0.059	0.000	0.728	0.167	0.000	0.585	0.000	0.709	0.267	0.001	0.643	0.042	0.765	0.327	0.000	0.951	0.703	0.488	0.262	0.115	0.045
39.100	1.026	0.763	0.378	0.062	0.000	0.729	0.167	0.000	0.587	0.000	0.709	0.268	0.001	0.644	0.042	0.765	0.330	0.000	0.952	0.703	0.489	0.262	0.116	0.044
39.200	1.028	0.762	0.379	0.061	0.000	0.731	0.168	0.000	0.587	0.000	0.709	0.269	0.001	0.643	0.044	0.766	0.330	0.000	0.952	0.704	0.490	0.262	0.115	0.044
39.300	1.027	0.764	0.378	0.063	0.000	0.729	0.170	0.000	0.588	0.000	0.709	0.269	0.002	0.644	0.043	0.768	0.329	0.000	0.951	0.704	0.491	0.261	0.115	0.044
39.400	1.026	0.764	0.381	0.065	0.000	0.729	0.171	0.000	0.588	0.000	0.710	0.271	0.001	0.645	0.045	0.766	0.331	0.000	0.952	0.705	0.489	0.262	0.115	0.045
39.500	1.028	0.765	0.379	0.065	0.000	0.730	0.173	0.000	0.588	0.000	0.710	0.273	0.001	0.643	0.047	0.766	0.331	0.000	0.951	0.704	0.489	0.262	0.115	0.046
39.600	1.026	0.765	0.381	0.067	0.000	0.732	0.174	0.000	0.589	0.000	0.710	0.274	0.001	0.644	0.048	0.767	0.332	0.001	0.950	0.703	0.489	0.266	0.117	0.046
39.700	1.027	0.767	0.381	0.067	0.000	0.732	0.175	0.000	0.588	0.000	0.712	0.274	0.002	0.645	0.048	0.767	0.334	0.000	0.950	0.703	0.487	0.263	0.117	0.045
39.800	1.027	0.767	0.383	0.068	0.000	0.731	0.175	0.000	0.589	0.000	0.712	0.276	0.001	0.645	0.049	0.769	0.333	0.001	0.951	0.706	0.490	0.267	0.117	0.045
39.900	1.028	0.766	0.383	0.069	0.000	0.732	0.176	0.000	0.591	0.000	0.711	0.275	0.001	0.646	0.050	0.769	0.334	0.000	0.953	0.708	0.491	0.265	0.117	0.047
40.000	1.027	0.767	0.386	0.070	0.000	0.733	0.178	0.000	0.592	0.000	0.712	0.277	0.002	0.647	0.052	0.768	0.337	0.000	0.952	0.707	0.491	0.265	0.119	0.046
40.100	1.028	0.767	0.388	0.071	0.000	0.733	0.179	0.000	0.593	0.000	0.712	0.277	0.001	0.647	0.053	0.767	0.336	0.000	0.951	0.709	0.493	0.265	0.119	0.049
40.200	1.028	0.767	0.387	0.072	0.000	0.734	0.180	0.000	0.593	0.000	0.712	0.280	0.000	0.649	0.055	0.770	0.337	0.000	0.952	0.708	0.493	0.266	0.118	0.048
40.300	1.028	0.767	0.388	0.073	0.000	0.735	0.181	0.000	0.594	0.000	0.712	0.280	0.001	0.648	0.056	0.770	0.337	0.000	0.953	0.709	0.495	0.265	0.119	0.048
40.400	1.028	0.768	0.388	0.073	0.000	0.734	0.183	0.000	0.594	0.000	0.714	0.280	0.002	0.649	0.056	0.770	0.340	0.000	0.951	0.708	0.495	0.265	0.120	0.048
40.500	1.028	0.768	0.388	0.077	0.000	0.735	0.185	0.000	0.594	0.000	0.714	0.281	0.001	0.649	0.057	0.771	0.338	0.000	0.952	0.709	0.492	0.266	0.121	0.047
40.600	1.026	0.767	0.390	0.077	0.000	0.734	0.185	0.000	0.595	0.000	0.714	0.282	0.001	0.649	0.059	0.770	0.338	0.000	0.950	0.708	0.495	0.267	0.121	0.048
40.700	1.027	0.768	0.389	0.078	0.000	0.735	0.187	0.000	0.597	0.000	0.715	0.285	0.001	0.650	0.060	0.770	0.339	0.000	0.952	0.709	0.493	0.267	0.122	0.050
40.800	1.027	0.769	0.392	0.080	0.000	0.736	0.189	0.000	0.597	0.000	0.717	0.287	0.000	0.649	0.059	0.770	0.338	0.000	0.952	0.709	0.494	0.267	0.124	0.050
40.900	1.026	0.770	0.393	0.081	0.000	0.735	0.188	0.000	0.598	0.000	0.715	0.287	0.002	0.650	0.060	0.770	0.340	0.000	0.950	0.710	0.491	0.266	0.124	0.050
41.000	1.026	0.770	0.393	0.081	0.000	0.735	0.190	0.000	0.598	0.000	0.716	0.287	0.001	0.651	0.061	0.770	0.340	0.000	0.953	0.707	0.491	0.268	0.124	0.049
41.100	1.028	0.771	0.394	0.082	0.000	0.736	0.190	0.000	0.598	0.000	0.717	0.288	0.002	0.650	0.062	0.770	0.341	0.000	0.954	0.709	0.493	0.268	0.125	0.050
41.200	1.028	0.771	0.394	0.084	0.000	0.737	0.192	0.000	0.598	0.000	0.717	0.288	0.004	0.652	0.064	0.772	0.342	0.000	0.950	0.709	0.492	0.271	0.126	0.050
41.300	1.028	0.770	0.396	0.083	0.000	0.739	0.194	0.000	0.599	0.000	0.717	0.290	0.000	0.652	0.066	0.772	0.343	0.001	0.952	0.710	0.495	0.271	0.125	0.048
41.400	1.029	0.771	0.393	0.084	0.000	0.738	0.194	0.000	0.599	0.000	0.718	0.291	0.001	0.653	0.067	0.774	0.345	0.000	0.952	0.710	0.494	0.271	0.126	0.050
41.500	1.027	0.771	0.395	0.084	0.000	0.738	0.194	0.000	0.600	0.000	0.718	0.292	0.001	0.653	0.068	0.772	0.345	0.000	0.952	0.710	0.495	0.271	0.127	0.050
41.600	1.028	0.771	0.395	0.085	0.000	0.738	0.196	0.000	0.601	0.000	0.717	0.293	0.001	0.652	0.068	0.774	0.345	0.000	0.952	0.708	0.494	0.273	0.127	0.050
41.700	1.028	0.771	0.398	0.088	0.000	0.739	0.197	0.000	0.601	0.000	0.718	0.293	0.001	0.654	0.070	0.774	0.346	0.000	0.952	0.710	0.496	0.278	0.125	0.052
41.800	1.028	0.773	0.400	0.089	0.000	0.739	0.196	0.000	0.602	0.000	0.719	0.294	0.004	0.654	0.070	0.774	0.349	0.000	0.953	0.710	0.498	0.278	0.127	0.051
41.900	1.028	0.774	0.400	0.089	0.000	0.739	0.199	0.000	0.602	0.000	0.720	0.295	0.001	0.655	0.072	0.774	0.349	0.000	0.954	0.710	0.497	0.277	0.128	0.050
42.000	1.028	0.774	0.401	0.089	0.000	0.739	0.201	0.000	0.602	0.000	0.719	0.297	0.001	0.654	0.072	0.775	0.349	0.000	0.951	0.712	0.497	0.276	0.128	0.050
42.100	1.029	0.775	0.401	0.092	0.000	0.739	0.201	0.000	0.602	0.000	0.722	0.297	0.001	0.657	0.076	0.775	0.350	0.000	0.953	0.714	0.496	0.278	0.129	0.051
42.200	1.028	0.775	0.403	0.092	0.000	0.741	0.201	0.000	0.604	0.000	0.721	0.297	0.001	0.656	0.076	0.776	0.351	0.001	0.953	0.712	0.498	0.278	0.130	0.051
42.300	1.028	0.775	0.402	0.092	0.000	0.741	0.203	0.000	0.602	0.000	0.720	0.298	0.001	0.656	0.074	0.777	0.350	0.004	0.952	0.712	0.497	0.278	0.129	0.051
42.400	1.030	0.775	0.403	0.093	0.000	0.741	0.203	0.000	0.604	0.000	0.721	0.300	0.002	0.657	0.078	0.775	0.351	0.004	0.954	0.713	0.497	0.279	0.129	0.052
42.500	1.029	0.775	0.403	0.093	0.000	0.743	0.204	0.000	0.606	0.000	0.722	0.299	0.001	0.655	0.076	0.775	0.351	0.005	0.953	0.712	0.501	0.278	0.131	0.053
42.600	1.029	0.775	0.405	0.096	0.000	0.741	0.204	0.000	0.606	0.000	0.722	0.301	0.001	0.658	0.078	0.777	0.352	0.005	0.954	0.713	0.499	0.280	0.132	0.053
42.700	1.029	0.775	0.405	0.098	0.000	0.744	0.206	0.000	0.606	0.000	0.723	0.304	0.003	0.657	0.080	0.777	0.353	0.007	0.954	0.715	0.500	0.280	0.132	0.054
42.800	1.029	0.775	0.408	0.098	0.000	0.743	0.208	0.000	0.607	0.000	0.723	0.304	0.002	0.659	0.080	0.776	0.354	0.010	0.955	0.714	0.500	0.279	0.132	0.053
42.900	1.029	0.777	0.406	0.097	0.000	0.744	0.209	0.000	0.608	0.000	0.724	0.304	0.001	0.657	0.081	0.777	0.353	0.009	0.954	0.715	0.501	0.280	0.132	0.053
43.000	1.030	0.778	0.408	0.100	0.000	0.744	0.210	0.000	0.607	0.000	0.724	0.307	0.002	0.658	0.083	0.777	0.356	0.009	0.954	0.714	0.501	0.280	0.133	0.053
43.100	1.028	0.779	0.409	0.102	0.000	0.744	0.210	0.000	0.609	0.000	0.725	0.306	0.002	0.659	0.083	0.777	0.356	0.010	0.956	0.715	0.502	0.280	0.137	0.053
43.200	1.029	0.779	0.409	0.103	0.000	0.744	0.211	0.000	0.609	0.000	0.724	0.307	0.001	0.660	0.084	0.779	0.356	0.011	0.956	0.716	0.502	0.281	0.136	0.053
43.300	1.030	0.779	0.410	0.104	0.000	0.744	0.213	0.000	0.611	0.000	0.726	0.307	0.001	0.660	0.084	0.779	0.357	0.013	0.954	0.715	0.502	0.282	0.137	0.055
43.400	1.029	0.779	0.412	0.105	0.000	0.745	0.214	0.000	0.610	0.000	0.725	0.309	0.001	0.660	0.085	0.779	0.358	0.013	0.955	0.715	0.502	0.284	0.137	0.055
43.500	1.029	0.779	0.413	0.105	0.000	0.745	0.216	0.000	0.611	0.000	0.728	0.309	0.001	0.660	0.088	0.778	0.357	0.013	0.955	0.717	0.503	0.283	0.137	0.055
43.600	1.031	0.779	0.413	0.106	0.000	0.746	0.218	0.000	0.612	0.000	0.725	0.313	0.001	0.661	0.088	0.779	0.359	0.016	0.954	0.718	0.501	0.283	0.138	0.056
43.700	1.028	0.777	0.414	0.107	0.000	0.746	0.217	0.000	0.613	0.000	0.728	0.314	0.000	0.661	0.088	0.779	0.357	0.015	0.956	0.715	0.506	0.283	0.138	0.056
43.800	1.029	0.781	0.414	0.108	0.000	0.747	0.220	0.000	0.613	0.000	0.728	0.314	0.002	0.663	0.089	0.779	0.359	0.017	0.956	0.716	0.504	0.285	0.140	0.056
43.900	1.029	0.781	0.415	0.108	0.000	0.747	0.221	0.000	0.615	0.000	0.729	0.315	0.001	0.663	0.089	0.779	0.360	0.017	0.955	0.717	0.506	0.285	0.141	0.056
44.000	1.028	0.782	0.416	0.110	0.000	0.748	0.221	0.000	0.616	0.000	0.728	0.315	0.002	0.664	0.091	0.779	0.362	0.017	0.955	0.716	0.503	0.284	0.139	0.058
44.100	1.029	0.781	0.417	0.112	0.000	0.748	0.221	0.000	0.614	0.000	0.728	0.316	0.001	0.663	0.092	0.781	0.359	0.018	0.954	0.717	0.504	0.284	0.138	0.058
44.200	1.029	0.782	0.418	0.112	0.000	0.748	0.223	0.000	0.616	0.000	0.729	0.318	0.002	0.663	0.093	0.781	0.360	0.020	0.955	0.718	0.504	0.284	0.139	0.059
44.300	1.029	0.782	0.418	0.113	0.000	0.748	0.224	0.000	0.616	0.000	0.729	0.318	0.001	0.665	0.095	0.779	0.360	0.020	0.953	0.717	0.504	0.284	0.138	0.059
44.400	1.029	0.782	0.420	0.115	0.000	0.749	0.225	0.000	0.616	0.000	0.729	0.318	0.002	0.664	0.094	0.781	0.362	0.022	0.956	0.717	0.504	0.285	0.141	0.059
44.500	1.029	0.782	0.421	0.117	0.000	0.750	0.227	0.000	0.617	0.000	0.729	0.321	0.001	0.663	0.095	0.781	0.362	0.023	0.957	0.719	0.504	0.286	0.140	0.060
44.600	1.029	0.781	0.421	0.115	0.000	0.748	0.226	0.000	0.617	0.000	0.731	0.321	0.001	0.665	0.095	0.780	0.364	0.023	0.954	0.717	0.504	0.285	0.141	0.060
44.700	1.029	0.783	0.423	0.117	0.000	0.750	0.228	0.000	0.617	0.000	0.731	0.322	0.001	0.663	0.097	0.781	0.365	0.026	0.956	0.719	0.504	0.285	0.141	0.060
44.800	1.029	0.783	0.422	0.118	0.000	0.750	0.229	0.000	0.619	0.000	0.731	0.323	0.001	0.666	0.099	0.782	0.364	0.028	0.956	0.720	0.508	0.285	0.143	0.061
44.900	1.031	0.784	0.424	0.119	0.000	0.752	0.230	0.000	0.620	0.000	0.731	0.324	0.001	0.666	0.099	0.782	0.366	0.028	0.955	0.720	0.511	0.290	0.147	0.064
45.000	1.028	0.784	0.425	0.121	0.000	0.751	0.231	0.000	0.620	0.000	0.732	0.325	0.002	0.667	0.101	0.782	0.367	0.028	0.956	0.722	0.512	0.293	0.152	0.070
45.100	1.029	0.784	0.428	0.123	0.000	0.751	0.233	0.000	0.622	0.000	0.733	0.328	0.003	0.667	0.103	0.782	0.366	0.029	0.956	0.721	0.508	0.288	0.147	0.070
45.200	1.030	0.784	0.426	0.124	0.000	0.751	0.233	0.000	0.621	0.000	0.732	0.327	0.001	0.667	0.102	0.783	0.367	0.030	0.956	0.721	0.508	0.288	0.143	0.067
45.300	1.029	0.784	0.429	0.123	0.000	0.752	0.234	0.000	0.621	0.000	0.734	0.327	0.001	0.667	0.103	0.783	0.367	0.031	0.956	0.719	0.506	0.286	0.142	0.064
45.400	1.029	0.785	0.429	0.124	0.000	0.752	0.235	0.000	0.621	0.000	0.732	0.329	0.001	0.667	0.104	0.783	0.366	0.030	0.955	0.720	0.508	0.285	0.140	0.063
45.500	1.029	0.786	0.428	0.126	0.000	0.753	0.237	0.000	0.622	0.000	0.734	0.328	0.000	0.667	0.103	0.782	0.366	0.031	0.957	0.719	0.504	0.282	0.138	0.060
45.600	1.029	0.786	0.429	0.128	0.000	0.754	0.237	0.000	0.623	0.000	0.733	0.329	0.001	0.667	0.106	0.781	0.367	0.032	0.956	0.719	0.504	0.284	0.137	0.060
45.700	1.029	0.787	0.429	0.128	0.000	0.755	0.239	0.000	0.623	0.000	0.734	0.328	0.001	0.666	0.106	0.782	0.367	0.033	0.957	0.719	0.504	0.284	0.140	0.059
45.800	1.029	0.785	0.430	0.128	0.000	0.754	0.240	0.000	0.623	0.000	0.733	0.330	0.001	0.669	0.107	0.782	0.367	0.033	0.957	0.719	0.506	0.284	0.136	0.059
45.900	1.030	0.786	0.430	0.131	0.000	0.755	0.240	0.000	0.623	0.000	0.734	0.331	0.003	0.669	0.108	0.784	0.368	0.034	0.956	0.721	0.507	0.285	0.139	0.059
46.000	1.030	0.789	0.433	0.132	0.000	0.755	0.240	0.000	0.625	0.000	0.736	0.333	0.001	0.670	0.106	0.784	0.370	0.034	0.957	0.721	0.508	0.285	0.138	0.059
46.100	1.029	0.788	0.432	0.132	0.000	0.755	0.242	0.000	0.626	0.000	0.736	0.333	0.001	0.670	0.107	0.782	0.370	0.035	0.956	0.721	0.506	0.285	0.139	0.059
46.200	1.030	0.786	0.433	0.135	0.000	0.755	0.244	0.000	0.625	0.000	0.736	0.334	0.002	0.670	0.108	0.785	0.370	0.037	0.957	0.722	0.508	0.288	0.138	0.058
46.300	1.030	0.788	0.433	0.136	0.000	0.756	0.244	0.000	0.626	0.000	0.735	0.333	0.000	0.670	0.108	0.784	0.371	0.038	0.957	0.722	0.508	0.285	0.139	0.058
46.400	1.032	0.789	0.434	0.137	0.000	0.757	0.244	0.000	0.626	0.000	0.736	0.335	0.001	0.671	0.110	0.785	0.370	0.038	0.956	0.721	0.507	0.285	0.139	0.057
46.500	1.029	0.789	0.434	0.136	0.000	0.755	0.246	0.000	0.628	0.000	0.735	0.334	0.001	0.673	0.110	0.785	0.371	0.040	0.956	0.722	0.509	0.284	0.138	0.056
46.600	1.029	0.788	0.436	0.138	0.000	0.757	0.248	0.000	0.628	0.000	0.737	0.338	0.001	0.672	0.112	0.785	0.370	0.040	0.956	0.722	0.508	0.285	0.138	0.057
46.700	1.029	0.791	0.438	0.140	0.000	0.758	0.247	0.000	0.627	0.000	0.738	0.337	0.001	0.672	0.114	0.784	0.370	0.040	0.956	0.722	0.508	0.284	0.138	0.057
46.800	1.029	0.790	0.436	0.141	0.000	0.757	0.248	0.000	0.628	0.000	0.736	0.338	0.002	0.671	0.113	0.785	0.370	0.043	0.956	0.721	0.508	0.284	0.138	0.055
46.900	1.030	0.791	0.438	0.142	0.000	0.757	0.249	0.000	0.629	0.000	0.736	0.340	0.003	0.673	0.114	0.786	0.372	0.043	0.955	0.724	0.508	0.284	0.137	0.056
47.000	1.029	0.790	0.439	0.144	0.000	0.758	0.252	0.000	0.630	0.000	0.737	0.340	0.001	0.673	0.114	0.786	0.373	0.043	0.957	0.722	0.509	0.285	0.139	0.056
47.100	1.031	0.790	0.441	0.144	0.000	0.758	0.252	0.000	0.631	0.000	0.738	0.341	0.002	0.674	0.114	0.786	0.373	0.044	0.957	0.723	0.510	0.284	0.138	0.056
47.200	1.029	0.792	0.441	0.146	0.000	0.760	0.253	0.000	0.630	0.000	0.738	0.341	0.001	0.673	0.115	0.787	0.374	0.045	0.957	0.723	0.509	0.284	0.136	0.056
47.300	1.029	0.791	0.442	0.146	0.000	0.759	0.255	0.000	0.631	0.000	0.739	0.343	0.003	0.675	0.115	0.787	0.375	0.048	0.956	0.723	0.510	0.285	0.139	0.055
47.400	1.031	0.793	0.443	0.148	0.000	0.759	0.255	0.000	0.633	0.000	0.738	0.342	0.001	0.674	0.117	0.786	0.374	0.048	0.957	0.722	0.510	0.285	0.139	0.054
47.500	1.029	0.791	0.442	0.148	0.000	0.759	0.256	0.000	0.633	0.002	0.738	0.344	0.000	0.676	0.118	0.788	0.375	0.050	0.958	0.724	0.510	0.285	0.140	0.056
47.600	1.029	0.793	0.445	0.148	0.000	0.760	0.257	0.000	0.633	0.003	0.741	0.345	0.001	0.675	0.117	0.787	0.377	0.049	0.956	0.724	0.512	0.286	0.139	0.055
47.700	1.031	0.792	0.445	0.150	0.000	0.760	0.258	0.000	0.634	0.005	0.740	0.345	0.001	0.674	0.121	0.787	0.377	0.051	0.956	0.724	0.511	0.287	0.141	0.056
47.800	1.029	0.792	0.445	0.152	0.000	0.761	0.259	0.000	0.634	0.004	0.739	0.347	0.003	0.674	0.119	0.786	0.376	0.051	0.957	0.726	0.511	0.287	0.139	0.055
47.900	1.028	0.794	0.446	0.154	0.000	0.762	0.260	0.000	0.636	0.007	0.743	0.346	0.002	0.675	0.121	0.787	0.378	0.051	0.957	0.725	0.513	0.285	0.139	0.055
48.000	1.029	0.793	0.447	0.154	0.000	0.761	0.261	0.000	0.635	0.009	0.741	0.347	0.001	0.676	0.121	0.787	0.378	0.052	0.959	0.725	0.513	0.285	0.141	0.055
48.100	1.030	0.794	0.448	0.157	0.000	0.761	0.262	0.000	0.635	0.010	0.741	0.350	0.001	0.678	0.122	0.788	0.379	0.055	0.958	0.726	0.515	0.287	0.143	0.057
48.200	1.029	0.793	0.448	0.157	0.000	0.762	0.262	0.000	0.637	0.012	0.743	0.349	0.001	0.677	0.122	0.789	0.381	0.053	0.959	0.726	0.517	0.286	0.142	0.059
48.300	1.029	0.794	0.449	0.158	0.000	0.761	0.263	0.000	0.637	0.013	0.741	0.352	0.001	0.676	0.123	0.787	0.379	0.055	0.958	0.725	0.513	0.284	0.139	0.059
48.400	1.029	0.794	0.450	0.160	0.000	0.763	0.265	0.000	0.637	0.014	0.741	0.350	0.001	0.676	0.123	0.789	0.379	0.055	0.959	0.727	0.515	0.284	0.138	0.057
48.500	1.029	0.794	0.449	0.161	0.000	0.762	0.265	0.000	0.637	0.015	0.743	0.352	0.003	0.676	0.123	0.788	0.379	0.057	0.959	0.726	0.515	0.284	0.139	0.056
48.600	1.029	0.794	0.451	0.160	0.000	0.764	0.266	0.000	0.637	0.016	0.744	0.350	0.000	0.679	0.124	0.789	0.381	0.057	0.958	0.726	0.515	0.284	0.139	0.056
48.700	1.029	0.796	0.451	0.161	0.000	0.764	0.267	0.000	0.638	0.019	0.745	0.352	0.001	0.678	0.125	0.791	0.381	0.058	0.958	0.728	0.516	0.285	0.139	0.057
48.800	1.031	0.797	0.452	0.163	0.000	0.764	0.267	0.000	0.638	0.020	0.745	0.354	0.001	0.679	0.125	0.790	0.379	0.057	0.957	0.728	0.514	0.285	0.138	0.057
48.900	1.029	0.796	0.452	0.165	0.000	0.765	0.268	0.000	0.640	0.019	0.745	0.354	0.002	0.678	0.126	0.790	0.381	0.060	0.957	0.726	0.514	0.285	0.139	0.057
49.000	1.029	0.796	0.453	0.165	0.000	0.766	0.272	0.000	0.640	0.021	0.746	0.356	0.002	0.677	0.126	0.791	0.381	0.060	0.957	0.728	0.514	0.285	0.139	0.057
49.100	1.029	0.797	0.456	0.167	0.000	0.765	0.271	0.000	0.640	0.021	0.745	0.356	0.003	0.678	0.128	0.790	0.381	0.059	0.957	0.728	0.515	0.284	0.141	0.056
49.200	1.030	0.798	0.457	0.166	0.000	0.765	0.273	0.000	0.640	0.023	0.745	0.356	0.002	0.678	0.128	0.790	0.383	0.060	0.959	0.726	0.515	0.285	0.139	0.057
49.300	1.031	0.797	0.455	0.168	0.000	0.767	0.273	0.000	0.643	0.024	0.744	0.357	0.001	0.679	0.129	0.789	0.383	0.060	0.959	0.726	0.516	0.287	0.139	0.057
49.400	1.029	0.798	0.456	0.170	0.000	0.766	0.275	0.000	0.641	0.026	0.746	0.359	0.001	0.680	0.130	0.790	0.384	0.062	0.958	0.727	0.515	0.287	0.141	0.055
49.500	1.031	0.798	0.459	0.171	0.000	0.768	0.275	0.000	0.641	0.027	0.745	0.359	0.000	0.679	0.129	0.791	0.383	0.062	0.957	0.728	0.514	0.287	0.141	0.056
49.600	1.030	0.798	0.458	0.173	0.000	0.767	0.275	0.000	0.641	0.030	0.746	0.359	0.003	0.681	0.132	0.790	0.383	0.062	0.957	0.728	0.515	0.286	0.141	0.057
49.700	1.032	0.798	0.460	0.173	0.000	0.768	0.276	0.000	0.641	0.031	0.746	0.360	0.003	0.679	0.131	0.790	0.383	0.063	0.957	0.728	0.516	0.286	0.140	0.056
49.800	1.030	0.800	0.460	0.177	0.000	0.768	0.279	0.000	0.643	0.034	0.746	0.361	0.001	0.679	0.132	0.791	0.385	0.064	0.958	0.727	0.515	0.288	0.140	0.055
49.900	1.030	0.800	0.461	0.178	0.000	0.768	0.279	0.000	0.645	0.034	0.746	0.362	0.003	0.681	0.132	0.792	0.386	0.066	0.958	0.728	0.517	0.288	0.141	0.055
50.000	1.030	0.801	0.463	0.179	0.000	0.768	0.281	0.000	0.644	0.037	0.748	0.361	0.002	0.680	0.132	0.790	0.385	0.066	0.958	0.729	0.517	0.288	0.142	0.055
50.100	1.030	0.799	0.460	0.181	0.000	0.768	0.281	0.000	0.644	0.037	0.748	0.362	0.007	0.683	0.134	0.790	0.385	0.067	0.957	0.730	0.519	0.289	0.142	0.056
50.200	1.030	0.803	0.463	0.181	0.000	0.768	0.282	0.000	0.645	0.038	0.748	0.364	0.009	0.683	0.135	0.792	0.386	0.067	0.959	0.729	0.520	0.288	0.143	0.056
50.300	1.031	0.800	0.465	0.183	0.000	0.768	0.284	0.000	0.646	0.040	0.749	0.365	0.010	0.683	0.134	0.791	0.387	0.068	0.957	0.729	0.520	0.288	0.142	0.056
50.400	1.031	0.801	0.464	0.184	0.000	0.770	0.284	0.000	0.647	0.043	0.750	0.366	0.012	0.682	0.136	0.792	0.387	0.068	0.958	0.731	0.520	0.285	0.143	0.056
50.500	1.031	0.803	0.465	0.184	0.000	0.770	0.285	0.000	0.645	0.043	0.750	0.367	0.013	0.683	0.135	0.791	0.388	0.069	0.959	0.729	0.520	0.288	0.144	0.056
50.600	1.031	0.803	0.468	0.185	0.000	0.770	0.287	0.000	0.647	0.044	0.749	0.366	0.013	0.682	0.138	0.792	0.388	0.071	0.959	0.729	0.519	0.288	0.143	0.056
50.700	1.031	0.803	0.468	0.187	0.000	0.771	0.288	0.000	0.648	0.045	0.750	0.367	0.015	0.682	0.139	0.792	0.387	0.070	0.959	0.731	0.519	0.288	0.144	0.056
50.800	1.031	0.803	0.470	0.187	0.000	0.772	0.288	0.000	0.648	0.047	0.749	0.367	0.016	0.685	0.140	0.793	0.388	0.072	0.960	0.732	0.520	0.288	0.144	0.056
50.900	1.031	0.806	0.469	0.189	0.000	0.772	0.289	0.000	0.650	0.048	0.749	0.370	0.019	0.684	0.141	0.793	0.389	0.071	0.958	0.731	0.522	0.290	0.144	0.057
51.000	1.031	0.805	0.470	0.191	0.000	0.774	0.290	0.000	0.649	0.051	0.750	0.370	0.020	0.685	0.141	0.794	0.390	0.073	0.959	0.731	0.522	0.291	0.144	0.057
51.100	1.031	0.804	0.472	0.191	0.000	0.773	0.292	0.000	0.651	0.049	0.751	0.369	0.020	0.686	0.141	0.794	0.392	0.073	0.959	0.732	0.524	0.291	0.143	0.057
51.200	1.029	0.806	0.472	0.193	0.000	0.772	0.294	0.000	0.650	0.052	0.751	0.373	0.021	0.685	0.143	0.795	0.392	0.074	0.959	0.733	0.523	0.289	0.144	0.057
51.300	1.031	0.806	0.472	0.193	0.000	0.773	0.294	0.000	0.651	0.052	0.752	0.373	0.023	0.685	0.142	0.795	0.391	0.075	0.960	0.734	0.524	0.290	0.143	0.059
51.400	1.031	0.804	0.472	0.194	0.000	0.773	0.295	0.000	0.652	0.056	0.751	0.373	0.025	0.686	0.143	0.795	0.392	0.074	0.958	0.733	0.527	0.291	0.146	0.057
51.500	1.032	0.805	0.475	0.195	0.000	0.774	0.295	0.000	0.652	0.057	0.751	0.374	0.026	0.686	0.142	0.795	0.393	0.078	0.959	0.732	0.526	0.289	0.144	0.059
51.600	1.031	0.806	0.475	0.197	0.000	0.775	0.295	0.000	0.652	0.057	0.751	0.375	0.026	0.687	0.144	0.796	0.393	0.078	0.959	0.732	0.527	0.290	0.144	0.057
51.700	1.032	0.805	0.475	0.198	0.000	0.775	0.297	0.000	0.653	0.057	0.752	0.374	0.027	0.687	0.146	0.796	0.393	0.078	0.960	0.735	0.526	0.290	0.144	0.058
51.800	1.031	0.806	0.474	0.198	0.000	0.775	0.297	0.000	0.654	0.060	0.753	0.377	0.028	0.686	0.144	0.796	0.393	0.079	0.960	0.733	0.525	0.291	0.144	0.057
51.900	1.031	0.806	0.477	0.200	0.000	0.774	0.298	0.000	0.653	0.059	0.752	0.377	0.031	0.688	0.146	0.797	0.395	0.078	0.959	0.732	0.527	0.290	0.145	0.059
52.000	1.032	0.808	0.479	0.203	0.000	0.776	0.299	0.000	0.655	0.061	0.754	0.378	0.031	0.686	0.146	0.796	0.394	0.079	0.958	0.733	0.526	0.290	0.146	0.057
52.100	1.031	0.808	0.479	0.201	0.000	0.775	0.302	0.000	0.656	0.064	0.754	0.378	0.032	0.687	0.146	0.795	0.395	0.079	0.960	0.734	0.529	0.289	0.146	0.057
52.200	1.032	0.808	0.480	0.204	0.000	0.776	0.301	0.000	0.655	0.065	0.754	0.378	0.032	0.689	0.147	0.797	0.395	0.079	0.960	0.736	0.533	0.288	0.145	0.057
52.300	1.031	0.808	0.480	0.206	0.000	0.776	0.302	0.000	0.657	0.066	0.754	0.379	0.033	0.690	0.148	0.796	0.395	0.081	0.961	0.734	0.527	0.291	0.146	0.059
52.400	1.032	0.809	0.480	0.204	0.000	0.777	0.303	0.000	0.656	0.066	0.755	0.381	0.035	0.690	0.148	0.796	0.396	0.081	0.960	0.735	0.529	0.291	0.145	0.059
52.500	1.031	0.810	0.482	0.208	0.000	0.775	0.305	0.000	0.657	0.069	0.755	0.381	0.034	0.688	0.150	0.797	0.398	0.082	0.961	0.734	0.530	0.291	0.146	0.059
52.600	1.031	0.808	0.480	0.208	0.000	0.778	0.302	0.000	0.658	0.070	0.755	0.381	0.037	0.690	0.150	0.797	0.396	0.083	0.960	0.734	0.529	0.294	0.148	0.059
52.700	1.032	0.808	0.481	0.209	0.000	0.777	0.305	0.000	0.657	0.072	0.755	0.382	0.038	0.689	0.152	0.798	0.398	0.085	0.961	0.735	0.530	0.292	0.149	0.059
52.800	1.032	0.810	0.485	0.209	0.000	0.777	0.307	0.000	0.660	0.071	0.757	0.383	0.038	0.690	0.151	0.799	0.398	0.085	0.960	0.736	0.532	0.291	0.149	0.061
52.900	1.029	0.809	0.484	0.210	0.000	0.779	0.308	0.000	0.659	0.074	0.755	0.383	0.038	0.692	0.152	0.797	0.399	0.085	0.961	0.736	0.529	0.294	0.150	0.060
53.000	1.032	0.811	0.485	0.213	0.000	0.778	0.307	0.000	0.658	0.074	0.757	0.382	0.040	0.693	0.153	0.797	0.400	0.088	0.963	0.736	0.532	0.293	0.150	0.062
53.100	1.031	0.810	0.486	0.215	0.000	0.779	0.309	0.000	0.659	0.075	0.757	0.385	0.040	0.692	0.153	0.799	0.401	0.088	0.962	0.737	0.536	0.292	0.150	0.062
53.200	1.032	0.810	0.486	0.214	0.000	0.780	0.311	0.000	0.660	0.076	0.757	0.386	0.042	0.691	0.154	0.798	0.402	0.089	0.960	0.735	0.531	0.296	0.151	0.064
53.300	1.031	0.811	0.487	0.215	0.000	0.779	0.311	0.000	0.661	0.078	0.758	0.387	0.043	0.692	0.158	0.799	0.401	0.089	0.960	0.736	0.532	0.296	0.152	0.064
53.400	1.031	0.810	0.488	0.216	0.000	0.779	0.313	0.000	0.659	0.078	0.757	0.387	0.044	0.693	0.159	0.800	0.402	0.088	0.961	0.738	0.532	0.294	0.151	0.064
53.500	1.030	0.811	0.487	0.216	0.000	0.782	0.313	0.000	0.663	0.079	0.758	0.387	0.044	0.692	0.159	0.799	0.402	0.090	0.962	0.736	0.533	0.294	0.151	0.066
53.600	1.032	0.813	0.489	0.220	0.000	0.780	0.314	0.000	0.660	0.081	0.758	0.389	0.048	0.693	0.159	0.799	0.401	0.089	0.961	0.736	0.533	0.293	0.150	0.063
53.700	1.031	0.811	0.489	0.220	0.000	0.781	0.314	0.000	0.663	0.081	0.758	0.389	0.047	0.694	0.158	0.800	0.403	0.091	0.961	0.738	0.534	0.292	0.148	0.062
53.800	1.031	0.812	0.489	0.221	0.000	0.782	0.316	0.000	0.663	0.085	0.758	0.388	0.048	0.695	0.159	0.801	0.403	0.090	0.962	0.743	0.540	0.288	0.146	0.062
53.900	1.031	0.812	0.489	0.223	0.000	0.782	0.316	0.000	0.663	0.085	0.760	0.389	0.049	0.696	0.159	0.803	0.403	0.091	0.964	0.747	0.557	0.277	0.144	0.060
54.000	1.031	0.813	0.492	0.223	0.000	0.783	0.318	0.000	0.663	0.087	0.761	0.393	0.050	0.698	0.159	0.806	0.405	0.090	0.966	0.754	0.573	0.268	0.139	0.060
54.100	1.031	0.813	0.493	0.223	0.000	0.784	0.319	0.000	0.665	0.088	0.761	0.392	0.050	0.699	0.160	0.806	0.407	0.090	0.966	0.756	0.576	0.263	0.137	0.057
54.200	1.032	0.814	0.492	0.225	0.000	0.783	0.320	0.000	0.665	0.089	0.761	0.395	0.052	0.702	0.161	0.808	0.408	0.089	0.966	0.761	0.582	0.259	0.137	0.056
54.300	1.032	0.815	0.493	0.225	0.000	0.784	0.320	0.000	0.666	0.091	0.764	0.395	0.053	0.702	0.160	0.810	0.409	0.091	0.968	0.764	0.591	0.255	0.132	0.056
54.400	1.032	0.815	0.493	0.225	0.000	0.785	0.321	0.000	0.666	0.092	0.764	0.396	0.053	0.703	0.162	0.809	0.409	0.092	0.969	0.764	0.589	0.253	0.132	0.056
54.500	1.032	0.815	0.494	0.227	0.000	0.784	0.321	0.000	0.667	0.092	0.761	0.396	0.054	0.703	0.161	0.808	0.407	0.092	0.967	0.763	0.584	0.259	0.135	0.057
54.600	1.032	0.815	0.496	0.230	0.000	0.786	0.323	0.000	0.667	0.096	0.764	0.397	0.056	0.702	0.162	0.808	0.409	0.094	0.968	0.760	0.583	0.261	0.136	0.056
54.700	1.032	0.815	0.497	0.229	0.000	0.786	0.324	0.000	0.667	0.095	0.765	0.398	0.056	0.702	0.164	0.808	0.410	0.093	0.967	0.760	0.580	0.265	0.138	0.057
54.800	1.031	0.815	0.496	0.230	0.000	0.786	0.326	0.000	0.668	0.096	0.764	0.398	0.057	0.702	0.162	0.809	0.412	0.095	0.966	0.759	0.578	0.266	0.139	0.058
54.900	1.031	0.814	0.496	0.232	0.000	0.786	0.326	0.000	0.669	0.099	0.764	0.399	0.059	0.703	0.166	0.808	0.411	0.095	0.967	0.757	0.573	0.272	0.141	0.057
55.000	1.030	0.815	0.500	0.234	0.000	0.787	0.326	0.000	0.669	0.099	0.764	0.400	0.059	0.703	0.165	0.807	0.412	0.096	0.966	0.757	0.573	0.271	0.142	0.056
55.100	1.032	0.817	0.497	0.234	0.000	0.787	0.327	0.000	0.670	0.099	0.764	0.400	0.059	0.703	0.167	0.807	0.412	0.097	0.966	0.757	0.572	0.273	0.143	0.057
55.200	1.032	0.817	0.500	0.235	0.000	0.787	0.329	0.000	0.669	0.102	0.765	0.400	0.061	0.704	0.167	0.809	0.412	0.097	0.966	0.757	0.571	0.275	0.144	0.057
55.300	1.032	0.815	0.501	0.235	0.000	0.787	0.327	0.002	0.670	0.104	0.765	0.402	0.062	0.701	0.166	0.806	0.414	0.099	0.966	0.755	0.570	0.278	0.146	0.056
55.400	1.031	0.817	0.501	0.237	0.000	0.787	0.329	0.004	0.671	0.106	0.765	0.404	0.062	0.702	0.167	0.807	0.414	0.098	0.967	0.755	0.568	0.280	0.145	0.058
55.500	1.031	0.817	0.503	0.239	0.000	0.789	0.332	0.004	0.670	0.107	0.765	0.403	0.062	0.702	0.168	0.808	0.414	0.100	0.967	0.755	0.567	0.283	0.147	0.057
55.600	1.032	0.819	0.504	0.240	0.000	0.790	0.331	0.007	0.672	0.108	0.765	0.403	0.064	0.703	0.170	0.807	0.414	0.102	0.966	0.754	0.565	0.282	0.150	0.059
55.700	1.032	0.817	0.506	0.241	0.000	0.787	0.333	0.009	0.673	0.109	0.766	0.403	0.064	0.703	0.170	0.807	0.415	0.102	0.966	0.755	0.565	0.284	0.148	0.058
55.800	1.031	0.819	0.505	0.241	0.000	0.789	0.334	0.011	0.673	0.110	0.767	0.405	0.066	0.703	0.170	0.809	0.413	0.102	0.967	0.755	0.566	0.280	0.148	0.059
55.900	1.032	0.820	0.506	0.242	0.000	0.789	0.335	0.012	0.674	0.113	0.767	0.407	0.066	0.704	0.170	0.807	0.413	0.102	0.966	0.755	0.567	0.282	0.149	0.059
56.000	1.031	0.820	0.507	0.246	0.000	0.790	0.337	0.013	0.676	0.115	0.766	0.407	0.067	0.703	0.171	0.808	0.415	0.102	0.966	0.756	0.568	0.280	0.150	0.059
56.100	1.031	0.818	0.506	0.248	0.000	0.791	0.337	0.016	0.675	0.115	0.768	0.407	0.069	0.705	0.173	0.808	0.414	0.103	0.965	0.753	0.565	0.284	0.150	0.059
56.200	1.031	0.819	0.508	0.246	0.000	0.791	0.338	0.017	0.675	0.116	0.767	0.407	0.069	0.703	0.174	0.808	0.415	0.105	0.965	0.751	0.561	0.288	0.153	0.058
56.300	1.032	0.820	0.507	0.246	0.000	0.791	0.339	0.019	0.676	0.117	0.767	0.409	0.071	0.703	0.175	0.808	0.417	0.105	0.964	0.752	0.561	0.288	0.153	0.061
56.400	1.032	0.819	0.508	0.249	0.000	0.791	0.339	0.021	0.676	0.117	0.767	0.408	0.072	0.702	0.174	0.808	0.417	0.105	0.964	0.753	0.564	0.285	0.151	0.060
56.500	1.031	0.819	0.508	0.249	0.000	0.792	0.340	0.023	0.676	0.119	0.767	0.409	0.073	0.705	0.175	0.809	0.417	0.106	0.966	0.755	0.567	0.284	0.151	0.060
56.600	1.032	0.820	0.510	0.250	0.000	0.791	0.340	0.025	0.677	0.121	0.768	0.410	0.073	0.705	0.175	0.810	0.418	0.107	0.967	0.757	0.572	0.280	0.151	0.060
56.700	1.031	0.822	0.510	0.251	0.000	0.793	0.343	0.024	0.676	0.121	0.769	0.410	0.073	0.707	0.175	0.810	0.418	0.107	0.967	0.758	0.572	0.281	0.149	0.060
56.800	1.032	0.822	0.511	0.254	0.000	0.791	0.343	0.028	0.677	0.124	0.770	0.410	0.074	0.705	0.177	0.809	0.417	0.108	0.964	0.750	0.556	0.292	0.153	0.060
56.900	1.032	0.820	0.510	0.252	0.000	0.793	0.343	0.027	0.677	0.124	0.768	0.412	0.075	0.702	0.177	0.806	0.417	0.110	0.965	0.747	0.548	0.299	0.158	0.061
57.000	1.032	0.823	0.512	0.255	0.000	0.793	0.344	0.030	0.678	0.126	0.767	0.411	0.077	0.705	0.179	0.807	0.415	0.110	0.964	0.745	0.546	0.301	0.158	0.062
57.100	1.031	0.822	0.512	0.256	0.000	0.791	0.345	0.032	0.678	0.125	0.769	0.411	0.077	0.704	0.177	0.806	0.417	0.110	0.963	0.748	0.549	0.302	0.158	0.062
57.200	1.031	0.822	0.513	0.257	0.000	0.794	0.346	0.033	0.679	0.128	0.768	0.414	0.079	0.705	0.179	0.806	0.418	0.111	0.965	0.748	0.550	0.303	0.159	0.062
57.300	1.032	0.823	0.514	0.257	0.000	0.792	0.346	0.034	0.679	0.127	0.768	0.415	0.079	0.704	0.181	0.808	0.418	0.111	0.965	0.747	0.550	0.305	0.158	0.063
57.400	1.032	0.822	0.515	0.257	0.000	0.793	0.347	0.037	0.678	0.129	0.768	0.415	0.079	0.703	0.182	0.807	0.419	0.112	0.965	0.750	0.549	0.306	0.158	0.064
57.500	1.032	0.823	0.514	0.259	0.000	0.792	0.347	0.039	0.680	0.129	0.768	0.414	0.081	0.704	0.183	0.807	0.419	0.112	0.963	0.745	0.546	0.309	0.159	0.063
57.600	1.031	0.822	0.515	0.261	0.000	0.793	0.349	0.039	0.679	0.131	0.769	0.415	0.082	0.704	0.182	0.808	0.419	0.115	0.964	0.743	0.544	0.310	0.160	0.064
57.700	1.031	0.823	0.515	0.262	0.000	0.794	0.350	0.040	0.680	0.133	0.770	0.417	0.083	0.704	0.183	0.807	0.418	0.114	0.963	0.745	0.543	0.311	0.160	0.063
57.800	1.032	0.824	0.516	0.262	0.000	0.794	0.351	0.040	0.679	0.133	0.770	0.417	0.083	0.705	0.184	0.808	0.419	0.115	0.964	0.745	0.546	0.310	0.162	0.062
57.900	1.033	0.825	0.516	0.262	0.000	0.794	0.352	0.044	0.679	0.134	0.770	0.415	0.085	0.704	0.186	0.807	0.421	0.114	0.964	0.745	0.543	0.311	0.161	0.064
58.000	1.033	0.824	0.518	0.264	0.000	0.794	0.352	0.044	0.680	0.137	0.770	0.417	0.086	0.707	0.185	0.807	0.421	0.116	0.963	0.745	0.542	0.313	0.163	0.065
58.100	1.032	0.824	0.519	0.265	0.000	0.794	0.352	0.043	0.681	0.136	0.770	0.419	0.085	0.705	0.187	0.809	0.421	0.117	0.965	0.745	0.546	0.311	0.163	0.065
58.200	1.034	0.823	0.518	0.265	0.000	0.796	0.355	0.047	0.682	0.137	0.770	0.419	0.087	0.705	0.187	0.808	0.423	0.117	0.963	0.745	0.545	0.314	0.164	0.064
58.300	1.032	0.823	0.520	0.266	0.000	0.795	0.355	0.047	0.683	0.138	0.772	0.419	0.088	0.705	0.188	0.807	0.422	0.118	0.965	0.745	0.544	0.313	0.163	0.064
58.400	1.032	0.825	0.520	0.265	0.000	0.797	0.355	0.049	0.683	0.140	0.772	0.420	0.089	0.705	0.188	0.809	0.424	0.117	0.967	0.745	0.547	0.316	0.165	0.064
58.500	1.032	0.825	0.521	0.266	0.000	0.796	0.356	0.049	0.683	0.139	0.772	0.421	0.089	0.706	0.189	0.808	0.423	0.119	0.964	0.744	0.537	0.321	0.164	0.064
58.600	1.034	0.826	0.521	0.268	0.000	0.796	0.357	0.050	0.684	0.141	0.772	0.422	0.090	0.705	0.189	0.805	0.423	0.120	0.964	0.741	0.534	0.324	0.168	0.064
58.700	1.032	0.827	0.523	0.269	0.000	0.796	0.357	0.052	0.685	0.143	0.772	0.420	0.091	0.706	0.190	0.808	0.423	0.121	0.963	0.741	0.534	0.324	0.168	0.063
58.800	1.031	0.825	0.522	0.269	0.000	0.797	0.357	0.052	0.683	0.144	0.771	0.423	0.092	0.706	0.191	0.807	0.423	0.120	0.964	0.740	0.534	0.324	0.170	0.066
58.900	1.033	0.827	0.522	0.271	0.000	0.796	0.359	0.052	0.685	0.144	0.772	0.423	0.092	0.706	0.191	0.806	0.423	0.122	0.965	0.740	0.533	0.324	0.169	0.065
59.000	1.032	0.829	0.523	0.272	0.000	0.797	0.360	0.057	0.685	0.146	0.771	0.422	0.093	0.707	0.191	0.806	0.425	0.122	0.963	0.739	0.533	0.324	0.170	0.065
59.100	1.032	0.827	0.523	0.271	0.000	0.797	0.360	0.057	0.686	0.148	0.772	0.424	0.095	0.706	0.193	0.809	0.425	0.122	0.964	0.739	0.535	0.326	0.170	0.066
59.200	1.031	0.827	0.523	0.275	0.000	0.798	0.360	0.059	0.685	0.148	0.773	0.422	0.095	0.706	0.194	0.808	0.425	0.123	0.964	0.739	0.532	0.326	0.170	0.067
59.300	1.033	0.827	0.524	0.275	0.000	0.798	0.362	0.060	0.686	0.149	0.772	0.425	0.096	0.707	0.193	0.808	0.425	0.124	0.964	0.739	0.533	0.327	0.172	0.067
59.400	1.032	0.827	0.524	0.276	0.000	0.800	0.361	0.060	0.686	0.151	0.772	0.425	0.098	0.707	0.193	0.807	0.425	0.125	0.962	0.739	0.533	0.326	0.172	0.067
59.500	1.032	0.828	0.527	0.276	0.000	0.797	0.362	0.061	0.685	0.151	0.774	0.426	0.099	0.708	0.194	0.807	0.425	0.125	0.960	0.741	0.534	0.326	0.171	0.067
59.600	1.032	0.828	0.527	0.278	0.000	0.800	0.362	0.062	0.686	0.155	0.774	0.426	0.099	0.705	0.195	0.808	0.426	0.126	0.965	0.740	0.535	0.326	0.171	0.067
59.700	1.032	0.829	0.527	0.279	0.000	0.798	0.364	0.064	0.687	0.153	0.774	0.427	0.101	0.707	0.197	0.807	0.425	0.128	0.964	0.741	0.536	0.326	0.171	0.065
59.800	1.032	0.829	0.527	0.280	0.000	0.801	0.364	0.064	0.686	0.155	0.775	0.428	0.102	0.707	0.196	0.807	0.426	0.127	0.964	0.742	0.536	0.324	0.170	0.066
59.900	1.033	0.829	0.527	0.280	0.000	0.801	0.365	0.066	0.687	0.155	0.773	0.428	0.102	0.707	0.197	0.808	0.426	0.128	0.965	0.741	0.534	0.323	0.168	0.066
60.000	1.032	0.829	0.529	0.281	0.000	0.799	0.366	0.066	0.689	0.157	0.772	0.429	0.102	0.708	0.197	0.808	0.428	0.128	0.964	0.740	0.532	0.326	0.172	0.066
60.100	1.032	0.830	0.530	0.283	0.000	0.800	0.367	0.067	0.690	0.158	0.774	0.429	0.106	0.707	0.197	0.810	0.428	0.130	0.963	0.738	0.531	0.328	0.171	0.066
60.200	1.033	0.830	0.529	0.285	0.000	0.801	0.368	0.067	0.688	0.158	0.774	0.429	0.105	0.707	0.198	0.807	0.428	0.130	0.964	0.740	0.532	0.331	0.173	0.066
60.300	1.032	0.830	0.530	0.285	0.000	0.801	0.368	0.070	0.691	0.159	0.774	0.431	0.107	0.710	0.199	0.808	0.429	0.131	0.964	0.740	0.531	0.333	0.172	0.064
60.400	1.032	0.831	0.532	0.284	0.000	0.800	0.369	0.070	0.690	0.161	0.775	0.429	0.107	0.709	0.202	0.808	0.429	0.129	0.963	0.739	0.531	0.332	0.172	0.067
60.500	1.032	0.830	0.532	0.284	0.000	0.802	0.371	0.072	0.690	0.160	0.775	0.430	0.110	0.710	0.201	0.808	0.429	0.130	0.964	0.738	0.531	0.333	0.172	0.067
60.600	1.033	0.829	0.532	0.286	0.000	0.803	0.370	0.073	0.692	0.161	0.775	0.432	0.110	0.707	0.201	0.808	0.428	0.132	0.964	0.739	0.529	0.331	0.173	0.067
60.700	1.032	0.832	0.533	0.287	0.000	0.803	0.372	0.074	0.691	0.162	0.777	0.432	0.111	0.710	0.203	0.808	0.429	0.131	0.964	0.738	0.530	0.332	0.177	0.067
60.800	1.031	0.831	0.534	0.287	0.000	0.803	0.373	0.076	0.692	0.164	0.776	0.433	0.110	0.709	0.204	0.808	0.430	0.132	0.964	0.739	0.533	0.333	0.174	0.067
60.900	1.033	0.831	0.533	0.288	0.000	0.803	0.374	0.079	0.691	0.164	0.776	0.433	0.110	0.710	0.203	0.807	0.429	0.134	0.964	0.739	0.532	0.336	0.176	0.066
61.000	1.032	0.832	0.534	0.291	0.000	0.802	0.373	0.080	0.693	0.165	0.776	0.434	0.114	0.710	0.204	0.810	0.432	0.134	0.964	0.738	0.530	0.333	0.176	0.069
61.100	1.032	0.832	0.534	0.289	0.000	0.803	0.374	0.079	0.693	0.166	0.776	0.436	0.114	0.709	0.206	0.808	0.432	0.135	0.964	0.738	0.533	0.333	0.175	0.070
61.200	1.033	0.833	0.533	0.292	0.000	0.803	0.374	0.081	0.693	0.167	0.778	0.436	0.115	0.709	0.206	0.809	0.432	0.136	0.964	0.739	0.530	0.332	0.174	0.067
61.300	1.032	0.832	0.537	0.292	0.002	0.803	0.376	0.082	0.693	0.168	0.777	0.436	0.116	0.710	0.207	0.808	0.433	0.137	0.965	0.739	0.530	0.332	0.176	0.067
61.400	1.032	0.833	0.536	0.292	0.004	0.803	0.376	0.083	0.694	0.167	0.777	0.436	0.117	0.711	0.207	0.809	0.432	0.138	0.964	0.739	0.531	0.333	0.174	0.068
61.500	1.032	0.831	0.536	0.294	0.004	0.805	0.376	0.083	0.696	0.170	0.778	0.436	0.117	0.711	0.208	0.809	0.433	0.139	0.964	0.739	0.531	0.333	0.175	0.069
61.600	1.032	0.832	0.537	0.294	0.005	0.804	0.378	0.084	0.695	0.170	0.779	0.437	0.119	0.710	0.208	0.808	0.434	0.139	0.964	0.739	0.533	0.333	0.177	0.068
61.700	1.032	0.834	0.538	0.294	0.007	0.804	0.378	0.085	0.694	0.172	0.779	0.439	0.120	0.711	0.210	0.810	0.434	0.140	0.964	0.738	0.532	0.333	0.177	0.070
61.800	1.033	0.832	0.538	0.296	0.008	0.804	0.378	0.087	0.696	0.172	0.779	0.439	0.119	0.712	0.210	0.809	0.434	0.141	0.964	0.741	0.533	0.337	0.179	0.068
61.900	1.032	0.833	0.537	0.297	0.010	0.805	0.379	0.088	0.695	0.173	0.780	0.439	0.121	0.712	0.213	0.811	0.434	0.138	0.962	0.740	0.532	0.332	0.177	0.067
62.000	1.031	0.835	0.538	0.296	0.011	0.804	0.381	0.088	0.696	0.174	0.779	0.441	0.122	0.712	0.211	0.809	0.434	0.142	0.964	0.740	0.532	0.334	0.179	0.069
62.100	1.032	0.833	0.538	0.297	0.011	0.806	0.380	0.089	0.696	0.176	0.779	0.441	0.123	0.712	0.212	0.808	0.436	0.142	0.963	0.740	0.533	0.334	0.178	0.068
62.200	1.032	0.833	0.541	0.298	0.013	0.806	0.381	0.092	0.696	0.177	0.779	0.441	0.123	0.713	0.215	0.811	0.436	0.141	0.965	0.740	0.532	0.337	0.180	0.070
62.300	1.033	0.833	0.542	0.301	0.013	0.806	0.381	0.092	0.696	0.177	0.779	0.441	0.125	0.713	0.215	0.811	0.436	0.143	0.964	0.741	0.533	0.334	0.179	0.071
62.400	1.032	0.833	0.541	0.300	0.013	0.804	0.383	0.092	0.696	0.178	0.780	0.442	0.126	0.714	0.215	0.811	0.437	0.144	0.965	0.742	0.535	0.337	0.180	0.070
62.500	1.032	0.834	0.542	0.301	0.016	0.806	0.384	0.095	0.697	0.179	0.780	0.443	0.128	0.715	0.215	0.811	0.438	0.144	0.964	0.740	0.535	0.337	0.179	0.070
62.600	1.032	0.835	0.542	0.303	0.016	0.806	0.383	0.095	0.698	0.180	0.781	0.443	0.129	0.715	0.216	0.811	0.436	0.144	0.965	0.741	0.535	0.338	0.179	0.071
62.700	1.032	0.833	0.544	0.302	0.015	0.807	0.384	0.097	0.697	0.180	0.781	0.445	0.129	0.715	0.216	0.812	0.438	0.144	0.965	0.742	0.536	0.338	0.177	0.070
62.800	1.032	0.836	0.544	0.304	0.018	0.807	0.385	0.097	0.698	0.182	0.781	0.444	0.129	0.714	0.217	0.813	0.438	0.144	0.966	0.742	0.533	0.338	0.177	0.070
62.900	1.032	0.836	0.545	0.304	0.017	0.808	0.385	0.099	0.698	0.183	0.781	0.445	0.131	0.715	0.218	0.811	0.438	0.144	0.964	0.742	0.535	0.338	0.179	0.070
63.000	1.032	0.836	0.543	0.305	0.021	0.809	0.386	0.100	0.698	0.184	0.782	0.445	0.132	0.714	0.220	0.811	0.439	0.147	0.965	0.741	0.537	0.338	0.177	0.072
63.100	1.034	0.836	0.547	0.306	0.020	0.808	0.388	0.101	0.700	0.184	0.781	0.447	0.133	0.715	0.219	0.814	0.439	0.145	0.964	0.741	0.536	0.340	0.177	0.071
63.200	1.033	0.836	0.544	0.305	0.022	0.807	0.387	0.102	0.700	0.183	0.784	0.448	0.133	0.715	0.220	0.814	0.439	0.148	0.964	0.743	0.538	0.340	0.178	0.072
63.300	1.032	0.837	0.546	0.308	0.023	0.810	0.388	0.102	0.699	0.186	0.782	0.448	0.134	0.715	0.220	0.813	0.441	0.148	0.966	0.743	0.539	0.341	0.178	0.070
63.400	1.033	0.837	0.546	0.309	0.024	0.809	0.389	0.103	0.700	0.187	0.783	0.450	0.134	0.717	0.221	0.813	0.441	0.149	0.966	0.743	0.539	0.342	0.178	0.070
63.500	1.032	0.837	0.548	0.309	0.023	0.808	0.390	0.103	0.701	0.188	0.782	0.449	0.136	0.717	0.222	0.813	0.442	0.149	0.966	0.743	0.540	0.344	0.177	0.070
63.600	1.034	0.836	0.548	0.311	0.025	0.810	0.392	0.104	0.701	0.187	0.784	0.450	0.136	0.718	0.222	0.815	0.442	0.150	0.966	0.743	0.540	0.344	0.178	0.071
63.700	1.033	0.837	0.548	0.312	0.027	0.808	0.393	0.105	0.700	0.191	0.783	0.450	0.138	0.716	0.223	0.813	0.443	0.150	0.966	0.745	0.542	0.345	0.176	0.071
63.800	1.032	0.837	0.549	0.311	0.027	0.810	0.392	0.108	0.703	0.191	0.784	0.451	0.139	0.718	0.223	0.815	0.443	0.150	0.966	0.744	0.542	0.344	0.176	0.070
63.900	1.034	0.837	0.549	0.312	0.030	0.810	0.393	0.107	0.701	0.191	0.783	0.451	0.140	0.717	0.224	0.812	0.443	0.149	0.965	0.746	0.541	0.344	0.177	0.073
64.000	1.032	0.837	0.550	0.312	0.031	0.811	0.395	0.108	0.702	0.193	0.784	0.452	0.141	0.717	0.225	0.815	0.443	0.149	0.966	0.743	0.541	0.345	0.177	0.072
64.100	1.032	0.838	0.549	0.314	0.031	0.810	0.394	0.111	0.702	0.193	0.785	0.453	0.142	0.718	0.224	0.814	0.445	0.151	0.966	0.746	0.542	0.346	0.179	0.072
64.200	1.032	0.837	0.550	0.314	0.033	0.810	0.395	0.112	0.703	0.196	0.786	0.453	0.143	0.717	0.224	0.815	0.444	0.152	0.965	0.746	0.542	0.344	0.179	0.071
64.300	1.035	0.839	0.550	0.315	0.035	0.812	0.396	0.112	0.703	0.196	0.785	0.454	0.144	0.717	0.226	0.815	0.443	0.151	0.966	0.745	0.542	0.345	0.179	0.071
64.400	1.033	0.839	0.552	0.317	0.036	0.811	0.398	0.114	0.704	0.197	0.786	0.453	0.144	0.717	0.226	0.815	0.443	0.151	0.966	0.745	0.542	0.345	0.179	0.072
64.500	1.033	0.839	0.552	0.317	0.037	0.811	0.398	0.114	0.705	0.199	0.787	0.456	0.145	0.719	0.226	0.816	0.445	0.152	0.966	0.745	0.539	0.344	0.180	0.073
64.600	1.032	0.839	0.553	0.317	0.037	0.810	0.398	0.116	0.705	0.197	0.786	0.455	0.148	0.718	0.226	0.815	0.444	0.152	0.965	0.744	0.542	0.343	0.179	0.073
64.700	1.032	0.839	0.553	0.318	0.039	0.813	0.397	0.117	0.705	0.200	0.786	0.456	0.148	0.719	0.226	0.817	0.446	0.151	0.964	0.745	0.542	0.342	0.180	0.072
64.800	1.033	0.839	0.553	0.321	0.042	0.814	0.399	0.119	0.705	0.200	0.786	0.455	0.150	0.720	0.228	0.814	0.444	0.151	0.966	0.745	0.542	0.342	0.179	0.072
64.900	1.034	0.839	0.556	0.318	0.040	0.811	0.399	0.119	0.706	0.202	0.786	0.458	0.150	0.719	0.228	0.817	0.445	0.153	0.967	0.746	0.540	0.342	0.180	0.073
65.000	1.035	0.839	0.555	0.322	0.040	0.813	0.400	0.121	0.705	0.203	0.786	0.457	0.152	0.719	0.228	0.817	0.446	0.153	0.966	0.744	0.542	0.342	0.179	0.074
65.100	1.036	0.840	0.555	0.321	0.043	0.814	0.402	0.123	0.705	0.204	0.785	0.458	0.152	0.719	0.230	0.815	0.446	0.153	0.964	0.745	0.541	0.341	0.182	0.073
65.200	1.034	0.840	0.557	0.323	0.043	0.813	0.402	0.121	0.707	0.204	0.786	0.460	0.153	0.721	0.229	0.815	0.445	0.153	0.967	0.746	0.542	0.339	0.180	0.074
65.300	1.035	0.842	0.556	0.324	0.043	0.814	0.401	0.124	0.707	0.205	0.787	0.458	0.154	0.721	0.229	0.816	0.445	0.155	0.966	0.748	0.544	0.342	0.183	0.075
65.400	1.035	0.840	0.558	0.324	0.045	0.815	0.402	0.124	0.707	0.208	0.788	0.460	0.155	0.721	0.229	0.817	0.446	0.155	0.965	0.746	0.544	0.339	0.181	0.076
65.500	1.033	0.839	0.558	0.323	0.048	0.813	0.403	0.124	0.707	0.208	0.787	0.459	0.156	0.721	0.229	0.816	0.445	0.155	0.964	0.747	0.545	0.338	0.179	0.074
65.600	1.032	0.842	0.556	0.325	0.045	0.814	0.403	0.124	0.708	0.208	0.790	0.461	0.156	0.721	0.229	0.817	0.446	0.154	0.966	0.748	0.544	0.337	0.178	0.074
65.700	1.035	0.842	0.558	0.326	0.049	0.814	0.405	0.126	0.710	0.208	0.787	0.460	0.156	0.721	0.230	0.817	0.446	0.155	0.967	0.747	0.542	0.337	0.179	0.074
65.800	1.033	0.842	0.558	0.325	0.049	0.813	0.405	0.128	0.708	0.208	0.787	0.460	0.159	0.721	0.229	0.817	0.445	0.155	0.966	0.745	0.542	0.338	0.178	0.074
65.900	1.034	0.840	0.559	0.327	0.049	0.815	0.407	0.129	0.709	0.210	0.790	0.462	0.159	0.721	0.232	0.818	0.446	0.154	0.964	0.745	0.540	0.337	0.180	0.073
66.000	1.034	0.843	0.559	0.328	0.052	0.813	0.407	0.129	0.709	0.210	0.787	0.462	0.160	0.721	0.231	0.817	0.447	0.153	0.964	0.746	0.544	0.334	0.180	0.073
66.100	1.035	0.844	0.559	0.330	0.053	0.815	0.405	0.129	0.710	0.212	0.789	0.461	0.161	0.721	0.232	0.817	0.446	0.154	0.966	0.744	0.537	0.340	0.180	0.074
66.200	1.033	0.842	0.560	0.330	0.053	0.815	0.408	0.130	0.710	0.213	0.790	0.464	0.163	0.722	0.231	0.817	0.447	0.155	0.967	0.747	0.543	0.334	0.179	0.074
66.300	1.034	0.843	0.561	0.331	0.054	0.814	0.409	0.131	0.710	0.214	0.789	0.464	0.161	0.721	0.232	0.816	0.448	0.154	0.964	0.746	0.541	0.340	0.184	0.074
66.400	1.035	0.840	0.561	0.330	0.055	0.815	0.410	0.132	0.710	0.215	0.790	0.463	0.164	0.721	0.233	0.815	0.448	0.155	0.966	0.748	0.540	0.340	0.182	0.073
66.500	1.034	0.844	0.562	0.331	0.057	0.815	0.409	0.132	0.709	0.215	0.791	0.464	0.164	0.722	0.233	0.815	0.449	0.157	0.967	0.747	0.539	0.340	0.183	0.073
66.600	1.033	0.844	0.563	0.333	0.057	0.816	0.410	0.134	0.712	0.215	0.790	0.464	0.164	0.723	0.235	0.816	0.450	0.158	0.966	0.745	0.540	0.343	0.187	0.076
66.700	1.034	0.844	0.564	0.332	0.059	0.816	0.410	0.137	0.712	0.217	0.790	0.464	0.165	0.723	0.234	0.817	0.450	0.158	0.965	0.746	0.541	0.340	0.184	0.076
66.800	1.035	0.844	0.563	0.334	0.060	0.816	0.410	0.138	0.711	0.219	0.790	0.465	0.165	0.722	0.235	0.817	0.449	0.157	0.966	0.745	0.540	0.343	0.184	0.076
66.900	1.035	0.844	0.563	0.334	0.060	0.817	0.410	0.136	0.712	0.218	0.789	0.465	0.168	0.722	0.235	0.819	0.450	0.157	0.966	0.745	0.539	0.343	0.186	0.075
67.000	1.034	0.844	0.566	0.337	0.062	0.816	0.414	0.139	0.712	0.220	0.790	0.466	0.168	0.722	0.234	0.817	0.450	0.157	0.966	0.745	0.539	0.342	0.184	0.076
67.100	1.034	0.846	0.565	0.337	0.063	0.816	0.414	0.139	0.714	0.220	0.791	0.467	0.168	0.722	0.235	0.817	0.449	0.158	0.966	0.745	0.537	0.342	0.184	0.076
67.200	1.034	0.847	0.566	0.335	0.064	0.817	0.414	0.140	0.715	0.221	0.791	0.466	0.169	0.721	0.236	0.819	0.448	0.158	0.966	0.744	0.539	0.343	0.184	0.077
67.300	1.035	0.844	0.565	0.336	0.065	0.817	0.414	0.141	0.714	0.221	0.791	0.467	0.170	0.722	0.236	0.818	0.450	0.158	0.964	0.743	0.539	0.345	0.186	0.076
67.400	1.034	0.844	0.566	0.338	0.066	0.819	0.415	0.142	0.714	0.223	0.791	0.467	0.171	0.723	0.236	0.817	0.450	0.158	0.965	0.745	0.540	0.345	0.185	0.076
67.500	1.035	0.844	0.567	0.339	0.067	0.818	0.414	0.142	0.712	0.223	0.790	0.467	0.172	0.722	0.236	0.817	0.449	0.158	0.964	0.743	0.538	0.344	0.183	0.078
67.600	1.035	0.845	0.566	0.339	0.067	0.817	0.415	0.143	0.713	0.224	0.791	0.468	0.173	0.722	0.235	0.817	0.449	0.155	0.965	0.745	0.538	0.343	0.183	0.076
67.700	1.035	0.845	0.568	0.339	0.069	0.820	0.417	0.144	0.715	0.226	0.790	0.468	0.172	0.722	0.237	0.818	0.449	0.158	0.966	0.746	0.538	0.343	0.181	0.076
67.800	1.035	0.846	0.567	0.341	0.069	0.819	0.417	0.146	0.714	0.225	0.792	0.468	0.174	0.722	0.235	0.819	0.450	0.157	0.966	0.745	0.537	0.345	0.182	0.076
67.900	1.032	0.846	0.568	0.341	0.071	0.819	0.417	0.146	0.714	0.226	0.790	0.470	0.174	0.722	0.236	0.817	0.450	0.158	0.966	0.744	0.539	0.344	0.179	0.075
68.000	1.034	0.847	0.569	0.342	0.073	0.819	0.417	0.146	0.714	0.226	0.791	0.469	0.174	0.723	0.237	0.817	0.449	0.158	0.965	0.743	0.537	0.343	0.180	0.076
68.100	1.034	0.846	0.568	0.343	0.073	0.819	0.417	0.147	0.714	0.226	0.791	0.470	0.175	0.721	0.237	0.817	0.448	0.157	0.965	0.743	0.537	0.342	0.182	0.075
68.200	1.034	0.845	0.568	0.344	0.073	0.819	0.419	0.149	0.714	0.229	0.792	0.471	0.176	0.722	0.236	0.819	0.450	0.158	0.965	0.743	0.537	0.342	0.180	0.075
68.300	1.034	0.847	0.569	0.343	0.076	0.821	0.419	0.150	0.714	0.230	0.792	0.470	0.177	0.722	0.239	0.818	0.452	0.159	0.966	0.743	0.536	0.342	0.180	0.074
68.400	1.033	0.847	0.569	0.345	0.078	0.820	0.421	0.151	0.716	0.230	0.793	0.473	0.177	0.723	0.237	0.817	0.451	0.158	0.965	0.744	0.537	0.341	0.181	0.074
68.500	1.032	0.847	0.569	0.345	0.078	0.821	0.421	0.151	0.715	0.231	0.792	0.471	0.179	0.724	0.237	0.818	0.452	0.158	0.966	0.743	0.537	0.342	0.181	0.074
68.600	1.034	0.848	0.572	0.347	0.078	0.820	0.421	0.153	0.717	0.230	0.792	0.472	0.179	0.723	0.239	0.817	0.450	0.160	0.966	0.743	0.537	0.342	0.181	0.074
68.700	1.032	0.846	0.572	0.348	0.080	0.821	0.422	0.153	0.716	0.233	0.791	0.473	0.182	0.724	0.238	0.818	0.451	0.159	0.965	0.745	0.537	0.343	0.180	0.073
68.800	1.035	0.847	0.573	0.348	0.081	0.821	0.422	0.155	0.717	0.233	0.794	0.473	0.181	0.724	0.239	0.817	0.450	0.159	0.967	0.745	0.536	0.342	0.180	0.073
68.900	1.034	0.847	0.572	0.350	0.081	0.822	0.422	0.156	0.718	0.234	0.793	0.473	0.181	0.724	0.239	0.817	0.451	0.159	0.966	0.745	0.537	0.343	0.181	0.071
69.000	1.035	0.847	0.574	0.350	0.082	0.822	0.424	0.156	0.717	0.235	0.793	0.474	0.182	0.724	0.239	0.819	0.451	0.160	0.966	0.745	0.535	0.342	0.182	0.073
69.100	1.035	0.847	0.575	0.349	0.084	0.822	0.424	0.157	0.717	0.237	0.793	0.475	0.183	0.724	0.239	0.819	0.452	0.160	0.967	0.744	0.537	0.342	0.180	0.073
69.200	1.034	0.848	0.574	0.351	0.084	0.822	0.425	0.159	0.718	0.237	0.793	0.475	0.185	0.724	0.239	0.820	0.453	0.161	0.966	0.743	0.536	0.342	0.180	0.073
69.300	1.035	0.848	0.575	0.352	0.086	0.822	0.428	0.161	0.718	0.239	0.794	0.475	0.186	0.725	0.239	0.819	0.451	0.160	0.967	0.743	0.536	0.342	0.181	0.072
69.400	1.033	0.850	0.575	0.354	0.086	0.823	0.426	0.160	0.718	0.240	0.793	0.474	0.186	0.726	0.239	0.818	0.452	0.160	0.964	0.744	0.537	0.341	0.181	0.073
69.500	1.034	0.849	0.575	0.353	0.089	0.823	0.429	0.161	0.719	0.239	0.793	0.477	0.186	0.724	0.239	0.820	0.452	0.159	0.967	0.743	0.537	0.342	0.181	0.072
69.600	1.034	0.848	0.576	0.355	0.089	0.823	0.428	0.162	0.720	0.240	0.794	0.478	0.189	0.725	0.239	0.819	0.453	0.161	0.965	0.745	0.536	0.342	0.180	0.073
69.700	1.035	0.850	0.577	0.356	0.091	0.822	0.428	0.164	0.719	0.240	0.794	0.477	0.189	0.725	0.239	0.818	0.453	0.160	0.968	0.743	0.536	0.342	0.180	0.073
69.800	1.035	0.848	0.577	0.356	0.091	0.824	0.431	0.164	0.721	0.244	0.794	0.477	0.190	0.726	0.239	0.820	0.453	0.159	0.968	0.745	0.536	0.342	0.181	0.074
69.900	1.035	0.849	0.577	0.357	0.092	0.823	0.430	0.166	0.720	0.246	0.794	0.478	0.191	0.725	0.242	0.819	0.455	0.160	0.967	0.745	0.539	0.342	0.181	0.073
70.000	1.034	0.850	0.579	0.356	0.095	0.823	0.430	0.167	0.721	0.246	0.794	0.479	0.191	0.725	0.241	0.819	0.454	0.160	0.966	0.745	0.538	0.343	0.182	0.073
70.100	1.032	0.849	0.578	0.359	0.096	0.825	0.430	0.167	0.721	0.248	0.794	0.479	0.192	0.726	0.242	0.820	0.455	0.160	0.966	0.745	0.539	0.343	0.182	0.073
70.200	1.035	0.850	0.578	0.359	0.096	0.825	0.433	0.170	0.721	0.248	0.796	0.480	0.193	0.728	0.242	0.819	0.456	0.161	0.966	0.744	0.537	0.342	0.181	0.074
70.300	1.034	0.849	0.578	0.359	0.098	0.825	0.432	0.171	0.722	0.249	0.794	0.480	0.193	0.726	0.241	0.820	0.455	0.160	0.966	0.745	0.538	0.344	0.179	0.073
70.400	1.034	0.851	0.580	0.362	0.100	0.826	0.434	0.171	0.722	0.249	0.795	0.479	0.193	0.728	0.242	0.821	0.454	0.160	0.968	0.745	0.537	0.341	0.182	0.074
70.500	1.035	0.851	0.582	0.364	0.100	0.824	0.434	0.172	0.724	0.250	0.796	0.481	0.193	0.728	0.242	0.820	0.455	0.161	0.967	0.745	0.537	0.342	0.180	0.072
70.600	1.035	0.851	0.581	0.363	0.102	0.825	0.434	0.175	0.724	0.253	0.796	0.480	0.194	0.726	0.242	0.820	0.456	0.160	0.969	0.746	0.537	0.343	0.180	0.073
70.700	1.035	0.851	0.584	0.365	0.103	0.826	0.436	0.177	0.723	0.252	0.795	0.480	0.194	0.728	0.244	0.819	0.455	0.160	0.967	0.744	0.537	0.344	0.181	0.074
70.800	1.034	0.851	0.583	0.366	0.104	0.825	0.436	0.177	0.723	0.252	0.795	0.482	0.194	0.729	0.244	0.819	0.455	0.160	0.967	0.747	0.538	0.342	0.182	0.073
70.900	1.035	0.853	0.584	0.365	0.107	0.824	0.436	0.177	0.725	0.255	0.794	0.482	0.196	0.728	0.243	0.819	0.455	0.162	0.966	0.745	0.537	0.342	0.182	0.073
71.000	1.035	0.851	0.584	0.366	0.108	0.827	0.436	0.180	0.724	0.255	0.796	0.484	0.196	0.728	0.244	0.821	0.456	0.163	0.966	0.747	0.539	0.343	0.182	0.072
71.100	1.033	0.852	0.584	0.367	0.110	0.825	0.438	0.180	0.724	0.258	0.796	0.483	0.196	0.727	0.243	0.822	0.456	0.160	0.965	0.746	0.540	0.345	0.180	0.073
71.200	1.035	0.852	0.585	0.369	0.110	0.825	0.439	0.183	0.727	0.258	0.796	0.482	0.196	0.729	0.244	0.821	0.456	0.161	0.967	0.745	0.540	0.345	0.180	0.073
71.300	1.033	0.855	0.585	0.369	0.112	0.827	0.438	0.182	0.725	0.258	0.796	0.484	0.196	0.728	0.242	0.821	0.456	0.161	0.967	0.745	0.539	0.345	0.180	0.070
71.400	1.035	0.854	0.587	0.369	0.112	0.827	0.440	0.184	0.725	0.258	0.797	0.484	0.198	0.728	0.244	0.820	0.457	0.162	0.967	0.745	0.539	0.345	0.182	0.073
71.500	1.036	0.853	0.587	0.370	0.114	0.826	0.439	0.186	0.726	0.258	0.797	0.484	0.197	0.728	0.244	0.820	0.457	0.161	0.966	0.746	0.539	0.343	0.182	0.073
71.600	1.035	0.854	0.588	0.370	0.114	0.826	0.441	0.185	0.726	0.261	0.797	0.485	0.197	0.728	0.242	0.819	0.456	0.160	0.967	0.748	0.538	0.344	0.180	0.074
