0.000	0.005	0.008	0.000	0.005	0.000	0.000	0.000	0.000	0.001	0.000	0.000	0.005	0.001	0.001	0.000	0.006	0.000	0.000	0.000	0.006	0.006	0.001	0.003	0.009
0.100	0.006	0.008	0.000	0.005	0.000	0.000	0.000	0.000	0.000	0.000	0.000	0.005	0.001	0.000	0.000	0.005	0.000	0.000	0.000	0.006	0.007	0.001	0.004	0.009
0.200	0.007	0.007	0.000	0.006	0.000	0.000	0.000	0.000	0.002	0.000	0.000	0.005	0.001	0.001	0.000	0.005	0.000	0.000	0.000	0.005	0.007	0.001	0.004	0.010
0.300	0.005	0.007	0.000	0.006	0.000	0.000	0.000	0.000	0.001	0.000	0.000	0.006	0.001	0.000	0.000	0.006	0.000	0.000	0.000	0.005	0.007	0.000	0.002	0.012
0.400	0.006	0.010	0.000	0.005	0.000	0.000	0.000	0.000	0.001	0.000	0.000	0.005	0.003	0.000	0.000	0.005	0.000	0.000	0.000	0.007	0.006	0.001	0.003	0.010
0.500	0.005	0.009	0.000	0.006	0.000	0.000	0.000	0.000	0.001	0.000	0.000	0.007	0.002	0.000	0.000	0.007	0.000	0.000	0.000	0.005	0.006	0.001	0.004	0.010
0.600	0.006	0.008	0.000	0.005	0.000	0.000	0.000	0.000	0.001	0.000	0.000	0.005	0.001	0.000	0.000	0.007	0.000	0.000	0.000	0.005	0.007	0.001	0.003	0.010
0.700	0.006	0.010	0.000	0.005	0.000	0.000	0.000	0.000	0.001	0.000	0.000	0.006	0.002	0.001	0.000	0.006	0.000	0.000	0.000	0.005	0.008	0.001	0.004	0.012
0.800	0.004	0.008	0.000	0.005	0.000	0.000	0.000	0.000	0.002	0.000	0.000	0.005	0.001	0.000	0.000	0.005	0.000	0.000	0.000	0.004	0.007	0.000	0.002	0.011
0.900	0.005	0.010	0.000	0.006	0.000	0.000	0.000	0.000	0.001	0.000	0.000	0.007	0.001	0.000	0.000	0.007	0.000	0.000	0.000	0.006	0.007	0.001	0.002	0.011
1.000	0.005	0.009	0.000	0.005	0.000	0.000	0.000	0.000	0.001	0.000	0.000	0.005	0.001	0.001	0.000	0.007	0.000	0.000	0.000	0.006	0.009	0.000	0.002	0.011
1.100	0.005	0.009	0.000	0.005	0.000	0.000	0.000	0.000	0.000	0.000	0.000	0.006	0.002	0.000	0.000	0.005	0.000	0.000	0.000	0.005	0.007	0.001	0.002	0.012
1.200	0.006	0.010	0.000	0.005	0.000	0.000	0.000	0.000	0.000	0.000	0.000	0.005	0.001	0.000	0.000	0.005	0.000	0.000	0.000	0.004	0.007	0.001	0.002	0.012
1.300	0.005	0.009	0.000	0.006	0.000	0.000	0.000	0.000	0.001	0.000	0.000	0.005	0.001	0.001	0.000	0.006	0.000	0.000	0.000	0.005	0.008	0.001	0.003	0.011
1.400	0.007	0.011	0.000	0.006	0.000	0.000	0.000	0.000	0.001	0.000	0.000	0.008	0.002	0.001	0.000	0.007	0.000	0.000	0.000	0.005	0.007	0.000	0.004	0.010
1.500	0.005	0.009	0.000	0.006	0.000	0.000	0.000	0.000	0.000	0.000	0.000	0.005	0.001	0.000	0.000	0.007	0.000	0.000	0.000	0.006	0.009	0.000	0.003	0.011
1.600	0.005	0.010	0.000	0.006	0.000	0.000	0.000	0.000	0.002	0.000	0.000	0.007	0.003	0.000	0.000	0.005	0.000	0.000	0.000	0.005	0.008	0.000	0.004	0.011
1.700	0.005	0.010	0.000	0.005	0.000	0.000	0.000	0.000	0.001	0.000	0.000	0.005	0.001	0.000	0.000	0.005	0.000	0.000	0.000	0.007	0.007	0.001	0.003	0.011
1.800	0.006	0.010	0.000	0.005	0.000	0.000	0.000	0.000	0.001	0.000	0.000	0.005	0.002	0.000	0.000	0.005	0.000	0.000	0.000	0.006	0.007	0.000	0.004	0.011
1.900	0.005	0.009	0.000	0.006	0.000	0.000	0.000	0.000	0.001	0.000	0.000	0.006	0.004	0.001	0.000	0.007	0.000	0.000	0.000	0.005	0.007	0.001	0.003	0.011
2.000	0.006	0.008	0.000	0.005	0.000	0.000	0.000	0.000	0.000	0.000	0.000	0.005	0.003	0.000	0.000	0.005	0.000	0.000	0.000	0.005	0.008	0.001	0.003	0.011
2.100	0.006	0.009	0.000	0.005	0.000	0.000	0.000	0.000	0.001	0.000	0.000	0.005	0.003	0.000	0.000	0.005	0.000	0.000	0.000	0.008	0.007	0.000	0.001	0.011
2.200	0.006	0.008	0.000	0.006	0.000	0.000	0.000	0.000	0.001	0.000	0.000	0.006	0.001	0.002	0.000	0.005	0.000	0.000	0.000	0.005	0.006	0.001	0.002	0.011
2.300	0.005	0.010	0.000	0.005	0.000	0.000	0.000	0.000	0.001	0.000	0.000	0.006	0.001	0.000	0.000	0.006	0.000	0.000	0.000	0.005	0.007	0.001	0.002	0.011
2.400	0.006	0.011	0.000	0.004	0.000	0.000	0.000	0.000	0.000	0.000	0.000	0.004	0.001	0.000	0.000	0.007	0.000	0.000	0.000	0.007	0.009	0.000	0.001	0.012
2.500	0.004	0.011	0.000	0.007	0.000	0.000	0.000	0.000	0.000	0.000	0.000	0.006	0.002	0.001	0.000	0.006	0.000	0.000	0.000	0.007	0.010	0.001	0.003	0.010
2.600	0.005	0.009	0.000	0.005	0.000	0.000	0.000	0.000	0.000	0.000	0.000	0.006	0.002	0.000	0.000	0.005	0.000	0.000	0.000	0.007	0.009	0.000	0.002	0.011
2.700	0.013	0.015	0.002	0.009	0.000	0.004	0.000	0.000	0.005	0.000	0.002	0.010	0.004	0.004	0.000	0.011	0.001	0.000	0.002	0.011	0.011	0.002	0.004	0.011
2.800	0.016	0.016	0.004	0.009	0.000	0.005	0.000	0.000	0.007	0.000	0.002	0.011	0.004	0.006	0.000	0.012	0.002	0.000	0.006	0.015	0.014	0.004	0.005	0.013
2.900	0.017	0.017	0.004	0.010	0.000	0.005	0.000	0.000	0.008	0.000	0.003	0.010	0.004	0.006	0.000	0.016	0.002	0.001	0.007	0.013	0.013	0.004	0.007	0.011
3.000	0.017	0.016	0.005	0.008	0.000	0.005	0.000	0.000	0.009	0.000	0.002	0.012	0.004	0.006	0.000	0.014	0.002	0.000	0.006	0.014	0.014	0.004	0.006	0.012
3.100	0.618	0.013	0.002	0.008	0.000	0.002	0.000	0.000	0.004	0.000	0.001	0.009	0.004	0.004	0.000	0.008	0.000	0.000	0.002	0.010	0.011	0.001	0.005	0.011
3.200	0.707	0.013	0.001	0.007	0.000	0.000	0.000	0.000	0.002	0.000	0.000	0.009	0.004	0.002	0.000	0.009	0.000	0.000	0.004	0.007	0.010	0.002	0.004	0.010
3.300	0.719	0.011	0.000	0.005	0.000	0.001	0.000	0.000	0.002	0.000	0.000	0.010	0.002	0.002	0.000	0.008	0.000	0.000	0.004	0.007	0.009	0.002	0.003	0.009
3.400	0.756	0.012	0.001	0.008	0.000	0.000	0.000	0.000	0.002	0.000	0.000	0.007	0.001	0.002	0.000	0.007	0.000	0.000	0.020	0.008	0.009	0.002	0.003	0.011
3.500	0.786	0.013	0.001	0.006	0.000	0.000	0.000	0.000	0.002	0.000	0.000	0.006	0.002	0.002	0.000	0.005	0.000	0.000	0.011	0.007	0.009	0.001	0.004	0.011
3.600	0.779	0.011	0.000	0.008	0.000	0.000	0.000	0.000	0.001	0.000	0.000	0.007	0.003	0.002	0.000	0.007	0.000	0.000	0.070	0.008	0.009	0.001	0.004	0.011
3.700	0.810	0.011	0.000	0.005	0.000	0.000	0.000	0.000	0.001	0.000	0.000	0.008	0.003	0.001	0.000	0.007	0.000	0.000	0.076	0.007	0.008	0.001	0.002	0.011
3.800	0.813	0.011	0.000	0.005	0.000	0.000	0.000	0.000	0.001	0.000	0.000	0.007	0.004	0.001	0.000	0.008	0.000	0.000	0.131	0.007	0.009	0.002	0.004	0.010
3.900	0.815	0.011	0.000	0.006	0.000	0.000	0.000	0.000	0.001	0.000	0.000	0.008	0.001	0.000	0.000	0.007	0.000	0.000	0.152	0.007	0.009	0.001	0.004	0.010
4.000	0.832	0.010	0.001	0.005	0.000	0.000	0.000	0.000	0.001	0.000	0.000	0.005	0.001	0.002	0.000	0.007	0.000	0.000	0.177	0.007	0.008	0.002	0.004	0.010
4.100	0.832	0.011	0.000	0.006	0.000	0.000	0.000	0.000	0.001	0.000	0.000	0.007	0.004	0.002	0.000	0.006	0.000	0.000	0.185	0.007	0.008	0.001	0.001	0.011
4.200	0.842	0.011	0.001	0.005	0.000	0.000	0.000	0.000	0.001	0.000	0.000	0.007	0.004	0.001	0.000	0.005	0.000	0.000	0.233	0.007	0.008	0.001	0.003	0.011
4.300	0.844	0.027	0.002	0.007	0.000	0.000	0.000	0.000	0.001	0.000	0.000	0.008	0.003	0.000	0.000	0.006	0.000	0.000	0.253	0.006	0.010	0.002	0.002	0.011
4.400	0.847	0.022	0.000	0.006	0.000	0.000	0.000	0.000	0.002	0.000	0.000	0.008	0.004	0.000	0.000	0.005	0.000	0.000	0.271	0.006	0.007	0.002	0.003	0.010
4.500	0.854	0.074	0.000	0.006	0.000	0.000	0.000	0.000	0.001	0.000	0.000	0.007	0.003	0.001	0.000	0.004	0.000	0.000	0.284	0.006	0.009	0.001	0.003	0.012
4.600	0.853	0.098	0.002	0.006	0.000	0.000	0.000	0.000	0.002	0.000	0.000	0.007	0.004	0.001	0.000	0.006	0.000	0.000	0.284	0.006	0.009	0.001	0.003	0.012
4.700	0.857	0.116	0.000	0.007	0.000	0.000	0.000	0.000	0.001	0.000	0.000	0.007	0.003	0.000	0.000	0.005	0.000	0.000	0.305	0.005	0.008	0.001	0.002	0.011
4.800	0.860	0.128	0.000	0.005	0.000	0.000	0.000	0.000	0.002	0.000	0.000	0.008	0.003	0.000	0.000	0.005	0.000	0.000	0.316	0.007	0.009	0.000	0.000	0.010
4.900	0.859	0.139	0.001	0.007	0.000	0.000	0.000	0.000	0.002	0.000	0.000	0.008	0.002	0.001	0.000	0.004	0.000	0.000	0.328	0.006	0.009	0.001	0.002	0.009
5.000	0.865	0.155	0.000	0.006	0.000	0.000	0.000	0.000	0.001	0.000	0.000	0.009	0.002	0.000	0.000	0.005	0.000	0.000	0.340	0.008	0.007	0.001	0.002	0.011
5.100	0.867	0.168	0.000	0.005	0.000	0.000	0.000	0.000	0.002	0.000	0.000	0.008	0.002	0.001	0.000	0.006	0.000	0.000	0.349	0.007	0.008	0.001	0.003	0.011
5.200	0.869	0.184	0.000	0.007	0.000	0.000	0.000	0.000	0.001	0.000	0.000	0.008	0.002	0.001	0.000	0.006	0.000	0.000	0.358	0.007	0.007	0.001	0.001	0.011
5.300	0.874	0.200	0.000	0.006	0.000	0.000	0.000	0.000	0.001	0.000	0.000	0.007	0.003	0.000	0.000	0.007	0.000	0.000	0.371	0.007	0.009	0.000	0.003	0.010
5.400	0.875	0.213	0.000	0.007	0.000	0.000	0.000	0.000	0.000	0.000	0.000	0.008	0.001	0.000	0.000	0.005	0.000	0.000	0.378	0.007	0.007	0.000	0.002	0.009
5.500	0.876	0.230	0.000	0.007	0.000	0.000	0.000	0.000	0.001	0.000	0.000	0.008	0.002	0.001	0.000	0.007	0.000	0.000	0.383	0.006	0.009	0.001	0.002	0.011
5.600	0.877	0.242	0.000	0.007	0.000	0.000	0.000	0.000	0.002	0.000	0.000	0.006	0.002	0.001	0.000	0.006	0.000	0.000	0.394	0.006	0.009	0.000	0.002	0.011
5.700	0.877	0.254	0.000	0.007	0.000	0.013	0.000	0.000	0.001	0.000	0.000	0.008	0.002	0.000	0.000	0.005	0.000	0.000	0.398	0.005	0.008	0.000	0.001	0.010
5.800	0.878	0.263	0.000	0.007	0.000	0.034	0.000	0.000	0.000	0.000	0.000	0.007	0.001	0.001	0.000	0.006	0.000	0.000	0.407	0.008	0.009	0.002	0.003	0.010
5.900	0.881	0.275	0.000	0.005	0.000	0.051	0.000	0.000	0.001	0.000	0.000	0.006	0.003	0.000	0.000	0.005	0.000	0.000	0.415	0.007	0.009	0.001	0.002	0.011
6.000	0.882	0.282	0.000	0.006	0.000	0.068	0.000	0.000	0.001	0.000	0.000	0.006	0.003	0.001	0.000	0.006	0.000	0.000	0.421	0.007	0.008	0.001	0.002	0.009
6.100	0.884	0.290	0.000	0.006	0.000	0.076	0.000	0.000	0.002	0.000	0.000	0.007	0.001	0.001	0.000	0.007	0.000	0.000	0.426	0.005	0.009	0.001	0.001	0.011
6.200	0.884	0.297	0.000	0.006	0.000	0.088	0.000	0.000	0.001	0.000	0.024	0.005	0.002	0.002	0.000	0.005	0.000	0.000	0.432	0.004	0.009	0.000	0.002	0.010
6.300	0.885	0.305	0.000	0.006	0.000	0.095	0.000	0.000	0.002	0.000	0.036	0.007	0.001	0.000	0.000	0.005	0.000	0.000	0.438	0.007	0.009	0.000	0.002	0.010
6.400	0.885	0.309	0.000	0.005	0.000	0.107	0.000	0.000	0.001	0.000	0.046	0.006	0.001	0.001	0.000	0.033	0.000	0.000	0.444	0.005	0.007	0.001	0.003	0.011
6.500	0.887	0.314	0.000	0.005	0.000	0.116	0.000	0.000	0.000	0.000	0.057	0.007	0.001	0.000	0.000	0.042	0.000	0.000	0.449	0.006	0.008	0.000	0.004	0.011
6.600	0.888	0.320	0.000	0.007	0.000	0.125	0.000	0.000	0.001	0.000	0.067	0.007	0.003	0.000	0.000	0.057	0.000	0.000	0.456	0.005	0.008	0.001	0.001	0.010
6.700	0.889	0.327	0.000	0.006	0.000	0.134	0.000	0.000	0.001	0.000	0.078	0.006	0.001	0.000	0.000	0.069	0.000	0.000	0.460	0.007	0.009	0.001	0.002	0.011
6.800	0.891	0.333	0.001	0.006	0.000	0.141	0.000	0.000	0.001	0.000	0.086	0.009	0.002	0.000	0.000	0.078	0.000	0.000	0.464	0.005	0.007	0.001	0.001	0.011
6.900	0.891	0.337	0.000	0.006	0.000	0.146	0.000	0.000	0.001	0.000	0.096	0.006	0.003	0.000	0.000	0.088	0.000	0.000	0.471	0.007	0.007	0.001	0.003	0.010
7.000	0.891	0.339	0.000	0.006	0.000	0.151	0.000	0.000	0.002	0.000	0.105	0.007	0.003	0.001	0.000	0.098	0.000	0.000	0.477	0.006	0.008	0.000	0.003	0.009
7.100	0.892	0.345	0.000	0.006	0.000	0.158	0.000	0.000	0.001	0.000	0.114	0.006	0.003	0.000	0.000	0.110	0.000	0.000	0.481	0.004	0.007	0.002	0.002	0.011
7.200	0.893	0.350	0.000	0.005	0.000	0.165	0.000	0.000	0.002	0.000	0.125	0.007	0.004	0.001	0.000	0.119	0.000	0.000	0.484	0.007	0.009	0.001	0.002	0.010
7.300	0.892	0.356	0.000	0.008	0.000	0.172	0.000	0.000	0.002	0.000	0.132	0.007	0.003	0.000	0.000	0.129	0.000	0.000	0.489	0.007	0.009	0.001	0.003	0.011
7.400	0.893	0.363	0.000	0.005	0.000	0.182	0.000	0.000	0.000	0.000	0.139	0.007	0.004	0.001	0.000	0.138	0.000	0.000	0.493	0.007	0.007	0.002	0.004	0.011
7.500	0.895	0.368	0.000	0.007	0.000	0.188	0.000	0.000	0.001	0.000	0.147	0.007	0.001	0.001	0.000	0.146	0.000	0.000	0.496	0.007	0.008	0.001	0.002	0.011
7.600	0.896	0.373	0.000	0.006	0.000	0.194	0.000	0.000	0.001	0.000	0.153	0.007	0.002	0.001	0.000	0.157	0.000	0.000	0.501	0.006	0.009	0.001	0.002	0.009
7.700	0.895	0.379	0.000	0.005	0.000	0.201	0.000	0.000	0.001	0.000	0.162	0.007	0.001	0.001	0.000	0.165	0.000	0.000	0.506	0.006	0.007	0.001	0.002	0.011
7.800	0.897	0.385	0.000	0.006	0.000	0.208	0.000	0.000	0.001	0.000	0.169	0.006	0.003	0.001	0.000	0.172	0.000	0.000	0.511	0.006	0.007	0.000	0.002	0.010
7.900	0.898	0.391	0.000	0.006	0.000	0.215	0.000	0.000	0.000	0.000	0.177	0.007	0.001	0.001	0.000	0.179	0.000	0.000	0.512	0.007	0.007	0.001	0.003	0.010
8.000	0.899	0.396	0.000	0.007	0.000	0.225	0.000	0.000	0.001	0.000	0.186	0.008	0.001	0.001	0.000	0.187	0.000	0.000	0.516	0.007	0.007	0.001	0.002	0.011
8.100	0.898	0.403	0.002	0.006	0.000	0.235	0.000	0.000	0.001	0.000	0.192	0.007	0.001	0.001	0.000	0.193	0.000	0.000	0.522	0.006	0.009	0.001	0.002	0.011
8.200	0.899	0.408	0.000	0.005	0.000	0.242	0.000	0.000	0.026	0.000	0.201	0.007	0.001	0.000	0.000	0.200	0.000	0.000	0.525	0.007	0.009	0.001	0.001	0.011
8.300	0.901	0.412	0.000	0.007	0.000	0.246	0.000	0.000	0.033	0.000	0.205	0.007	0.001	0.001	0.000	0.205	0.000	0.000	0.529	0.007	0.009	0.002	0.003	0.010
8.400	0.901	0.415	0.000	0.006	0.000	0.252	0.000	0.000	0.040	0.000	0.210	0.006	0.002	0.002	0.000	0.210	0.000	0.000	0.532	0.005	0.008	0.000	0.002	0.011
8.500	0.901	0.419	0.000	0.005	0.000	0.257	0.000	0.000	0.047	0.000	0.216	0.007	0.002	0.001	0.000	0.213	0.000	0.000	0.536	0.007	0.009	0.000	0.002	0.011
8.600	0.902	0.422	0.000	0.005	0.000	0.262	0.000	0.000	0.057	0.000	0.223	0.007	0.003	0.001	0.000	0.220	0.000	0.000	0.537	0.005	0.009	0.001	0.002	0.009
8.700	0.903	0.424	0.000	0.006	0.000	0.265	0.000	0.000	0.065	0.000	0.229	0.007	0.003	0.002	0.000	0.227	0.000	0.000	0.540	0.007	0.007	0.001	0.003	0.011
8.800	0.902	0.429	0.000	0.007	0.000	0.273	0.000	0.000	0.072	0.000	0.238	0.009	0.004	0.001	0.000	0.232	0.000	0.000	0.544	0.006	0.008	0.000	0.002	0.011
8.900	0.904	0.435	0.000	0.007	0.000	0.279	0.000	0.000	0.079	0.000	0.244	0.004	0.002	0.001	0.000	0.239	0.000	0.000	0.550	0.005	0.009	0.001	0.002	0.011
9.000	0.905	0.436	0.000	0.005	0.000	0.284	0.000	0.000	0.088	0.000	0.251	0.007	0.001	0.001	0.000	0.245	0.000	0.000	0.551	0.004	0.009	0.001	0.002	0.011
9.100	0.905	0.442	0.001	0.006	0.000	0.291	0.000	0.000	0.093	0.000	0.256	0.008	0.001	0.000	0.000	0.251	0.000	0.000	0.557	0.007	0.007	0.001	0.004	0.011
9.200	0.906	0.446	0.000	0.007	0.000	0.297	0.000	0.000	0.103	0.000	0.262	0.006	0.002	0.001	0.000	0.258	0.000	0.000	0.560	0.005	0.008	0.001	0.002	0.010
9.300	0.905	0.451	0.000	0.007	0.000	0.303	0.000	0.000	0.108	0.000	0.269	0.007	0.001	0.001	0.000	0.262	0.000	0.000	0.562	0.007	0.009	0.001	0.002	0.011
9.400	0.908	0.453	0.000	0.007	0.000	0.306	0.000	0.000	0.120	0.000	0.273	0.007	0.001	0.001	0.000	0.265	0.000	0.000	0.564	0.005	0.009	0.000	0.001	0.011
9.500	0.908	0.458	0.000	0.006	0.000	0.311	0.000	0.000	0.125	0.000	0.280	0.005	0.002	0.000	0.000	0.271	0.000	0.000	0.568	0.005	0.009	0.000	0.002	0.012
9.600	0.908	0.461	0.000	0.006	0.000	0.315	0.000	0.000	0.135	0.000	0.284	0.008	0.001	0.020	0.000	0.276	0.000	0.000	0.568	0.005	0.009	0.001	0.003	0.012
9.700	0.908	0.467	0.000	0.006	0.000	0.319	0.000	0.000	0.140	0.000	0.287	0.007	0.001	0.026	0.000	0.278	0.000	0.000	0.569	0.005	0.008	0.002	0.001	0.011
9.800	0.909	0.468	0.000	0.006	0.000	0.324	0.000	0.000	0.146	0.000	0.294	0.006	0.001	0.033	0.000	0.284	0.000	0.000	0.574	0.006	0.008	0.001	0.004	0.012
9.900	0.910	0.473	0.000	0.007	0.000	0.330	0.000	0.000	0.152	0.000	0.297	0.008	0.004	0.040	0.000	0.288	0.000	0.000	0.576	0.007	0.008	0.001	0.002	0.011
10.000	0.910	0.475	0.000	0.005	0.000	0.335	0.000	0.000	0.160	0.000	0.302	0.006	0.003	0.045	0.000	0.293	0.000	0.000	0.578	0.007	0.008	0.000	0.003	0.011
10.100	0.910	0.479	0.000	0.007	0.000	0.341	0.000	0.000	0.167	0.000	0.307	0.005	0.001	0.053	0.000	0.297	0.000	0.000	0.582	0.005	0.006	0.001	0.003	0.011
10.200	0.911	0.480	0.000	0.007	0.000	0.345	0.000	0.000	0.174	0.000	0.313	0.009	0.001	0.058	0.000	0.302	0.000	0.000	0.584	0.007	0.007	0.000	0.002	0.012
10.300	0.911	0.486	0.000	0.007	0.000	0.349	0.000	0.000	0.179	0.000	0.318	0.007	0.003	0.065	0.000	0.305	0.000	0.000	0.585	0.020	0.006	0.000	0.003	0.011
10.400	0.911	0.487	0.000	0.005	0.000	0.356	0.000	0.000	0.184	0.000	0.321	0.007	0.001	0.070	0.000	0.309	0.000	0.000	0.587	0.032	0.008	0.002	0.002	0.012
10.500	0.911	0.491	0.000	0.006	0.000	0.357	0.000	0.000	0.191	0.000	0.325	0.007	0.001	0.074	0.000	0.314	0.000	0.000	0.589	0.040	0.007	0.000	0.004	0.011
10.600	0.910	0.494	0.000	0.005	0.000	0.360	0.000	0.000	0.196	0.000	0.330	0.007	0.002	0.079	0.000	0.316	0.000	0.000	0.592	0.046	0.009	0.002	0.002	0.011
10.700	0.911	0.496	0.000	0.006	0.000	0.365	0.000	0.000	0.200	0.000	0.332	0.005	0.004	0.085	0.000	0.320	0.000	0.000	0.594	0.050	0.007	0.001	0.003	0.010
10.800	0.912	0.499	0.000	0.005	0.000	0.369	0.000	0.000	0.204	0.000	0.334	0.007	0.001	0.089	0.000	0.323	0.000	0.000	0.595	0.056	0.007	0.000	0.003	0.009
10.900	0.913	0.501	0.001	0.005	0.000	0.372	0.000	0.000	0.208	0.000	0.338	0.005	0.001	0.095	0.000	0.324	0.000	0.000	0.595	0.058	0.009	0.000	0.002	0.012
11.000	0.913	0.506	0.000	0.007	0.000	0.378	0.000	0.000	0.213	0.000	0.340	0.007	0.001	0.099	0.000	0.330	0.000	0.000	0.598	0.063	0.009	0.000	0.003	0.010
11.100	0.913	0.509	0.000	0.005	0.000	0.381	0.000	0.000	0.219	0.000	0.345	0.008	0.001	0.103	0.000	0.333	0.000	0.000	0.602	0.070	0.008	0.000	0.003	0.013
11.200	0.913	0.511	0.000	0.005	0.000	0.382	0.000	0.000	0.222	0.000	0.347	0.006	0.001	0.105	0.000	0.334	0.000	0.000	0.602	0.075	0.007	0.001	0.002	0.011
11.300	0.914	0.515	0.000	0.007	0.000	0.385	0.000	0.000	0.226	0.000	0.352	0.007	0.001	0.110	0.000	0.337	0.000	0.000	0.605	0.082	0.007	0.001	0.002	0.010
11.400	0.914	0.500	0.000	0.005	0.000	0.389	0.000	0.000	0.230	0.000	0.353	0.008	0.001	0.114	0.000	0.340	0.000	0.000	0.607	0.089	0.009	0.001	0.001	0.009
11.500	0.914	0.511	0.000	0.006	0.000	0.393	0.000	0.000	0.232	0.000	0.356	0.007	0.001	0.117	0.000	0.344	0.000	0.000	0.607	0.098	0.008	0.002	0.003	0.011
11.600	0.914	0.517	0.000	0.007	0.000	0.397	0.000	0.000	0.239	0.000	0.361	0.007	0.001	0.121	0.000	0.350	0.000	0.000	0.612	0.104	0.008	0.002	0.002	0.010
11.700	0.913	0.515	0.000	0.007	0.000	0.398	0.000	0.000	0.241	0.000	0.366	0.006	0.003	0.125	0.000	0.352	0.000	0.000	0.614	0.109	0.007	0.001	0.003	0.011
11.800	0.914	0.517	0.000	0.006	0.000	0.402	0.000	0.000	0.243	0.000	0.368	0.006	0.002	0.131	0.000	0.355	0.000	0.000	0.616	0.114	0.007	0.001	0.002	0.011
11.900	0.914	0.529	0.000	0.005	0.000	0.405	0.000	0.000	0.248	0.000	0.370	0.007	0.001	0.137	0.000	0.359	0.000	0.000	0.616	0.119	0.007	0.002	0.002	0.011
12.000	0.916	0.530	0.000	0.005	0.000	0.407	0.000	0.000	0.252	0.000	0.374	0.007	0.002	0.139	0.000	0.361	0.000	0.000	0.620	0.122	0.008	0.000	0.002	0.011
12.100	0.916	0.532	0.000	0.005	0.000	0.407	0.000	0.000	0.258	0.000	0.378	0.007	0.002	0.145	0.000	0.365	0.000	0.000	0.622	0.126	0.007	0.001	0.002	0.011
12.200	0.916	0.534	0.000	0.007	0.000	0.412	0.000	0.000	0.258	0.000	0.381	0.007	0.001	0.149	0.000	0.369	0.000	0.000	0.624	0.130	0.007	0.000	0.002	0.012
12.300	0.917	0.537	0.000	0.005	0.000	0.415	0.000	0.000	0.262	0.000	0.386	0.008	0.002	0.154	0.000	0.372	0.000	0.000	0.624	0.136	0.008	0.000	0.001	0.011
12.400	0.916	0.537	0.000	0.007	0.000	0.419	0.000	0.000	0.266	0.000	0.389	0.009	0.003	0.157	0.000	0.376	0.000	0.000	0.625	0.140	0.007	0.000	0.002	0.011
12.500	0.918	0.540	0.000	0.005	0.000	0.419	0.000	0.000	0.271	0.000	0.392	0.007	0.001	0.160	0.000	0.378	0.000	0.000	0.627	0.143	0.006	0.001	0.002	0.010
12.600	0.917	0.546	0.000	0.006	0.000	0.425	0.000	0.000	0.273	0.000	0.395	0.007	0.002	0.164	0.000	0.380	0.000	0.000	0.629	0.146	0.007	0.000	0.002	0.011
12.700	0.918	0.545	0.000	0.005	0.000	0.425	0.000	0.000	0.276	0.000	0.398	0.007	0.001	0.167	0.000	0.383	0.000	0.000	0.630	0.150	0.008	0.001	0.002	0.011
12.800	0.918	0.546	0.000	0.005	0.000	0.428	0.000	0.000	0.281	0.000	0.402	0.007	0.004	0.171	0.000	0.386	0.000	0.000	0.631	0.153	0.008	0.001	0.002	0.009
12.900	0.919	0.549	0.000	0.007	0.000	0.430	0.000	0.000	0.285	0.000	0.404	0.007	0.001	0.175	0.000	0.388	0.000	0.000	0.634	0.158	0.008	0.001	0.002	0.011
13.000	0.918	0.551	0.000	0.007	0.000	0.434	0.000	0.000	0.289	0.000	0.408	0.006	0.001	0.179	0.000	0.392	0.000	0.000	0.633	0.161	0.008	0.001	0.002	0.011
13.100	0.919	0.553	0.000	0.007	0.000	0.436	0.000	0.000	0.292	0.000	0.410	0.007	0.001	0.183	0.000	0.393	0.000	0.000	0.635	0.165	0.007	0.000	0.003	0.011
13.200	0.918	0.555	0.000	0.004	0.000	0.438	0.000	0.000	0.294	0.000	0.414	0.008	0.002	0.187	0.000	0.396	0.000	0.000	0.638	0.168	0.008	0.001	0.002	0.011
13.300	0.918	0.556	0.000	0.005	0.000	0.441	0.000	0.000	0.298	0.000	0.415	0.006	0.001	0.190	0.000	0.399	0.000	0.000	0.640	0.174	0.008	0.001	0.002	0.010
13.400	0.918	0.558	0.000	0.005	0.000	0.444	0.000	0.000	0.301	0.000	0.419	0.007	0.001	0.196	0.000	0.402	0.000	0.000	0.641	0.180	0.007	0.000	0.002	0.011
13.500	0.920	0.559	0.005	0.007	0.000	0.445	0.000	0.000	0.304	0.000	0.421	0.005	0.002	0.199	0.000	0.405	0.000	0.000	0.643	0.186	0.009	0.001	0.002	0.009
13.600	0.920	0.562	0.011	0.007	0.000	0.447	0.000	0.000	0.307	0.000	0.424	0.008	0.002	0.203	0.000	0.407	0.000	0.000	0.645	0.191	0.008	0.001	0.002	0.011
13.700	0.920	0.564	0.016	0.007	0.000	0.449	0.000	0.000	0.310	0.000	0.429	0.007	0.004	0.204	0.000	0.411	0.000	0.000	0.645	0.194	0.008	0.001	0.002	0.010
13.800	0.920	0.568	0.023	0.006	0.000	0.452	0.000	0.000	0.313	0.000	0.429	0.006	0.002	0.207	0.000	0.413	0.000	0.000	0.648	0.197	0.007	0.001	0.004	0.011
13.900	0.920	0.568	0.026	0.007	0.000	0.455	0.000	0.000	0.316	0.000	0.431	0.007	0.002	0.210	0.000	0.414	0.000	0.000	0.650	0.201	0.008	0.000	0.003	0.011
14.000	0.921	0.569	0.027	0.005	0.000	0.457	0.000	0.000	0.318	0.000	0.432	0.007	0.002	0.215	0.000	0.418	0.000	0.000	0.650	0.203	0.008	0.001	0.004	0.011
14.100	0.921	0.572	0.030	0.005	0.000	0.459	0.000	0.000	0.321	0.000	0.434	0.007	0.004	0.216	0.000	0.418	0.000	0.000	0.651	0.206	0.007	0.000	0.003	0.010
14.200	0.921	0.573	0.037	0.006	0.000	0.461	0.000	0.000	0.325	0.000	0.439	0.007	0.002	0.220	0.000	0.421	0.000	0.000	0.653	0.210	0.009	0.001	0.002	0.011
14.300	0.921	0.575	0.040	0.005	0.000	0.462	0.000	0.000	0.327	0.000	0.439	0.007	0.001	0.223	0.000	0.425	0.000	0.000	0.653	0.213	0.007	0.001	0.002	0.012
14.400	0.921	0.576	0.045	0.006	0.000	0.464	0.000	0.000	0.328	0.000	0.441	0.005	0.001	0.225	0.000	0.426	0.000	0.000	0.655	0.219	0.009	0.000	0.003	0.011
14.500	0.921	0.578	0.047	0.006	0.000	0.467	0.000	0.000	0.330	0.000	0.443	0.007	0.003	0.227	0.000	0.429	0.000	0.000	0.657	0.221	0.008	0.001	0.004	0.012
14.600	0.922	0.580	0.052	0.006	0.000	0.467	0.000	0.000	0.332	0.000	0.445	0.007	0.002	0.232	0.000	0.431	0.000	0.000	0.659	0.226	0.009	0.001	0.002	0.011
14.700	0.922	0.580	0.053	0.006	0.000	0.468	0.000	0.000	0.334	0.000	0.445	0.007	0.002	0.235	0.000	0.433	0.000	0.000	0.660	0.228	0.008	0.001	0.002	0.010
14.800	0.921	0.582	0.059	0.007	0.000	0.472	0.000	0.000	0.336	0.000	0.446	0.007	0.002	0.237	0.000	0.434	0.000	0.000	0.660	0.229	0.006	0.002	0.004	0.009
14.900	0.921	0.584	0.060	0.006	0.000	0.474	0.000	0.000	0.340	0.000	0.448	0.009	0.003	0.238	0.000	0.434	0.000	0.000	0.663	0.232	0.007	0.002	0.003	0.011
15.000	0.921	0.585	0.066	0.006	0.000	0.475	0.000	0.000	0.341	0.000	0.450	0.008	0.003	0.241	0.000	0.438	0.000	0.000	0.663	0.235	0.008	0.001	0.003	0.011
15.100	0.921	0.585	0.069	0.005	0.000	0.477	0.000	0.000	0.343	0.000	0.453	0.008	0.001	0.244	0.000	0.440	0.000	0.000	0.663	0.238	0.008	0.000	0.002	0.011
15.200	0.923	0.587	0.071	0.006	0.000	0.479	0.000	0.000	0.346	0.000	0.454	0.007	0.002	0.246	0.000	0.441	0.000	0.000	0.664	0.239	0.008	0.000	0.002	0.011
15.300	0.926	0.588	0.074	0.007	0.000	0.480	0.000	0.000	0.348	0.000	0.456	0.005	0.004	0.249	0.000	0.443	0.000	0.000	0.665	0.242	0.008	0.000	0.003	0.009
15.400	0.923	0.591	0.080	0.006	0.000	0.481	0.000	0.000	0.349	0.000	0.458	0.005	0.004	0.251	0.000	0.444	0.000	0.000	0.666	0.244	0.006	0.001	0.003	0.009
15.500	0.923	0.591	0.082	0.008	0.000	0.484	0.000	0.000	0.352	0.000	0.459	0.007	0.001	0.254	0.000	0.446	0.000	0.000	0.666	0.247	0.007	0.001	0.004	0.012
15.600	0.925	0.592	0.086	0.007	0.000	0.485	0.000	0.000	0.353	0.000	0.461	0.008	0.003	0.256	0.000	0.451	0.000	0.000	0.667	0.250	0.008	0.000	0.004	0.011
15.700	0.923	0.593	0.088	0.008	0.000	0.486	0.000	0.000	0.355	0.000	0.463	0.009	0.001	0.259	0.000	0.451	0.000	0.000	0.671	0.253	0.008	0.001	0.002	0.011
15.800	0.924	0.596	0.092	0.006	0.000	0.489	0.000	0.000	0.359	0.000	0.465	0.009	0.003	0.263	0.000	0.453	0.000	0.000	0.670	0.255	0.007	0.001	0.003	0.011
15.900	0.923	0.595	0.095	0.005	0.000	0.490	0.000	0.000	0.360	0.000	0.467	0.008	0.001	0.265	0.000	0.455	0.000	0.000	0.672	0.259	0.008	0.000	0.002	0.010
16.000	0.925	0.597	0.097	0.007	0.000	0.493	0.000	0.000	0.363	0.000	0.469	0.007	0.001	0.266	0.000	0.458	0.000	0.000	0.673	0.261	0.007	0.001	0.003	0.010
16.100	0.924	0.597	0.102	0.007	0.000	0.494	0.000	0.000	0.365	0.000	0.468	0.006	0.001	0.269	0.000	0.460	0.000	0.000	0.674	0.265	0.007	0.001	0.003	0.009
16.200	0.923	0.601	0.107	0.007	0.000	0.496	0.000	0.000	0.367	0.000	0.472	0.007	0.003	0.273	0.000	0.461	0.000	0.000	0.676	0.266	0.009	0.001	0.002	0.009
16.300	0.924	0.601	0.107	0.005	0.000	0.496	0.000	0.000	0.370	0.000	0.474	0.007	0.001	0.275	0.000	0.463	0.000	0.000	0.676	0.271	0.007	0.001	0.004	0.008
16.400	0.925	0.604	0.111	0.005	0.000	0.497	0.000	0.000	0.372	0.000	0.475	0.008	0.001	0.279	0.000	0.465	0.000	0.000	0.678	0.271	0.009	0.001	0.002	0.011
16.500	0.925	0.604	0.111	0.007	0.000	0.499	0.000	0.000	0.374	0.000	0.477	0.009	0.004	0.280	0.000	0.465	0.000	0.000	0.678	0.275	0.007	0.000	0.002	0.009
16.600	0.924	0.605	0.114	0.005	0.000	0.502	0.000	0.000	0.376	0.000	0.479	0.008	0.002	0.284	0.000	0.469	0.000	0.000	0.679	0.280	0.008	0.001	0.002	0.011
16.700	0.927	0.607	0.117	0.007	0.000	0.503	0.000	0.000	0.378	0.000	0.482	0.008	0.003	0.286	0.000	0.471	0.000	0.000	0.681	0.283	0.007	0.000	0.002	0.010
16.800	0.926	0.608	0.120	0.005	0.000	0.503	0.000	0.000	0.378	0.000	0.482	0.008	0.001	0.288	0.000	0.475	0.000	0.000	0.683	0.285	0.008	0.001	0.001	0.012
16.900	0.924	0.609	0.124	0.004	0.000	0.506	0.000	0.000	0.383	0.000	0.486	0.007	0.001	0.292	0.000	0.475	0.000	0.000	0.685	0.288	0.009	0.000	0.004	0.011
17.000	0.925	0.610	0.124	0.007	0.000	0.509	0.000	0.000	0.385	0.000	0.487	0.007	0.003	0.295	0.000	0.479	0.000	0.000	0.686	0.291	0.008	0.001	0.004	0.011
17.100	0.927	0.611	0.128	0.007	0.000	0.509	0.000	0.000	0.387	0.000	0.489	0.007	0.002	0.299	0.000	0.480	0.000	0.000	0.685	0.295	0.009	0.001	0.002	0.011
17.200	0.927	0.614	0.132	0.005	0.000	0.513	0.000	0.000	0.388	0.000	0.491	0.007	0.002	0.301	0.000	0.482	0.000	0.000	0.688	0.300	0.006	0.002	0.003	0.011
17.300	0.927	0.614	0.135	0.005	0.000	0.515	0.000	0.000	0.392	0.000	0.493	0.007	0.002	0.305	0.000	0.484	0.000	0.000	0.687	0.302	0.008	0.000	0.004	0.011
17.400	0.928	0.616	0.141	0.006	0.000	0.516	0.000	0.000	0.394	0.000	0.497	0.009	0.003	0.308	0.000	0.485	0.000	0.000	0.690	0.305	0.007	0.000	0.003	0.011
17.500	0.927	0.618	0.145	0.005	0.000	0.520	0.000	0.000	0.395	0.000	0.497	0.007	0.003	0.310	0.000	0.487	0.000	0.000	0.693	0.311	0.008	0.000	0.002	0.010
17.600	0.927	0.619	0.150	0.006	0.000	0.520	0.000	0.000	0.396	0.000	0.499	0.007	0.002	0.314	0.000	0.493	0.000	0.000	0.692	0.314	0.009	0.001	0.002	0.010
17.700	0.929	0.622	0.153	0.007	0.000	0.522	0.000	0.000	0.401	0.000	0.501	0.007	0.001	0.316	0.000	0.494	0.000	0.000	0.693	0.317	0.007	0.000	0.001	0.010
17.800	0.928	0.622	0.158	0.006	0.000	0.524	0.000	0.000	0.403	0.000	0.504	0.009	0.002	0.318	0.000	0.497	0.000	0.000	0.693	0.321	0.007	0.001	0.002	0.009
17.900	0.928	0.625	0.158	0.005	0.000	0.524	0.000	0.000	0.405	0.000	0.504	0.009	0.001	0.321	0.000	0.497	0.000	0.000	0.697	0.323	0.007	0.000	0.003	0.010
18.000	0.928	0.626	0.164	0.007	0.000	0.527	0.000	0.000	0.408	0.000	0.507	0.008	0.002	0.323	0.000	0.501	0.000	0.000	0.695	0.324	0.007	0.000	0.002	0.011
18.100	0.929	0.627	0.169	0.005	0.000	0.528	0.000	0.000	0.410	0.000	0.508	0.007	0.002	0.326	0.000	0.502	0.000	0.000	0.701	0.328	0.008	0.000	0.003	0.011
18.200	0.930	0.628	0.172	0.005	0.000	0.531	0.000	0.000	0.412	0.000	0.508	0.008	0.002	0.328	0.000	0.504	0.000	0.000	0.700	0.330	0.008	0.002	0.004	0.010
18.300	0.929	0.630	0.177	0.007	0.000	0.532	0.000	0.000	0.412	0.000	0.510	0.007	0.003	0.330	0.000	0.504	0.000	0.000	0.700	0.333	0.007	0.001	0.002	0.010
18.400	0.929	0.630	0.183	0.005	0.000	0.533	0.000	0.000	0.417	0.000	0.511	0.009	0.003	0.333	0.000	0.506	0.000	0.000	0.702	0.335	0.007	0.001	0.003	0.010
18.500	0.928	0.632	0.185	0.005	0.000	0.536	0.000	0.000	0.418	0.000	0.513	0.007	0.002	0.335	0.000	0.508	0.000	0.000	0.701	0.337	0.009	0.001	0.002	0.010
18.600	0.928	0.633	0.187	0.007	0.000	0.537	0.000	0.000	0.419	0.000	0.516	0.007	0.001	0.339	0.000	0.506	0.000	0.000	0.703	0.341	0.008	0.001	0.004	0.011
18.700	0.928	0.634	0.189	0.005	0.000	0.537	0.000	0.000	0.419	0.000	0.517	0.008	0.002	0.341	0.000	0.511	0.000	0.000	0.705	0.343	0.007	0.001	0.005	0.011
18.800	0.930	0.634	0.191	0.007	0.000	0.539	0.000	0.000	0.424	0.000	0.517	0.006	0.003	0.343	0.000	0.515	0.000	0.000	0.708	0.345	0.008	0.000	0.002	0.011
18.900	0.928	0.637	0.193	0.006	0.000	0.540	0.000	0.000	0.422	0.000	0.520	0.007	0.003	0.346	0.000	0.515	0.000	0.000	0.707	0.347	0.008	0.001	0.004	0.011
19.000	0.929	0.637	0.199	0.006	0.000	0.541	0.000	0.000	0.426	0.000	0.520	0.007	0.004	0.347	0.000	0.517	0.000	0.000	0.708	0.351	0.006	0.000	0.004	0.011
19.100	0.930	0.638	0.201	0.006	0.000	0.544	0.000	0.000	0.428	0.000	0.523	0.007	0.002	0.350	0.000	0.519	0.000	0.000	0.710	0.353	0.007	0.001	0.004	0.010
19.200	0.930	0.640	0.201	0.005	0.000	0.544	0.000	0.000	0.429	0.000	0.524	0.007	0.002	0.353	0.000	0.521	0.000	0.000	0.710	0.357	0.008	0.001	0.003	0.012
19.300	0.929	0.638	0.208	0.004	0.000	0.546	0.000	0.000	0.431	0.000	0.526	0.007	0.001	0.354	0.000	0.523	0.000	0.000	0.712	0.360	0.008	0.001	0.003	0.011
19.400	0.931	0.640	0.208	0.006	0.000	0.547	0.000	0.000	0.432	0.000	0.527	0.007	0.003	0.356	0.000	0.525	0.000	0.000	0.712	0.363	0.008	0.001	0.002	0.011
19.500	0.930	0.641	0.211	0.005	0.000	0.548	0.000	0.000	0.434	0.000	0.529	0.007	0.002	0.360	0.000	0.527	0.000	0.000	0.712	0.367	0.008	0.000	0.004	0.010
19.600	0.930	0.643	0.213	0.005	0.000	0.548	0.000	0.000	0.436	0.000	0.530	0.007	0.002	0.362	0.000	0.529	0.000	0.000	0.715	0.368	0.007	0.000	0.003	0.011
19.700	0.929	0.645	0.216	0.007	0.000	0.551	0.000	0.000	0.437	0.000	0.530	0.007	0.001	0.364	0.000	0.528	0.000	0.000	0.715	0.370	0.008	0.000	0.003	0.011
19.800	0.931	0.646	0.216	0.005	0.000	0.551	0.000	0.000	0.438	0.000	0.533	0.007	0.002	0.366	0.000	0.531	0.000	0.000	0.715	0.373	0.008	0.000	0.002	0.011
19.900	0.931	0.646	0.219	0.005	0.000	0.552	0.000	0.000	0.441	0.000	0.533	0.007	0.004	0.367	0.000	0.532	0.000	0.000	0.717	0.374	0.007	0.002	0.004	0.011
20.000	0.931	0.647	0.221	0.004	0.000	0.555	0.000	0.000	0.441	0.000	0.536	0.005	0.003	0.368	0.000	0.533	0.000	0.000	0.717	0.378	0.007	0.000	0.002	0.011
20.100	0.931	0.644	0.223	0.005	0.000	0.555	0.000	0.000	0.443	0.000	0.536	0.007	0.002	0.371	0.000	0.536	0.000	0.000	0.719	0.379	0.008	0.000	0.003	0.011
20.200	0.931	0.650	0.225	0.004	0.000	0.556	0.000	0.000	0.445	0.000	0.538	0.008	0.003	0.374	0.000	0.537	0.000	0.000	0.720	0.383	0.007	0.001	0.002	0.010
20.300	0.931	0.651	0.226	0.006	0.000	0.556	0.000	0.000	0.445	0.000	0.540	0.006	0.002	0.374	0.000	0.539	0.000	0.000	0.720	0.383	0.009	0.000	0.004	0.011
20.400	0.931	0.650	0.229	0.004	0.000	0.559	0.000	0.000	0.446	0.000	0.540	0.008	0.004	0.376	0.000	0.541	0.000	0.000	0.721	0.386	0.009	0.001	0.002	0.011
20.500	0.932	0.650	0.229	0.005	0.000	0.558	0.000	0.000	0.448	0.000	0.540	0.008	0.003	0.380	0.000	0.542	0.000	0.000	0.723	0.388	0.009	0.000	0.003	0.011
20.600	0.931	0.651	0.233	0.006	0.000	0.559	0.000	0.000	0.449	0.000	0.542	0.007	0.003	0.381	0.000	0.542	0.000	0.000	0.722	0.389	0.008	0.000	0.002	0.011
20.700	0.931	0.652	0.234	0.007	0.000	0.561	0.000	0.000	0.451	0.000	0.543	0.005	0.003	0.382	0.000	0.544	0.000	0.000	0.722	0.392	0.008	0.000	0.003	0.010
20.800	0.932	0.652	0.238	0.005	0.000	0.563	0.000	0.000	0.451	0.000	0.544	0.007	0.001	0.385	0.000	0.547	0.000	0.000	0.722	0.393	0.010	0.000	0.004	0.012
20.900	0.931	0.655	0.240	0.006	0.000	0.564	0.000	0.000	0.453	0.000	0.546	0.005	0.002	0.386	0.000	0.547	0.000	0.000	0.726	0.396	0.009	0.001	0.003	0.011
21.000	0.931	0.656	0.242	0.005	0.000	0.565	0.000	0.000	0.454	0.000	0.547	0.007	0.003	0.388	0.000	0.551	0.000	0.000	0.726	0.396	0.010	0.001	0.003	0.012
21.100	0.933	0.657	0.243	0.004	0.000	0.566	0.000	0.000	0.458	0.000	0.549	0.008	0.001	0.392	0.000	0.549	0.000	0.000	0.728	0.400	0.007	0.000	0.002	0.010
21.200	0.932	0.658	0.244	0.005	0.000	0.566	0.000	0.000	0.458	0.000	0.550	0.008	0.001	0.393	0.000	0.554	0.000	0.000	0.729	0.402	0.007	0.000	0.004	0.013
21.300	0.931	0.659	0.248	0.004	0.000	0.568	0.000	0.000	0.461	0.000	0.551	0.007	0.002	0.393	0.000	0.552	0.000	0.000	0.728	0.403	0.007	0.000	0.003	0.011
21.400	0.933	0.659	0.251	0.006	0.000	0.569	0.000	0.000	0.462	0.000	0.552	0.007	0.004	0.396	0.000	0.553	0.000	0.000	0.730	0.407	0.007	0.000	0.003	0.013
21.500	0.931	0.661	0.252	0.005	0.000	0.569	0.000	0.000	0.464	0.000	0.556	0.007	0.001	0.398	0.000	0.557	0.000	0.000	0.730	0.410	0.006	0.000	0.004	0.010
21.600	0.932	0.660	0.255	0.005	0.000	0.572	0.000	0.000	0.464	0.000	0.557	0.007	0.001	0.401	0.000	0.558	0.000	0.000	0.729	0.410	0.006	0.000	0.004	0.013
21.700	0.933	0.662	0.255	0.005	0.000	0.573	0.000	0.000	0.466	0.000	0.557	0.006	0.003	0.403	0.000	0.558	0.000	0.000	0.731	0.412	0.007	0.001	0.004	0.011
21.800	0.933	0.662	0.257	0.005	0.000	0.573	0.000	0.000	0.467	0.000	0.558	0.009	0.003	0.403	0.000	0.559	0.000	0.000	0.732	0.414	0.007	0.000	0.004	0.011
21.900	0.933	0.664	0.259	0.006	0.000	0.574	0.002	0.000	0.468	0.000	0.558	0.007	0.003	0.404	0.000	0.561	0.000	0.000	0.733	0.414	0.007	0.001	0.003	0.013
22.000	0.933	0.664	0.261	0.007	0.000	0.576	0.005	0.000	0.470	0.000	0.561	0.006	0.001	0.406	0.000	0.561	0.000	0.000	0.732	0.415	0.007	0.000	0.004	0.010
22.100	0.933	0.664	0.262	0.006	0.000	0.576	0.006	0.000	0.471	0.000	0.560	0.005	0.001	0.408	0.000	0.563	0.000	0.000	0.733	0.419	0.018	0.001	0.003	0.010
22.200	0.935	0.667	0.263	0.005	0.000	0.578	0.009	0.000	0.473	0.000	0.561	0.006	0.001	0.409	0.000	0.563	0.000	0.000	0.735	0.421	0.025	0.000	0.004	0.011
22.300	0.933	0.666	0.266	0.006	0.000	0.578	0.011	0.000	0.473	0.000	0.563	0.007	0.003	0.410	0.000	0.565	0.000	0.000	0.735	0.423	0.028	0.001	0.003	0.011
22.400	0.933	0.668	0.268	0.007	0.000	0.581	0.013	0.000	0.474	0.000	0.563	0.012	0.002	0.412	0.000	0.564	0.000	0.000	0.736	0.423	0.028	0.001	0.001	0.012
22.500	0.933	0.669	0.269	0.005	0.000	0.579	0.016	0.000	0.475	0.000	0.565	0.014	0.002	0.414	0.000	0.568	0.000	0.000	0.737	0.425	0.033	0.001	0.004	0.012
22.600	0.933	0.671	0.269	0.006	0.000	0.584	0.018	0.000	0.477	0.000	0.566	0.019	0.002	0.415	0.000	0.568	0.000	0.000	0.738	0.427	0.036	0.001	0.002	0.011
22.700	0.931	0.670	0.273	0.005	0.000	0.582	0.021	0.000	0.477	0.000	0.568	0.019	0.002	0.417	0.000	0.569	0.000	0.000	0.738	0.427	0.039	0.001	0.002	0.011
22.800	0.935	0.669	0.274	0.005	0.000	0.583	0.023	0.000	0.479	0.000	0.568	0.021	0.001	0.419	0.000	0.572	0.000	0.000	0.739	0.429	0.043	0.001	0.002	0.010
22.900	0.932	0.672	0.275	0.005	0.000	0.584	0.024	0.000	0.480	0.000	0.569	0.026	0.003	0.419	0.000	0.572	0.000	0.000	0.739	0.429	0.047	0.001	0.002	0.010
23.000	0.934	0.673	0.278	0.005	0.000	0.585	0.028	0.000	0.483	0.000	0.570	0.027	0.003	0.421	0.000	0.575	0.000	0.000	0.741	0.431	0.049	0.001	0.003	0.011
23.100	0.933	0.674	0.280	0.007	0.000	0.586	0.030	0.000	0.484	0.000	0.569	0.030	0.001	0.424	0.000	0.575	0.000	0.000	0.739	0.432	0.051	0.000	0.003	0.011
23.200	0.934	0.674	0.283	0.006	0.000	0.587	0.032	0.000	0.486	0.000	0.571	0.031	0.001	0.424	0.000	0.575	0.000	0.000	0.742	0.434	0.057	0.001	0.003	0.011
23.300	0.934	0.675	0.284	0.007	0.000	0.588	0.033	0.000	0.486	0.000	0.572	0.032	0.002	0.425	0.000	0.578	0.000	0.000	0.742	0.436	0.059	0.001	0.002	0.010
23.400	0.935	0.674	0.285	0.006	0.000	0.589	0.038	0.000	0.487	0.000	0.573	0.036	0.002	0.426	0.000	0.576	0.000	0.000	0.743	0.438	0.062	0.000	0.002	0.011
23.500	0.933	0.675	0.287	0.005	0.000	0.591	0.039	0.000	0.487	0.000	0.576	0.036	0.001	0.429	0.000	0.578	0.000	0.000	0.743	0.439	0.065	0.001	0.001	0.012
23.600	0.934	0.676	0.287	0.006	0.000	0.591	0.042	0.000	0.488	0.000	0.575	0.037	0.002	0.430	0.000	0.580	0.000	0.000	0.745	0.441	0.068	0.001	0.002	0.011
23.700	0.933	0.676	0.289	0.005	0.000	0.592	0.042	0.000	0.491	0.000	0.576	0.039	0.001	0.431	0.000	0.582	0.000	0.000	0.743	0.443	0.072	0.000	0.004	0.011
23.800	0.935	0.679	0.291	0.007	0.000	0.592	0.043	0.000	0.491	0.000	0.577	0.042	0.003	0.432	0.000	0.583	0.000	0.000	0.744	0.445	0.078	0.001	0.003	0.011
23.900	0.935	0.679	0.292	0.006	0.000	0.594	0.047	0.000	0.493	0.000	0.578	0.043	0.002	0.433	0.000	0.582	0.000	0.000	0.745	0.446	0.082	0.000	0.002	0.011
24.000	0.935	0.678	0.294	0.007	0.000	0.594	0.048	0.000	0.494	0.000	0.580	0.045	0.003	0.436	0.000	0.585	0.000	0.000	0.746	0.448	0.088	0.000	0.001	0.011
24.100	0.936	0.679	0.295	0.007	0.000	0.595	0.050	0.000	0.494	0.000	0.580	0.048	0.002	0.435	0.000	0.585	0.000	0.000	0.745	0.450	0.092	0.000	0.001	0.011
24.200	0.934	0.681	0.297	0.006	0.000	0.595	0.052	0.000	0.497	0.000	0.582	0.049	0.003	0.438	0.000	0.586	0.000	0.000	0.746	0.451	0.096	0.001	0.002	0.010
24.300	0.934	0.682	0.301	0.005	0.000	0.597	0.054	0.000	0.497	0.000	0.582	0.050	0.004	0.439	0.000	0.587	0.000	0.000	0.746	0.453	0.101	0.001	0.002	0.010
24.400	0.934	0.682	0.299	0.005	0.000	0.597	0.058	0.000	0.497	0.000	0.585	0.054	0.003	0.441	0.000	0.588	0.000	0.000	0.747	0.454	0.105	0.000	0.001	0.010
24.500	0.935	0.682	0.302	0.007	0.000	0.598	0.059	0.000	0.499	0.000	0.584	0.055	0.002	0.441	0.000	0.591	0.000	0.000	0.750	0.455	0.108	0.000	0.002	0.011
24.600	0.935	0.684	0.302	0.008	0.000	0.599	0.062	0.000	0.500	0.000	0.585	0.057	0.002	0.445	0.000	0.590	0.000	0.000	0.750	0.458	0.111	0.001	0.002	0.011
24.700	0.936	0.683	0.304	0.006	0.000	0.600	0.062	0.000	0.501	0.000	0.585	0.061	0.001	0.446	0.000	0.592	0.000	0.000	0.752	0.459	0.115	0.000	0.003	0.011
24.800	0.937	0.684	0.305	0.007	0.000	0.601	0.064	0.000	0.503	0.000	0.586	0.062	0.003	0.448	0.000	0.592	0.000	0.000	0.751	0.459	0.118	0.000	0.002	0.012
24.900	0.936	0.685	0.309	0.007	0.000	0.602	0.064	0.000	0.502	0.000	0.588	0.062	0.001	0.449	0.000	0.594	0.000	0.000	0.752	0.462	0.123	0.001	0.001	0.010
25.000	0.934	0.687	0.307	0.007	0.000	0.602	0.066	0.000	0.504	0.000	0.588	0.066	0.003	0.450	0.000	0.594	0.000	0.000	0.753	0.464	0.128	0.002	0.003	0.010
25.100	0.934	0.685	0.309	0.007	0.000	0.603	0.067	0.000	0.504	0.000	0.588	0.066	0.001	0.451	0.000	0.595	0.000	0.000	0.754	0.466	0.130	0.000	0.002	0.011
25.200	0.936	0.687	0.312	0.007	0.000	0.604	0.070	0.000	0.505	0.000	0.591	0.068	0.003	0.454	0.000	0.598	0.000	0.000	0.754	0.467	0.134	0.000	0.003	0.011
25.300	0.937	0.689	0.312	0.006	0.000	0.605	0.071	0.000	0.506	0.000	0.591	0.071	0.001	0.453	0.000	0.598	0.000	0.000	0.755	0.469	0.136	0.001	0.002	0.010
25.400	0.935	0.687	0.314	0.006	0.000	0.605	0.073	0.000	0.507	0.000	0.592	0.073	0.003	0.455	0.000	0.599	0.023	0.000	0.754	0.470	0.139	0.001	0.002	0.012
25.500	0.935	0.688	0.315	0.007	0.000	0.606	0.075	0.000	0.509	0.000	0.592	0.074	0.001	0.458	0.000	0.600	0.026	0.000	0.757	0.470	0.142	0.000	0.003	0.010
25.600	0.937	0.689	0.316	0.007	0.000	0.608	0.078	0.000	0.509	0.000	0.594	0.078	0.001	0.458	0.000	0.601	0.029	0.000	0.755	0.472	0.143	0.000	0.004	0.011
25.700	0.935	0.690	0.318	0.008	0.000	0.608	0.079	0.000	0.511	0.000	0.595	0.078	0.001	0.459	0.000	0.601	0.033	0.000	0.757	0.474	0.148	0.001	0.003	0.010
25.800	0.936	0.692	0.319	0.007	0.000	0.609	0.080	0.000	0.511	0.000	0.596	0.081	0.002	0.462	0.000	0.603	0.035	0.000	0.758	0.475	0.150	0.001	0.002	0.011
25.900	0.937	0.690	0.320	0.006	0.000	0.610	0.083	0.000	0.513	0.000	0.597	0.083	0.001	0.461	0.000	0.604	0.038	0.000	0.757	0.477	0.152	0.001	0.002	0.010
26.000	0.937	0.692	0.322	0.005	0.000	0.610	0.085	0.000	0.514	0.000	0.597	0.085	0.002	0.464	0.000	0.604	0.038	0.000	0.760	0.478	0.155	0.001	0.003	0.011
26.100	0.935	0.693	0.323	0.005	0.000	0.611	0.085	0.000	0.515	0.000	0.600	0.085	0.002	0.465	0.000	0.606	0.043	0.000	0.761	0.480	0.158	0.001	0.004	0.011
26.200	0.936	0.692	0.324	0.004	0.000	0.611	0.087	0.000	0.515	0.000	0.598	0.087	0.001	0.467	0.000	0.606	0.047	0.000	0.760	0.484	0.163	0.001	0.002	0.012
26.300	0.936	0.692	0.325	0.005	0.000	0.612	0.087	0.000	0.516	0.000	0.599	0.088	0.000	0.467	0.000	0.609	0.048	0.000	0.760	0.484	0.164	0.000	0.003	0.010
26.400	0.936	0.694	0.326	0.007	0.000	0.613	0.088	0.000	0.516	0.000	0.601	0.091	0.001	0.470	0.000	0.609	0.050	0.000	0.760	0.484	0.167	0.002	0.004	0.011
26.500	0.937	0.695	0.326	0.005	0.000	0.614	0.092	0.000	0.517	0.000	0.601	0.092	0.001	0.470	0.000	0.610	0.053	0.000	0.760	0.486	0.168	0.001	0.003	0.010
26.600	0.937	0.694	0.327	0.006	0.000	0.614	0.092	0.000	0.517	0.000	0.602	0.093	0.001	0.470	0.000	0.612	0.055	0.000	0.761	0.486	0.172	0.001	0.003	0.009
26.700	0.936	0.693	0.330	0.006	0.000	0.615	0.094	0.000	0.520	0.000	0.603	0.095	0.001	0.473	0.000	0.612	0.057	0.000	0.764	0.487	0.175	0.000	0.002	0.012
26.800	0.937	0.696	0.331	0.007	0.000	0.616	0.094	0.000	0.520	0.000	0.603	0.096	0.001	0.472	0.000	0.611	0.060	0.000	0.763	0.489	0.177	0.001	0.002	0.011
26.900	0.936	0.696	0.332	0.005	0.000	0.615	0.096	0.000	0.521	0.000	0.604	0.098	0.001	0.474	0.000	0.615	0.062	0.000	0.763	0.491	0.179	0.000	0.002	0.010
27.000	0.938	0.696	0.333	0.006	0.000	0.616	0.099	0.000	0.522	0.000	0.604	0.099	0.001	0.477	0.000	0.616	0.065	0.000	0.764	0.491	0.183	0.000	0.003	0.010
27.100	0.937	0.696	0.335	0.006	0.000	0.617	0.098	0.000	0.522	0.000	0.604	0.102	0.001	0.477	0.000	0.616	0.065	0.000	0.764	0.492	0.184	0.000	0.004	0.011
27.200	0.937	0.697	0.336	0.007	0.000	0.618	0.100	0.000	0.523	0.000	0.605	0.102	0.001	0.479	0.000	0.616	0.065	0.000	0.766	0.493	0.186	0.001	0.004	0.010
27.300	0.938	0.698	0.336	0.005	0.000	0.618	0.103	0.000	0.524	0.000	0.606	0.103	0.002	0.480	0.000	0.616	0.067	0.000	0.765	0.494	0.187	0.002	0.003	0.010
27.400	0.938	0.698	0.335	0.005	0.000	0.619	0.103	0.000	0.525	0.000	0.605	0.105	0.001	0.481	0.000	0.616	0.069	0.000	0.764	0.495	0.189	0.001	0.003	0.011
27.500	0.937	0.700	0.338	0.007	0.000	0.619	0.104	0.000	0.527	0.000	0.607	0.105	0.002	0.480	0.000	0.616	0.071	0.000	0.765	0.497	0.192	0.001	0.003	0.011
27.600	0.938	0.698	0.339	0.006	0.000	0.620	0.105	0.000	0.526	0.000	0.608	0.107	0.002	0.481	0.000	0.618	0.071	0.000	0.767	0.498	0.195	0.001	0.004	0.011
27.700	0.938	0.700	0.339	0.007	0.000	0.621	0.106	0.000	0.526	0.000	0.609	0.107	0.001	0.483	0.000	0.618	0.074	0.000	0.768	0.500	0.196	0.001	0.002	0.011
27.800	0.938	0.699	0.341	0.005	0.000	0.622	0.107	0.000	0.528	0.000	0.609	0.110	0.001	0.483	0.000	0.619	0.076	0.000	0.768	0.498	0.198	0.000	0.001	0.011
27.900	0.938	0.700	0.343	0.005	0.000	0.621	0.111	0.000	0.528	0.000	0.609	0.112	0.001	0.484	0.000	0.618	0.077	0.000	0.767	0.500	0.198	0.000	0.003	0.007
28.000	0.937	0.702	0.342	0.006	0.000	0.622	0.110	0.000	0.529	0.000	0.609	0.112	0.001	0.485	0.000	0.622	0.078	0.000	0.766	0.502	0.201	0.001	0.004	0.011
28.100	0.937	0.700	0.343	0.006	0.000	0.623	0.113	0.000	0.530	0.000	0.610	0.113	0.002	0.485	0.000	0.621	0.079	0.000	0.767	0.501	0.204	0.000	0.003	0.011
28.200	0.940	0.702	0.345	0.005	0.000	0.623	0.114	0.000	0.530	0.000	0.612	0.114	0.001	0.486	0.000	0.621	0.081	0.000	0.768	0.503	0.206	0.001	0.002	0.011
28.300	0.938	0.701	0.346	0.005	0.000	0.624	0.115	0.000	0.532	0.000	0.612	0.115	0.002	0.487	0.000	0.621	0.083	0.000	0.768	0.504	0.209	0.001	0.004	0.011
28.400	0.939	0.702	0.347	0.006	0.000	0.623	0.117	0.000	0.532	0.000	0.613	0.117	0.000	0.487	0.000	0.622	0.084	0.000	0.768	0.506	0.210	0.000	0.004	0.011
28.500	0.938	0.705	0.347	0.007	0.000	0.624	0.117	0.000	0.532	0.000	0.613	0.117	0.000	0.489	0.000	0.624	0.085	0.000	0.768	0.506	0.211	0.000	0.003	0.011
28.600	0.940	0.703	0.347	0.006	0.000	0.625	0.119	0.000	0.533	0.000	0.613	0.120	0.002	0.491	0.000	0.624	0.087	0.000	0.769	0.507	0.211	0.000	0.004	0.011
28.700	0.937	0.703	0.350	0.007	0.000	0.625	0.121	0.000	0.534	0.000	0.614	0.123	0.001	0.491	0.000	0.626	0.088	0.000	0.771	0.507	0.215	0.001	0.004	0.011
28.800	0.938	0.705	0.350	0.005	0.000	0.627	0.121	0.000	0.533	0.000	0.615	0.124	0.001	0.491	0.000	0.624	0.089	0.000	0.769	0.509	0.215	0.001	0.004	0.010
28.900	0.937	0.706	0.351	0.005	0.000	0.628	0.125	0.000	0.536	0.000	0.618	0.125	0.003	0.493	0.000	0.626	0.091	0.000	0.771	0.511	0.216	0.000	0.003	0.011
29.000	0.938	0.707	0.353	0.005	0.000	0.630	0.125	0.000	0.535	0.000	0.618	0.128	0.000	0.493	0.000	0.625	0.092	0.000	0.770	0.510	0.219	0.000	0.003	0.011
29.100	0.938	0.707	0.356	0.005	0.000	0.629	0.126	0.000	0.536	0.000	0.618	0.128	0.001	0.494	0.000	0.625	0.095	0.000	0.771	0.511	0.221	0.000	0.004	0.010
29.200	0.938	0.708	0.356	0.007	0.000	0.630	0.128	0.000	0.539	0.000	0.618	0.128	0.001	0.496	0.000	0.628	0.093	0.000	0.771	0.512	0.223	0.000	0.002	0.011
29.300	0.938	0.706	0.356	0.007	0.000	0.630	0.129	0.000	0.538	0.000	0.618	0.130	0.002	0.494	0.000	0.629	0.096	0.000	0.771	0.512	0.225	0.001	0.002	0.011
29.400	0.939	0.707	0.358	0.007	0.000	0.631	0.131	0.000	0.540	0.000	0.620	0.129	0.001	0.497	0.000	0.629	0.098	0.000	0.772	0.514	0.223	0.001	0.003	0.011
29.500	0.937	0.708	0.360	0.007	0.000	0.631	0.132	0.000	0.539	0.000	0.621	0.132	0.001	0.497	0.000	0.628	0.098	0.000	0.772	0.514	0.226	0.001	0.004	0.011
29.600	0.939	0.711	0.360	0.006	0.000	0.632	0.133	0.000	0.540	0.000	0.620	0.134	0.002	0.497	0.000	0.630	0.100	0.000	0.772	0.515	0.228	0.000	0.003	0.011
29.700	0.938	0.708	0.361	0.005	0.000	0.633	0.135	0.000	0.540	0.000	0.621	0.135	0.001	0.499	0.000	0.631	0.103	0.000	0.774	0.515	0.230	0.000	0.003	0.011
29.800	0.940	0.709	0.360	0.007	0.000	0.632	0.137	0.000	0.542	0.000	0.620	0.136	0.002	0.501	0.000	0.633	0.103	0.000	0.775	0.516	0.230	0.000	0.002	0.011
29.900	0.938	0.710	0.364	0.006	0.000	0.633	0.138	0.000	0.541	0.000	0.621	0.136	0.002	0.500	0.000	0.633	0.105	0.000	0.774	0.517	0.233	0.001	0.002	0.011
30.000	0.938	0.712	0.364	0.007	0.000	0.633	0.140	0.000	0.543	0.000	0.622	0.138	0.001	0.501	0.000	0.633	0.107	0.000	0.775	0.519	0.234	0.001	0.004	0.011
30.100	0.939	0.711	0.366	0.005	0.000	0.633	0.141	0.000	0.545	0.000	0.622	0.138	0.001	0.501	0.000	0.634	0.108	0.000	0.776	0.521	0.236	0.001	0.002	0.011
30.200	0.940	0.711	0.367	0.005	0.000	0.634	0.143	0.000	0.543	0.000	0.623	0.139	0.002	0.503	0.000	0.634	0.110	0.000	0.775	0.519	0.238	0.001	0.003	0.012
30.300	0.938	0.712	0.366	0.005	0.000	0.636	0.144	0.000	0.546	0.000	0.623	0.142	0.003	0.505	0.000	0.634	0.110	0.000	0.775	0.522	0.239	0.000	0.004	0.011
30.400	0.937	0.712	0.367	0.005	0.000	0.636	0.145	0.000	0.548	0.000	0.625	0.142	0.001	0.504	0.000	0.634	0.114	0.000	0.776	0.523	0.241	0.001	0.003	0.011
30.500	0.939	0.713	0.369	0.007	0.000	0.637	0.146	0.000	0.549	0.000	0.624	0.143	0.001	0.505	0.000	0.637	0.114	0.000	0.775	0.523	0.246	0.000	0.003	0.012
30.600	0.940	0.713	0.370	0.006	0.000	0.638	0.148	0.000	0.548	0.000	0.625	0.147	0.002	0.508	0.000	0.638	0.115	0.000	0.777	0.523	0.246	0.001	0.003	0.011
30.700	0.940	0.714	0.371	0.006	0.000	0.638	0.150	0.000	0.549	0.000	0.626	0.148	0.002	0.506	0.000	0.638	0.118	0.000	0.776	0.524	0.247	0.001	0.002	0.010
30.800	0.938	0.714	0.371	0.005	0.000	0.639	0.151	0.000	0.551	0.000	0.627	0.148	0.004	0.508	0.000	0.639	0.120	0.000	0.775	0.525	0.249	0.001	0.003	0.011
30.900	0.938	0.712	0.374	0.006	0.000	0.638	0.151	0.000	0.551	0.000	0.627	0.151	0.001	0.510	0.000	0.640	0.121	0.000	0.779	0.528	0.252	0.000	0.002	0.008
31.000	0.940	0.714	0.372	0.007	0.000	0.640	0.155	0.000	0.549	0.000	0.628	0.150	0.002	0.510	0.000	0.640	0.124	0.000	0.779	0.527	0.250	0.000	0.004	0.011
31.100	0.939	0.715	0.375	0.007	0.000	0.640	0.153	0.000	0.552	0.000	0.630	0.153	0.001	0.511	0.000	0.640	0.125	0.000	0.776	0.527	0.251	0.000	0.002	0.010
31.200	0.939	0.715	0.378	0.007	0.000	0.640	0.156	0.000	0.550	0.000	0.630	0.156	0.000	0.510	0.000	0.640	0.126	0.000	0.779	0.527	0.254	0.000	0.002	0.010
31.300	0.938	0.715	0.379	0.005	0.000	0.640	0.159	0.000	0.552	0.000	0.629	0.156	0.004	0.513	0.000	0.640	0.129	0.000	0.779	0.529	0.256	0.000	0.002	0.011
31.400	0.939	0.717	0.379	0.005	0.000	0.641	0.160	0.000	0.554	0.000	0.630	0.158	0.002	0.513	0.000	0.643	0.130	0.000	0.781	0.531	0.259	0.000	0.002	0.012
31.500	0.940	0.717	0.381	0.006	0.000	0.643	0.160	0.000	0.552	0.000	0.631	0.160	0.001	0.515	0.000	0.643	0.133	0.000	0.781	0.531	0.261	0.001	0.004	0.012
31.600	0.938	0.719	0.382	0.007	0.000	0.643	0.163	0.000	0.556	0.000	0.631	0.161	0.003	0.515	0.000	0.643	0.133	0.000	0.780	0.533	0.264	0.000	0.003	0.012
31.700	0.939	0.718	0.383	0.007	0.000	0.643	0.164	0.000	0.556	0.000	0.632	0.161	0.002	0.516	0.000	0.644	0.136	0.000	0.781	0.533	0.265	0.001	0.004	0.012
31.800	0.938	0.719	0.383	0.005	0.000	0.646	0.165	0.000	0.558	0.000	0.633	0.162	0.001	0.516	0.000	0.645	0.138	0.000	0.782	0.535	0.267	0.000	0.003	0.011
31.900	0.941	0.721	0.386	0.008	0.000	0.644	0.165	0.000	0.558	0.000	0.634	0.164	0.003	0.517	0.000	0.645	0.139	0.000	0.781	0.536	0.269	0.000	0.003	0.010
32.000	0.941	0.721	0.386	0.006	0.000	0.648	0.167	0.000	0.558	0.000	0.634	0.166	0.002	0.517	0.000	0.645	0.142	0.000	0.782	0.536	0.271	0.000	0.002	0.011
32.100	0.940	0.721	0.388	0.006	0.000	0.647	0.170	0.000	0.559	0.000	0.636	0.168	0.002	0.519	0.000	0.647	0.145	0.000	0.784	0.538	0.272	0.001	0.002	0.011
32.200	0.940	0.720	0.389	0.005	0.000	0.647	0.170	0.000	0.560	0.000	0.636	0.168	0.003	0.520	0.000	0.647	0.146	0.000	0.784	0.537	0.274	0.002	0.004	0.011
32.300	0.939	0.721	0.388	0.007	0.000	0.648	0.172	0.000	0.559	0.000	0.636	0.170	0.002	0.521	0.000	0.648	0.148	0.000	0.784	0.539	0.275	0.000	0.002	0.011
32.400	0.940	0.724	0.391	0.006	0.000	0.649	0.174	0.000	0.561	0.000	0.637	0.171	0.002	0.522	0.000	0.648	0.148	0.000	0.784	0.539	0.276	0.000	0.003	0.011
32.500	0.940	0.724	0.392	0.005	0.000	0.649	0.176	0.000	0.562	0.000	0.638	0.174	0.001	0.523	0.000	0.650	0.150	0.000	0.784	0.540	0.278	0.000	0.002	0.010
32.600	0.939	0.722	0.393	0.006	0.000	0.648	0.176	0.000	0.563	0.000	0.638	0.174	0.001	0.524	0.000	0.648	0.152	0.000	0.786	0.542	0.279	0.000	0.004	0.011
32.700	0.941	0.723	0.393	0.006	0.000	0.650	0.179	0.000	0.564	0.000	0.640	0.173	0.001	0.524	0.000	0.652	0.153	0.000	0.786	0.542	0.280	0.001	0.002	0.009
32.800	0.940	0.723	0.393	0.005	0.000	0.650	0.179	0.000	0.563	0.000	0.638	0.176	0.003	0.524	0.000	0.652	0.154	0.000	0.785	0.543	0.282	0.001	0.002	0.010
32.900	0.939	0.725	0.393	0.005	0.000	0.651	0.180	0.000	0.564	0.000	0.640	0.178	0.001	0.526	0.000	0.652	0.156	0.000	0.786	0.544	0.283	0.000	0.002	0.011
33.000	0.939	0.725	0.398	0.007	0.000	0.650	0.183	0.000	0.567	0.000	0.640	0.179	0.002	0.528	0.000	0.653	0.157	0.000	0.787	0.546	0.284	0.001	0.002	0.011
33.100	0.940	0.726	0.398	0.007	0.000	0.650	0.184	0.000	0.567	0.000	0.640	0.179	0.003	0.529	0.000	0.654	0.159	0.000	0.784	0.546	0.287	0.000	0.004	0.012
33.200	0.941	0.724	0.400	0.005	0.000	0.652	0.185	0.000	0.568	0.000	0.641	0.180	0.001	0.529	0.000	0.654	0.161	0.000	0.787	0.545	0.288	0.000	0.002	0.011
33.300	0.940	0.726	0.400	0.005	0.000	0.653	0.187	0.000	0.568	0.000	0.642	0.181	0.003	0.529	0.000	0.655	0.162	0.000	0.787	0.546	0.289	0.000	0.004	0.011
33.400	0.942	0.727	0.403	0.005	0.000	0.654	0.187	0.000	0.571	0.000	0.643	0.183	0.002	0.530	0.000	0.656	0.164	0.000	0.787	0.549	0.291	0.001	0.004	0.011
33.500	0.941	0.726	0.403	0.007	0.000	0.654	0.188	0.000	0.569	0.000	0.644	0.183	0.001	0.530	0.000	0.656	0.167	0.000	0.788	0.551	0.291	0.000	0.002	0.009
33.600	0.942	0.728	0.403	0.006	0.000	0.654	0.190	0.000	0.570	0.000	0.643	0.185	0.003	0.531	0.000	0.657	0.168	0.000	0.790	0.551	0.295	0.001	0.002	0.009
33.700	0.942	0.728	0.404	0.005	0.000	0.654	0.191	0.000	0.570	0.000	0.645	0.187	0.001	0.532	0.000	0.658	0.170	0.000	0.788	0.551	0.294	0.001	0.003	0.011
33.800	0.940	0.729	0.406	0.005	0.000	0.656	0.194	0.000	0.572	0.000	0.645	0.187	0.001	0.533	0.000	0.657	0.171	0.000	0.787	0.554	0.297	0.000	0.003	0.011
33.900	0.940	0.729	0.407	0.006	0.000	0.655	0.195	0.000	0.572	0.000	0.646	0.188	0.003	0.533	0.000	0.657	0.172	0.000	0.789	0.554	0.297	0.000	0.003	0.011
34.000	0.941	0.731	0.407	0.006	0.000	0.656	0.194	0.000	0.572	0.000	0.646	0.189	0.003	0.535	0.000	0.660	0.175	0.000	0.790	0.553	0.299	0.000	0.002	0.011
34.100	0.941	0.729	0.409	0.005	0.000	0.656	0.196	0.000	0.572	0.000	0.647	0.189	0.001	0.536	0.000	0.659	0.177	0.000	0.789	0.555	0.302	0.000	0.002	0.011
34.200	0.941	0.729	0.409	0.006	0.000	0.658	0.199	0.000	0.574	0.000	0.647	0.191	0.001	0.536	0.000	0.660	0.178	0.000	0.790	0.555	0.301	0.000	0.004	0.010
34.300	0.940	0.729	0.410	0.007	0.000	0.657	0.199	0.000	0.573	0.000	0.648	0.194	0.001	0.538	0.000	0.660	0.179	0.000	0.790	0.556	0.304	0.002	0.002	0.011
34.400	0.940	0.731	0.410	0.006	0.000	0.659	0.201	0.000	0.574	0.000	0.648	0.195	0.001	0.539	0.000	0.661	0.178	0.000	0.790	0.558	0.305	0.001	0.003	0.011
34.500	0.941	0.730	0.411	0.005	0.000	0.659	0.201	0.000	0.575	0.000	0.649	0.194	0.002	0.540	0.000	0.661	0.180	0.000	0.791	0.557	0.308	0.000	0.002	0.011
34.600	0.942	0.731	0.414	0.005	0.000	0.658	0.203	0.000	0.576	0.000	0.649	0.197	0.002	0.539	0.000	0.660	0.183	0.000	0.793	0.558	0.308	0.000	0.004	0.009
34.700	0.941	0.731	0.414	0.005	0.000	0.660	0.204	0.000	0.576	0.000	0.650	0.198	0.001	0.540	0.000	0.663	0.183	0.000	0.790	0.558	0.307	0.001	0.002	0.011
34.800	0.941	0.732	0.414	0.005	0.000	0.660	0.206	0.000	0.577	0.000	0.650	0.199	0.001	0.541	0.000	0.662	0.186	0.000	0.792	0.559	0.310	0.002	0.002	0.010
34.900	0.941	0.733	0.415	0.006	0.000	0.661	0.205	0.000	0.578	0.000	0.649	0.201	0.001	0.542	0.000	0.663	0.187	0.000	0.791	0.560	0.311	0.000	0.002	0.011
35.000	0.942	0.733	0.415	0.005	0.000	0.660	0.209	0.000	0.578	0.000	0.650	0.201	0.002	0.542	0.000	0.662	0.189	0.000	0.793	0.561	0.312	0.000	0.004	0.011
35.100	0.940	0.735	0.419	0.007	0.000	0.661	0.210	0.000	0.578	0.000	0.652	0.203	0.002	0.544	0.000	0.664	0.190	0.000	0.791	0.561	0.314	0.000	0.001	0.011
35.200	0.942	0.735	0.419	0.006	0.000	0.663	0.210	0.000	0.580	0.000	0.652	0.204	0.001	0.546	0.000	0.664	0.190	0.000	0.793	0.560	0.314	0.000	0.003	0.010
35.300	0.941	0.734	0.419	0.007	0.000	0.663	0.211	0.000	0.580	0.000	0.652	0.203	0.003	0.546	0.000	0.665	0.192	0.000	0.792	0.564	0.316	0.001	0.004	0.011
35.400	0.941	0.735	0.421	0.005	0.000	0.662	0.212	0.000	0.582	0.000	0.654	0.204	0.001	0.545	0.000	0.665	0.192	0.000	0.794	0.565	0.318	0.001	0.003	0.011
35.500	0.941	0.734	0.422	0.007	0.000	0.664	0.215	0.000	0.583	0.000	0.653	0.208	0.001	0.547	0.000	0.666	0.194	0.000	0.793	0.566	0.319	0.000	0.003	0.011
35.600	0.942	0.735	0.421	0.018	0.000	0.666	0.216	0.000	0.584	0.000	0.654	0.209	0.002	0.548	0.000	0.666	0.196	0.000	0.794	0.566	0.320	0.000	0.003	0.011
35.700	0.941	0.737	0.424	0.023	0.000	0.666	0.218	0.000	0.583	0.000	0.654	0.210	0.002	0.549	0.000	0.666	0.197	0.000	0.794	0.566	0.321	0.001	0.003	0.013
35.800	0.940	0.738	0.425	0.026	0.000	0.666	0.219	0.000	0.584	0.000	0.654	0.213	0.003	0.549	0.000	0.667	0.198	0.000	0.793	0.568	0.321	0.001	0.004	0.011
35.900	0.941	0.738	0.427	0.031	0.000	0.666	0.221	0.000	0.585	0.000	0.655	0.212	0.004	0.548	0.000	0.669	0.199	0.000	0.794	0.567	0.325	0.001	0.004	0.011
36.000	0.940	0.738	0.428	0.034	0.000	0.667	0.222	0.000	0.585	0.000	0.656	0.213	0.002	0.550	0.000	0.668	0.202	0.000	0.794	0.568	0.325	0.000	0.002	0.013
36.100	0.942	0.738	0.428	0.037	0.000	0.667	0.224	0.000	0.587	0.000	0.657	0.215	0.001	0.551	0.000	0.668	0.201	0.000	0.794	0.569	0.326	0.000	0.003	0.011
36.200	0.943	0.739	0.429	0.039	0.000	0.667	0.224	0.000	0.587	0.000	0.659	0.217	0.000	0.552	0.000	0.672	0.204	0.000	0.794	0.571	0.329	0.000	0.003	0.011
36.300	0.942	0.739	0.429	0.041	0.000	0.669	0.225	0.000	0.589	0.000	0.659	0.219	0.002	0.552	0.000	0.670	0.206	0.000	0.796	0.570	0.329	0.000	0.002	0.011
36.400	0.941	0.741	0.429	0.043	0.000	0.668	0.226	0.000	0.588	0.000	0.659	0.218	0.002	0.554	0.000	0.669	0.208	0.000	0.797	0.572	0.331	0.000	0.002	0.011
36.500	0.941	0.739	0.431	0.045	0.000	0.669	0.229	0.000	0.588	0.000	0.660	0.219	0.003	0.555	0.000	0.673	0.208	0.000	0.794	0.572	0.331	0.000	0.003	0.012
36.600	0.941	0.740	0.432	0.048	0.000	0.670	0.230	0.000	0.591	0.000	0.659	0.222	0.001	0.555	0.000	0.673	0.209	0.000	0.796	0.573	0.333	0.001	0.004	0.011
36.700	0.942	0.739	0.432	0.050	0.000	0.670	0.230	0.000	0.589	0.000	0.661	0.224	0.002	0.555	0.000	0.672	0.211	0.000	0.795	0.574	0.332	0.000	0.002	0.012
36.800	0.941	0.741	0.433	0.051	0.000	0.672	0.232	0.000	0.591	0.000	0.662	0.225	0.002	0.556	0.000	0.674	0.211	0.000	0.797	0.575	0.334	0.000	0.003	0.011
36.900	0.941	0.743	0.436	0.052	0.000	0.671	0.231	0.000	0.591	0.000	0.661	0.225	0.002	0.556	0.000	0.673	0.212	0.000	0.796	0.575	0.334	0.000	0.002	0.012
37.000	0.943	0.743	0.433	0.054	0.000	0.672	0.235	0.000	0.592	0.000	0.662	0.228	0.001	0.556	0.000	0.672	0.215	0.000	0.797	0.576	0.337	0.001	0.003	0.010
37.100	0.941	0.744	0.437	0.056	0.000	0.671	0.235	0.000	0.594	0.000	0.662	0.229	0.002	0.557	0.000	0.676	0.215	0.000	0.798	0.576	0.338	0.000	0.003	0.011
37.200	0.941	0.744	0.438	0.057	0.000	0.673	0.235	0.000	0.593	0.000	0.663	0.229	0.002	0.558	0.000	0.674	0.216	0.000	0.798	0.576	0.338	0.000	0.002	0.011
37.300	0.943	0.744	0.437	0.059	0.000	0.673	0.237	0.000	0.594	0.000	0.664	0.230	0.002	0.558	0.000	0.675	0.217	0.000	0.799	0.578	0.340	0.000	0.002	0.011
37.400	0.941	0.745	0.439	0.062	0.000	0.674	0.239	0.000	0.595	0.000	0.663	0.232	0.002	0.561	0.000	0.676	0.219	0.000	0.800	0.576	0.338	0.001	0.004	0.011
37.500	0.942	0.745	0.440	0.063	0.000	0.675	0.239	0.000	0.594	0.000	0.664	0.232	0.001	0.559	0.000	0.677	0.220	0.000	0.798	0.578	0.342	0.003	0.002	0.011
37.600	0.943	0.743	0.440	0.064	0.000	0.675	0.240	0.000	0.595	0.000	0.665	0.234	0.003	0.561	0.000	0.677	0.221	0.000	0.800	0.580	0.342	0.005	0.004	0.011
37.700	0.944	0.746	0.440	0.066	0.000	0.676	0.242	0.000	0.595	0.000	0.664	0.235	0.001	0.561	0.000	0.679	0.222	0.000	0.801	0.578	0.343	0.008	0.003	0.012
37.800	0.941	0.745	0.442	0.067	0.000	0.676	0.244	0.000	0.595	0.000	0.664	0.235	0.001	0.561	0.000	0.678	0.223	0.000	0.800	0.580	0.345	0.009	0.003	0.013
37.900	0.941	0.746	0.442	0.071	0.000	0.676	0.243	0.000	0.597	0.000	0.665	0.237	0.003	0.563	0.000	0.679	0.223	0.000	0.801	0.580	0.346	0.011	0.004	0.010
38.000	0.943	0.746	0.444	0.072	0.000	0.678	0.244	0.000	0.598	0.000	0.666	0.237	0.001	0.563	0.000	0.678	0.226	0.000	0.800	0.581	0.347	0.013	0.003	0.010
38.100	0.943	0.746	0.445	0.072	0.000	0.677	0.246	0.000	0.598	0.000	0.667	0.239	0.001	0.564	0.000	0.681	0.226	0.000	0.801	0.581	0.347	0.016	0.002	0.011
38.200	0.943	0.744	0.446	0.074	0.000	0.678	0.246	0.000	0.599	0.000	0.667	0.241	0.002	0.565	0.000	0.681	0.229	0.000	0.801	0.582	0.348	0.017	0.002	0.011
38.300	0.943	0.748	0.447	0.076	0.000	0.678	0.249	0.000	0.597	0.000	0.667	0.240	0.002	0.566	0.000	0.680	0.230	0.000	0.801	0.582	0.349	0.018	0.002	0.012
38.400	0.942	0.747	0.447	0.079	0.000	0.679	0.248	0.000	0.601	0.000	0.667	0.240	0.002	0.566	0.000	0.681	0.231	0.000	0.801	0.585	0.352	0.021	0.003	0.011
38.500	0.945	0.747	0.448	0.081	0.000	0.679	0.251	0.000	0.600	0.000	0.667	0.244	0.002	0.568	0.000	0.681	0.231	0.000	0.802	0.584	0.350	0.023	0.004	0.011
38.600	0.944	0.747	0.448	0.082	0.000	0.678	0.252	0.000	0.600	0.000	0.668	0.245	0.002	0.569	0.000	0.681	0.233	0.000	0.802	0.585	0.353	0.025	0.002	0.011
38.700	0.944	0.748	0.450	0.083	0.000	0.679	0.252	0.000	0.602	0.000	0.669	0.243	0.001	0.568	0.000	0.681	0.233	0.000	0.803	0.585	0.355	0.028	0.002	0.010
38.800	0.944	0.748	0.452	0.087	0.000	0.681	0.255	0.000	0.602	0.000	0.670	0.245	0.001	0.569	0.000	0.682	0.235	0.000	0.804	0.588	0.355	0.029	0.003	0.011
38.900	0.942	0.746	0.451	0.088	0.000	0.680	0.256	0.000	0.602	0.000	0.670	0.246	0.002	0.568	0.000	0.684	0.236	0.000	0.803	0.588	0.356	0.034	0.004	0.011
39.000	0.944	0.748	0.453	0.089	0.000	0.681	0.258	0.000	0.604	0.000	0.671	0.248	0.001	0.571	0.000	0.685	0.237	0.000	0.805	0.588	0.357	0.038	0.002	0.010
39.100	0.945	0.750	0.453	0.093	0.000	0.681	0.257	0.000	0.604	0.000	0.672	0.249	0.004	0.570	0.000	0.685	0.240	0.000	0.803	0.588	0.360	0.043	0.002	0.009
39.200	0.944	0.749	0.455	0.095	0.000	0.683	0.258	0.000	0.603	0.000	0.671	0.251	0.001	0.572	0.000	0.686	0.241	0.000	0.806	0.590	0.360	0.047	0.002	0.011
39.300	0.944	0.750	0.455	0.098	0.000	0.683	0.260	0.000	0.605	0.000	0.673	0.252	0.003	0.572	0.000	0.685	0.241	0.000	0.804	0.589	0.361	0.051	0.002	0.010
39.400	0.945	0.750	0.458	0.098	0.000	0.682	0.261	0.000	0.605	0.000	0.673	0.255	0.002	0.575	0.000	0.686	0.243	0.000	0.805	0.592	0.364	0.057	0.003	0.009
39.500	0.945	0.751	0.458	0.100	0.000	0.683	0.264	0.000	0.607	0.000	0.671	0.254	0.001	0.573	0.000	0.686	0.244	0.000	0.804	0.592	0.366	0.061	0.001	0.011
39.600	0.944	0.750	0.459	0.102	0.000	0.683	0.263	0.000	0.607	0.000	0.674	0.255	0.004	0.574	0.000	0.686	0.248	0.000	0.804	0.592	0.367	0.064	0.004	0.009
39.700	0.945	0.752	0.460	0.103	0.000	0.686	0.265	0.000	0.609	0.000	0.674	0.258	0.004	0.575	0.000	0.688	0.248	0.000	0.804	0.594	0.368	0.066	0.003	0.011
39.800	0.945	0.753	0.462	0.106	0.000	0.686	0.266	0.000	0.608	0.000	0.673	0.257	0.003	0.576	0.000	0.688	0.249	0.000	0.805	0.594	0.368	0.069	0.002	0.009
39.900	0.944	0.754	0.462	0.108	0.000	0.686	0.266	0.000	0.608	0.000	0.676	0.259	0.003	0.577	0.000	0.689	0.251	0.000	0.806	0.596	0.369	0.069	0.003	0.010
40.000	0.944	0.751	0.462	0.110	0.000	0.685	0.268	0.000	0.608	0.000	0.676	0.260	0.003	0.576	0.000	0.690	0.251	0.000	0.805	0.596	0.370	0.073	0.002	0.010
40.100	0.945	0.752	0.462	0.113	0.000	0.685	0.269	0.000	0.610	0.000	0.676	0.261	0.002	0.578	0.000	0.690	0.254	0.000	0.806	0.596	0.373	0.078	0.002	0.011
40.200	0.947	0.752	0.464	0.117	0.000	0.686	0.269	0.000	0.610	0.000	0.677	0.263	0.001	0.579	0.000	0.692	0.255	0.000	0.807	0.597	0.373	0.079	0.003	0.011
40.300	0.945	0.753	0.465	0.118	0.000	0.688	0.273	0.000	0.612	0.000	0.676	0.262	0.003	0.580	0.000	0.690	0.255	0.000	0.806	0.598	0.373	0.080	0.003	0.010
40.400	0.945	0.755	0.467	0.120	0.000	0.688	0.272	0.000	0.612	0.000	0.676	0.263	0.001	0.580	0.000	0.691	0.256	0.000	0.808	0.598	0.376	0.082	0.002	0.010
40.500	0.945	0.756	0.467	0.124	0.000	0.686	0.273	0.000	0.612	0.000	0.678	0.265	0.002	0.580	0.000	0.692	0.258	0.000	0.808	0.598	0.376	0.085	0.002	0.011
40.600	0.943	0.755	0.465	0.122	0.000	0.688	0.275	0.000	0.613	0.000	0.678	0.266	0.002	0.580	0.000	0.693	0.259	0.000	0.808	0.600	0.378	0.087	0.002	0.011
40.700	0.942	0.755	0.467	0.125	0.000	0.688	0.276	0.000	0.615	0.000	0.677	0.266	0.001	0.582	0.000	0.693	0.259	0.000	0.808	0.597	0.376	0.089	0.002	0.011
40.800	0.945	0.755	0.468	0.128	0.000	0.688	0.276	0.000	0.614	0.000	0.679	0.266	0.001	0.582	0.000	0.693	0.261	0.000	0.810	0.600	0.379	0.091	0.004	0.011
40.900	0.946	0.755	0.469	0.128	0.000	0.689	0.278	0.000	0.613	0.000	0.680	0.269	0.002	0.581	0.000	0.693	0.262	0.000	0.808	0.601	0.379	0.092	0.002	0.011
41.000	0.945	0.756	0.470	0.130	0.000	0.691	0.278	0.000	0.614	0.000	0.680	0.269	0.003	0.582	0.000	0.694	0.263	0.000	0.810	0.601	0.379	0.093	0.002	0.007
41.100	0.945	0.757	0.470	0.131	0.000	0.690	0.279	0.000	0.615	0.000	0.681	0.270	0.001	0.582	0.000	0.692	0.263	0.000	0.808	0.602	0.381	0.096	0.004	0.011
41.200	0.944	0.755	0.471	0.133	0.000	0.690	0.280	0.000	0.615	0.000	0.681	0.270	0.001	0.583	0.000	0.694	0.265	0.000	0.809	0.604	0.382	0.098	0.004	0.009
41.300	0.945	0.755	0.472	0.136	0.000	0.690	0.280	0.000	0.618	0.000	0.682	0.271	0.003	0.584	0.000	0.695	0.265	0.000	0.810	0.604	0.384	0.100	0.002	0.011
41.400	0.945	0.758	0.474	0.135	0.000	0.692	0.282	0.000	0.616	0.000	0.682	0.272	0.003	0.586	0.000	0.694	0.268	0.000	0.808	0.604	0.385	0.102	0.004	0.011
41.500	0.945	0.757	0.472	0.136	0.000	0.691	0.284	0.000	0.619	0.000	0.681	0.273	0.001	0.584	0.000	0.694	0.268	0.000	0.810	0.605	0.386	0.103	0.005	0.011
41.600	0.945	0.756	0.472	0.138	0.000	0.690	0.284	0.000	0.618	0.000	0.683	0.275	0.002	0.585	0.000	0.695	0.268	0.000	0.811	0.604	0.386	0.103	0.003	0.011
41.700	0.944	0.757	0.475	0.138	0.000	0.692	0.284	0.000	0.618	0.000	0.683	0.273	0.001	0.587	0.000	0.695	0.269	0.000	0.810	0.605	0.386	0.103	0.004	0.011
41.800	0.945	0.758	0.475	0.142	0.000	0.692	0.286	0.000	0.619	0.000	0.683	0.275	0.002	0.587	0.000	0.695	0.270	0.000	0.811	0.605	0.388	0.107	0.003	0.011
41.900	0.945	0.758	0.477	0.144	0.000	0.693	0.288	0.000	0.619	0.000	0.685	0.277	0.001	0.588	0.000	0.696	0.271	0.000	0.811	0.607	0.389	0.109	0.002	0.009
42.000	0.944	0.758	0.475	0.144	0.000	0.693	0.287	0.000	0.619	0.000	0.684	0.277	0.002	0.588	0.000	0.697	0.274	0.000	0.811	0.608	0.389	0.110	0.003	0.008
42.100	0.944	0.759	0.477	0.146	0.000	0.693	0.290	0.000	0.618	0.000	0.685	0.278	0.002	0.588	0.000	0.699	0.274	0.000	0.811	0.607	0.391	0.112	0.004	0.011
42.200	0.945	0.758	0.480	0.148	0.000	0.694	0.289	0.000	0.620	0.000	0.685	0.279	0.002	0.589	0.000	0.700	0.275	0.000	0.811	0.607	0.392	0.115	0.003	0.011
42.300	0.947	0.760	0.479	0.149	0.000	0.694	0.289	0.000	0.621	0.000	0.685	0.279	0.001	0.590	0.000	0.698	0.276	0.000	0.812	0.608	0.393	0.116	0.004	0.011
42.400	0.947	0.760	0.479	0.150	0.000	0.695	0.293	0.000	0.618	0.000	0.684	0.282	0.001	0.591	0.000	0.700	0.276	0.000	0.811	0.608	0.394	0.120	0.002	0.011
42.500	0.945	0.759	0.479	0.150	0.000	0.696	0.291	0.000	0.621	0.000	0.686	0.281	0.002	0.591	0.000	0.700	0.278	0.000	0.813	0.608	0.395	0.119	0.002	0.008
42.600	0.945	0.760	0.479	0.152	0.000	0.696	0.293	0.000	0.620	0.000	0.686	0.283	0.004	0.592	0.000	0.700	0.279	0.000	0.813	0.610	0.395	0.121	0.004	0.010
42.700	0.947	0.761	0.480	0.154	0.000	0.696	0.295	0.000	0.621	0.000	0.685	0.283	0.002	0.592	0.000	0.700	0.280	0.000	0.813	0.611	0.395	0.123	0.004	0.011
42.800	0.945	0.760	0.482	0.158	0.000	0.696	0.294	0.000	0.621	0.000	0.688	0.284	0.000	0.592	0.000	0.699	0.281	0.000	0.812	0.611	0.396	0.124	0.003	0.011
42.900	0.945	0.762	0.481	0.158	0.000	0.696	0.298	0.000	0.623	0.000	0.686	0.285	0.001	0.592	0.000	0.701	0.283	0.000	0.815	0.612	0.399	0.127	0.003	0.010
43.000	0.945	0.763	0.482	0.161	0.000	0.697	0.298	0.000	0.622	0.000	0.687	0.285	0.001	0.594	0.000	0.702	0.283	0.000	0.811	0.611	0.398	0.129	0.003	0.010
43.100	0.947	0.761	0.484	0.161	0.000	0.698	0.298	0.000	0.623	0.000	0.688	0.288	0.001	0.594	0.000	0.702	0.285	0.000	0.813	0.612	0.400	0.130	0.003	0.010
43.200	0.945	0.761	0.484	0.163	0.000	0.697	0.300	0.000	0.623	0.000	0.688	0.288	0.003	0.594	0.000	0.702	0.285	0.000	0.815	0.613	0.400	0.131	0.003	0.010
43.300	0.945	0.763	0.484	0.164	0.000	0.696	0.301	0.000	0.627	0.000	0.688	0.288	0.003	0.597	0.000	0.701	0.286	0.000	0.813	0.613	0.402	0.136	0.003	0.011
43.400	0.946	0.762	0.486	0.167	0.000	0.698	0.300	0.000	0.625	0.000	0.688	0.288	0.002	0.596	0.000	0.702	0.287	0.000	0.814	0.614	0.403	0.137	0.004	0.011
43.500	0.946	0.764	0.486	0.167	0.000	0.698	0.302	0.000	0.626	0.000	0.688	0.291	0.003	0.596	0.000	0.704	0.288	0.000	0.814	0.615	0.405	0.139	0.002	0.011
43.600	0.945	0.764	0.487	0.168	0.000	0.698	0.300	0.000	0.627	0.000	0.688	0.291	0.004	0.597	0.000	0.702	0.291	0.000	0.816	0.616	0.405	0.141	0.002	0.011
43.700	0.946	0.764	0.486	0.168	0.000	0.699	0.302	0.000	0.626	0.000	0.688	0.292	0.003	0.597	0.000	0.704	0.290	0.000	0.815	0.614	0.404	0.143	0.004	0.012
43.800	0.946	0.764	0.488	0.172	0.000	0.700	0.304	0.000	0.628	0.000	0.691	0.294	0.003	0.598	0.000	0.704	0.292	0.000	0.817	0.616	0.407	0.144	0.002	0.011
43.900	0.947	0.764	0.490	0.170	0.000	0.700	0.304	0.000	0.627	0.000	0.692	0.293	0.003	0.597	0.000	0.703	0.293	0.000	0.815	0.616	0.407	0.146	0.003	0.012
44.000	0.946	0.764	0.490	0.172	0.000	0.701	0.305	0.000	0.627	0.000	0.692	0.294	0.002	0.599	0.000	0.705	0.293	0.000	0.817	0.618	0.407	0.147	0.003	0.012
44.100	0.946	0.763	0.490	0.173	0.000	0.700	0.306	0.000	0.628	0.000	0.690	0.294	0.001	0.598	0.000	0.704	0.294	0.000	0.817	0.617	0.408	0.148	0.002	0.012
44.200	0.946	0.764	0.491	0.173	0.000	0.702	0.305	0.000	0.628	0.000	0.692	0.296	0.002	0.599	0.000	0.706	0.294	0.000	0.815	0.616	0.409	0.150	0.002	0.011
44.300	0.945	0.764	0.491	0.175	0.000	0.701	0.308	0.000	0.629	0.000	0.692	0.296	0.001	0.600	0.000	0.707	0.295	0.000	0.815	0.618	0.410	0.151	0.003	0.011
44.400	0.947	0.765	0.491	0.175	0.000	0.700	0.308	0.000	0.630	0.000	0.692	0.297	0.001	0.601	0.000	0.707	0.297	0.000	0.818	0.619	0.411	0.151	0.002	0.013
44.500	0.944	0.763	0.492	0.177	0.000	0.702	0.309	0.000	0.630	0.001	0.692	0.297	0.003	0.600	0.000	0.709	0.297	0.000	0.817	0.618	0.410	0.152	0.002	0.010
44.600	0.947	0.764	0.493	0.178	0.000	0.700	0.311	0.000	0.630	0.000	0.692	0.298	0.002	0.601	0.000	0.708	0.297	0.000	0.816	0.618	0.412	0.153	0.004	0.011
44.700	0.946	0.767	0.492	0.179	0.000	0.702	0.311	0.000	0.631	0.000	0.692	0.300	0.001	0.601	0.000	0.707	0.298	0.000	0.816	0.619	0.412	0.155	0.003	0.012
44.800	0.946	0.766	0.493	0.180	0.000	0.702	0.311	0.000	0.632	0.004	0.693	0.300	0.002	0.602	0.000	0.707	0.299	0.000	0.815	0.621	0.414	0.157	0.003	0.011
44.900	0.947	0.766	0.493	0.180	0.000	0.703	0.313	0.000	0.632	0.002	0.693	0.303	0.001	0.602	0.000	0.707	0.300	0.000	0.817	0.620	0.415	0.157	0.003	0.011
45.000	0.946	0.767	0.496	0.180	0.000	0.705	0.313	0.000	0.633	0.003	0.694	0.304	0.001	0.602	0.000	0.708	0.302	0.000	0.817	0.622	0.415	0.159	0.004	0.011
45.100	0.945	0.766	0.495	0.181	0.000	0.704	0.314	0.000	0.632	0.005	0.694	0.303	0.001	0.603	0.000	0.709	0.302	0.000	0.817	0.621	0.415	0.160	0.002	0.010
45.200	0.946	0.768	0.497	0.184	0.000	0.705	0.316	0.000	0.633	0.006	0.693	0.303	0.003	0.604	0.000	0.708	0.302	0.000	0.817	0.624	0.415	0.160	0.004	0.011
45.300	0.945	0.768	0.496	0.184	0.000	0.703	0.314	0.000	0.635	0.008	0.695	0.305	0.002	0.604	0.000	0.709	0.304	0.000	0.818	0.622	0.416	0.161	0.003	0.011
45.400	0.947	0.767	0.498	0.187	0.000	0.705	0.318	0.000	0.633	0.007	0.695	0.305	0.001	0.607	0.000	0.709	0.305	0.000	0.820	0.624	0.416	0.163	0.004	0.011
45.500	0.946	0.768	0.497	0.186	0.000	0.706	0.316	0.000	0.636	0.011	0.696	0.305	0.001	0.604	0.000	0.710	0.305	0.000	0.818	0.623	0.417	0.165	0.004	0.011
45.600	0.947	0.768	0.500	0.189	0.000	0.706	0.319	0.000	0.634	0.011	0.696	0.307	0.001	0.605	0.000	0.710	0.306	0.000	0.818	0.624	0.419	0.165	0.002	0.012
45.700	0.946	0.767	0.500	0.189	0.000	0.706	0.320	0.000	0.636	0.012	0.696	0.307	0.004	0.607	0.000	0.710	0.307	0.000	0.818	0.627	0.419	0.167	0.002	0.012
45.800	0.947	0.769	0.500	0.189	0.000	0.707	0.319	0.000	0.635	0.013	0.696	0.309	0.001	0.605	0.000	0.712	0.309	0.000	0.819	0.625	0.421	0.168	0.004	0.011
45.900	0.947	0.769	0.501	0.191	0.000	0.707	0.321	0.000	0.635	0.015	0.696	0.312	0.003	0.608	0.000	0.709	0.309	0.000	0.819	0.625	0.422	0.170	0.004	0.011
46.000	0.946	0.770	0.501	0.193	0.000	0.708	0.321	0.000	0.634	0.016	0.696	0.311	0.001	0.607	0.000	0.709	0.310	0.000	0.819	0.628	0.422	0.169	0.003	0.011
46.100	0.946	0.770	0.502	0.194	0.000	0.707	0.322	0.000	0.636	0.015	0.698	0.312	0.001	0.609	0.000	0.712	0.311	0.000	0.820	0.627	0.421	0.170	0.004	0.012
46.200	0.947	0.768	0.503	0.195	0.000	0.709	0.324	0.000	0.637	0.017	0.699	0.313	0.002	0.608	0.000	0.712	0.312	0.000	0.820	0.628	0.423	0.173	0.004	0.013
46.300	0.947	0.770	0.501	0.197	0.000	0.709	0.324	0.000	0.637	0.018	0.698	0.314	0.002	0.607	0.000	0.712	0.313	0.000	0.818	0.628	0.425	0.173	0.004	0.010
46.400	0.945	0.770	0.503	0.198	0.000	0.707	0.324	0.000	0.638	0.020	0.698	0.314	0.001	0.609	0.000	0.714	0.313	0.000	0.821	0.629	0.424	0.174	0.002	0.010
46.500	0.945	0.770	0.504	0.199	0.000	0.708	0.326	0.000	0.640	0.021	0.699	0.314	0.002	0.609	0.000	0.714	0.313	0.000	0.819	0.629	0.424	0.174	0.004	0.011
46.600	0.947	0.771	0.503	0.199	0.000	0.709	0.326	0.000	0.638	0.021	0.699	0.316	0.001	0.610	0.000	0.714	0.315	0.000	0.821	0.630	0.426	0.176	0.005	0.009
46.700	0.946	0.770	0.505	0.201	0.000	0.710	0.328	0.000	0.639	0.023	0.701	0.316	0.002	0.611	0.000	0.714	0.315	0.000	0.820	0.630	0.428	0.175	0.005	0.011
46.800	0.945	0.770	0.504	0.201	0.000	0.710	0.326	0.000	0.640	0.025	0.701	0.317	0.004	0.613	0.000	0.715	0.316	0.000	0.821	0.627	0.428	0.179	0.004	0.011
46.900	0.946	0.772	0.506	0.203	0.000	0.710	0.329	0.000	0.640	0.025	0.702	0.317	0.001	0.611	0.000	0.715	0.316	0.000	0.820	0.631	0.427	0.179	0.004	0.012
47.000	0.944	0.772	0.508	0.204	0.000	0.712	0.329	0.000	0.638	0.027	0.702	0.319	0.001	0.611	0.000	0.715	0.319	0.000	0.821	0.630	0.430	0.179	0.004	0.012
47.100	0.947	0.773	0.507	0.206	0.000	0.712	0.330	0.000	0.641	0.027	0.703	0.319	0.001	0.613	0.000	0.717	0.318	0.000	0.819	0.631	0.430	0.181	0.002	0.011
47.200	0.946	0.773	0.507	0.204	0.000	0.711	0.331	0.000	0.643	0.028	0.703	0.321	0.002	0.613	0.000	0.714	0.320	0.000	0.820	0.632	0.431	0.182	0.003	0.011
47.300	0.947	0.773	0.509	0.206	0.000	0.712	0.332	0.000	0.643	0.030	0.703	0.321	0.004	0.612	0.000	0.716	0.320	0.000	0.820	0.632	0.432	0.183	0.004	0.012
47.400	0.947	0.773	0.510	0.208	0.000	0.713	0.333	0.000	0.642	0.031	0.702	0.322	0.003	0.613	0.000	0.717	0.321	0.000	0.822	0.632	0.432	0.183	0.002	0.011
47.500	0.947	0.774	0.509	0.210	0.000	0.712	0.334	0.000	0.643	0.032	0.702	0.323	0.002	0.613	0.000	0.717	0.323	0.000	0.823	0.634	0.433	0.185	0.004	0.012
47.600	0.947	0.774	0.510	0.210	0.000	0.712	0.335	0.000	0.645	0.033	0.703	0.324	0.003	0.614	0.000	0.717	0.323	0.000	0.822	0.632	0.433	0.185	0.003	0.011
47.700	0.947	0.774	0.511	0.211	0.000	0.714	0.337	0.000	0.643	0.034	0.703	0.325	0.002	0.615	0.000	0.717	0.324	0.000	0.822	0.633	0.434	0.186	0.004	0.011
47.800	0.948	0.775	0.511	0.213	0.000	0.712	0.336	0.000	0.643	0.034	0.702	0.325	0.003	0.615	0.000	0.719	0.324	0.000	0.822	0.633	0.434	0.186	0.002	0.011
47.900	0.948	0.774	0.512	0.213	0.000	0.714	0.337	0.000	0.643	0.037	0.705	0.324	0.002	0.616	0.000	0.719	0.326	0.000	0.823	0.633	0.436	0.189	0.003	0.011
48.000	0.948	0.775	0.513	0.213	0.000	0.714	0.337	0.000	0.644	0.037	0.705	0.326	0.002	0.616	0.000	0.719	0.326	0.000	0.824	0.634	0.434	0.190	0.003	0.011
48.100	0.947	0.776	0.516	0.216	0.000	0.715	0.338	0.000	0.645	0.039	0.704	0.327	0.003	0.617	0.000	0.718	0.326	0.000	0.824	0.633	0.437	0.191	0.002	0.011
48.200	0.947	0.775	0.515	0.216	0.000	0.714	0.339	0.000	0.646	0.037	0.706	0.330	0.001	0.617	0.000	0.720	0.329	0.000	0.822	0.635	0.438	0.190	0.002	0.011
48.300	0.946	0.776	0.515	0.216	0.000	0.714	0.340	0.000	0.645	0.040	0.705	0.329	0.002	0.618	0.000	0.720	0.328	0.000	0.824	0.635	0.438	0.193	0.002	0.011
48.400	0.947	0.775	0.517	0.218	0.000	0.715	0.341	0.000	0.645	0.041	0.705	0.331	0.001	0.619	0.000	0.719	0.330	0.000	0.823	0.637	0.439	0.196	0.004	0.010
48.500	0.947	0.775	0.516	0.220	0.000	0.715	0.343	0.000	0.647	0.041	0.707	0.328	0.001	0.619	0.000	0.719	0.331	0.000	0.822	0.636	0.439	0.195	0.002	0.010
48.600	0.947	0.776	0.516	0.220	0.000	0.715	0.342	0.000	0.648	0.043	0.707	0.331	0.002	0.620	0.000	0.719	0.331	0.000	0.825	0.637	0.441	0.196	0.003	0.008
48.700	0.947	0.777	0.517	0.220	0.000	0.715	0.343	0.000	0.648	0.043	0.706	0.333	0.001	0.619	0.000	0.721	0.332	0.000	0.824	0.638	0.441	0.197	0.004	0.011
48.800	0.947	0.776	0.518	0.222	0.000	0.717	0.343	0.000	0.648	0.044	0.707	0.333	0.003	0.619	0.000	0.720	0.333	0.000	0.823	0.637	0.442	0.198	0.002	0.011
48.900	0.949	0.777	0.516	0.223	0.000	0.716	0.343	0.000	0.649	0.047	0.708	0.334	0.002	0.621	0.000	0.720	0.333	0.000	0.824	0.638	0.441	0.199	0.003	0.013
49.000	0.947	0.775	0.518	0.224	0.000	0.716	0.345	0.000	0.648	0.047	0.708	0.335	0.003	0.621	0.000	0.723	0.333	0.000	0.824	0.639	0.442	0.201	0.002	0.011
49.100	0.947	0.777	0.518	0.224	0.000	0.717	0.346	0.000	0.650	0.047	0.709	0.335	0.003	0.620	0.000	0.721	0.334	0.000	0.823	0.640	0.442	0.201	0.003	0.011
49.200	0.947	0.776	0.518	0.226	0.000	0.719	0.346	0.000	0.650	0.047	0.709	0.335	0.003	0.621	0.000	0.721	0.334	0.000	0.825	0.640	0.446	0.202	0.002	0.013
49.300	0.949	0.777	0.519	0.227	0.000	0.718	0.347	0.000	0.650	0.050	0.709	0.337	0.004	0.623	0.000	0.722	0.336	0.000	0.825	0.640	0.443	0.203	0.003	0.012
49.400	0.949	0.778	0.519	0.227	0.000	0.717	0.347	0.000	0.650	0.051	0.709	0.337	0.003	0.622	0.000	0.722	0.337	0.000	0.826	0.641	0.446	0.204	0.002	0.011
49.500	0.948	0.777	0.520	0.230	0.000	0.717	0.347	0.000	0.650	0.052	0.709	0.338	0.002	0.622	0.000	0.722	0.338	0.000	0.827	0.641	0.446	0.204	0.004	0.011
49.600	0.948	0.779	0.521	0.230	0.000	0.719	0.348	0.000	0.652	0.052	0.709	0.338	0.001	0.623	0.000	0.722	0.338	0.000	0.825	0.640	0.446	0.205	0.004	0.011
49.700	0.947	0.778	0.520	0.230	0.000	0.719	0.348	0.000	0.650	0.053	0.710	0.340	0.003	0.624	0.000	0.725	0.338	0.000	0.826	0.640	0.448	0.208	0.003	0.013
49.800	0.948	0.779	0.522	0.230	0.000	0.719	0.350	0.000	0.652	0.055	0.710	0.340	0.003	0.624	0.001	0.723	0.338	0.000	0.823	0.641	0.448	0.208	0.003	0.009
49.900	0.947	0.779	0.522	0.232	0.000	0.719	0.352	0.000	0.652	0.056	0.711	0.341	0.002	0.624	0.002	0.723	0.340	0.000	0.825	0.641	0.450	0.210	0.004	0.010
50.000	0.947	0.780	0.524	0.232	0.000	0.719	0.352	0.000	0.652	0.057	0.711	0.343	0.001	0.623	0.001	0.723	0.339	0.000	0.825	0.642	0.448	0.210	0.001	0.011
50.100	0.948	0.778	0.523	0.233	0.000	0.719	0.352	0.000	0.653	0.057	0.710	0.343	0.003	0.626	0.003	0.724	0.341	0.000	0.827	0.643	0.451	0.211	0.003	0.011
50.200	0.947	0.780	0.523	0.236	0.000	0.721	0.352	0.000	0.654	0.058	0.710	0.342	0.002	0.624	0.004	0.725	0.342	0.000	0.827	0.643	0.450	0.214	0.003	0.010
50.300	0.947	0.779	0.523	0.236	0.000	0.719	0.353	0.000	0.653	0.059	0.710	0.343	0.002	0.624	0.005	0.725	0.342	0.000	0.827	0.641	0.452	0.213	0.002	0.011
50.400	0.949	0.779	0.525	0.235	0.000	0.720	0.353	0.000	0.652	0.060	0.710	0.344	0.003	0.626	0.005	0.725	0.343	0.000	0.826	0.643	0.453	0.214	0.004	0.011
50.500	0.949	0.780	0.525	0.239	0.000	0.721	0.354	0.000	0.654	0.060	0.712	0.344	0.001	0.628	0.006	0.724	0.343	0.000	0.827	0.643	0.453	0.216	0.002	0.012
50.600	0.947	0.780	0.525	0.237	0.000	0.721	0.355	0.000	0.654	0.062	0.712	0.345	0.003	0.628	0.006	0.725	0.344	0.000	0.827	0.645	0.454	0.216	0.003	0.011
50.700	0.948	0.780	0.526	0.239	0.000	0.722	0.356	0.000	0.656	0.063	0.711	0.347	0.002	0.626	0.007	0.725	0.343	0.000	0.829	0.645	0.454	0.217	0.002	0.013
50.800	0.947	0.780	0.527	0.240	0.000	0.721	0.356	0.000	0.654	0.064	0.713	0.347	0.001	0.628	0.009	0.725	0.345	0.000	0.827	0.643	0.456	0.219	0.002	0.011
50.900	0.948	0.781	0.529	0.242	0.000	0.721	0.357	0.000	0.655	0.064	0.712	0.346	0.001	0.628	0.009	0.728	0.345	0.000	0.827	0.645	0.455	0.219	0.002	0.011
51.000	0.948	0.780	0.527	0.241	0.000	0.721	0.358	0.000	0.656	0.065	0.713	0.349	0.001	0.630	0.011	0.725	0.345	0.000	0.829	0.645	0.455	0.220	0.002	0.011
51.100	0.947	0.781	0.529	0.242	0.000	0.721	0.359	0.000	0.657	0.067	0.713	0.347	0.001	0.628	0.012	0.725	0.347	0.000	0.827	0.647	0.457	0.221	0.003	0.011
51.200	0.947	0.781	0.529	0.242	0.000	0.722	0.357	0.000	0.656	0.067	0.714	0.349	0.003	0.628	0.011	0.728	0.349	0.000	0.829	0.645	0.457	0.222	0.001	0.011
51.300	0.949	0.782	0.528	0.244	0.000	0.722	0.360	0.000	0.655	0.068	0.713	0.349	0.002	0.629	0.013	0.727	0.349	0.000	0.830	0.649	0.456	0.222	0.002	0.009
51.400	0.947	0.782	0.530	0.244	0.000	0.724	0.359	0.000	0.656	0.070	0.713	0.350	0.003	0.629	0.014	0.726	0.350	0.000	0.829	0.646	0.457	0.225	0.003	0.011
51.500	0.947	0.780	0.530	0.244	0.000	0.724	0.360	0.000	0.656	0.069	0.714	0.352	0.001	0.631	0.013	0.726	0.350	0.000	0.830	0.648	0.459	0.226	0.002	0.011
51.600	0.948	0.782	0.531	0.246	0.000	0.724	0.361	0.000	0.656	0.071	0.715	0.350	0.003	0.631	0.016	0.728	0.351	0.000	0.830	0.649	0.458	0.226	0.005	0.010
51.700	0.948	0.782	0.529	0.247	0.000	0.722	0.361	0.000	0.661	0.072	0.714	0.353	0.004	0.631	0.016	0.728	0.352	0.000	0.830	0.648	0.458	0.226	0.002	0.012
51.800	0.948	0.782	0.530	0.247	0.000	0.724	0.363	0.000	0.659	0.073	0.715	0.352	0.003	0.631	0.016	0.728	0.352	0.000	0.828	0.650	0.458	0.227	0.002	0.011
51.900	0.947	0.783	0.532	0.246	0.000	0.725	0.363	0.000	0.658	0.074	0.715	0.353	0.004	0.632	0.018	0.727	0.352	0.000	0.830	0.649	0.460	0.229	0.003	0.011
52.000	0.949	0.784	0.532	0.249	0.000	0.725	0.364	0.000	0.659	0.074	0.715	0.354	0.004	0.633	0.018	0.727	0.353	0.000	0.829	0.650	0.460	0.230	0.003	0.010
52.100	0.949	0.784	0.532	0.250	0.000	0.726	0.365	0.000	0.659	0.076	0.715	0.355	0.004	0.633	0.020	0.728	0.354	0.000	0.829	0.650	0.461	0.231	0.002	0.011
52.200	0.947	0.786	0.534	0.250	0.000	0.726	0.365	0.000	0.659	0.075	0.716	0.356	0.002	0.633	0.021	0.729	0.355	0.000	0.830	0.651	0.461	0.232	0.004	0.011
52.300	0.948	0.784	0.534	0.250	0.000	0.727	0.365	0.000	0.659	0.076	0.715	0.357	0.000	0.633	0.020	0.729	0.356	0.000	0.830	0.652	0.464	0.232	0.002	0.011
52.400	0.949	0.785	0.534	0.251	0.000	0.726	0.366	0.000	0.660	0.078	0.715	0.356	0.002	0.634	0.023	0.730	0.357	0.000	0.830	0.652	0.465	0.233	0.004	0.011
52.500	0.948	0.786	0.534	0.251	0.000	0.728	0.365	0.000	0.659	0.078	0.717	0.358	0.001	0.634	0.023	0.729	0.357	0.000	0.829	0.652	0.464	0.235	0.002	0.012
52.600	0.948	0.785	0.534	0.252	0.000	0.727	0.366	0.000	0.660	0.078	0.717	0.357	0.004	0.634	0.024	0.731	0.357	0.000	0.830	0.652	0.466	0.237	0.004	0.011
52.700	0.948	0.784	0.535	0.252	0.000	0.728	0.367	0.000	0.660	0.080	0.717	0.359	0.004	0.634	0.024	0.729	0.358	0.000	0.831	0.652	0.465	0.233	0.002	0.011
52.800	0.948	0.785	0.534	0.252	0.000	0.728	0.367	0.000	0.663	0.079	0.718	0.359	0.002	0.634	0.026	0.731	0.357	0.000	0.831	0.654	0.464	0.235	0.002	0.011
52.900	0.949	0.785	0.535	0.254	0.000	0.728	0.368	0.000	0.661	0.080	0.718	0.359	0.002	0.635	0.028	0.731	0.359	0.000	0.830	0.650	0.467	0.238	0.002	0.011
53.000	0.948	0.785	0.535	0.256	0.000	0.728	0.369	0.000	0.661	0.082	0.718	0.360	0.004	0.635	0.028	0.732	0.359	0.000	0.831	0.654	0.467	0.237	0.002	0.010
53.100	0.949	0.786	0.534	0.256	0.000	0.728	0.369	0.000	0.663	0.083	0.717	0.361	0.004	0.638	0.028	0.732	0.360	0.000	0.831	0.654	0.468	0.240	0.003	0.010
53.200	0.947	0.786	0.536	0.256	0.000	0.729	0.370	0.000	0.661	0.083	0.719	0.361	0.003	0.636	0.030	0.731	0.362	0.000	0.832	0.654	0.468	0.240	0.001	0.011
53.300	0.948	0.786	0.539	0.258	0.000	0.727	0.372	0.000	0.663	0.085	0.718	0.362	0.004	0.637	0.030	0.731	0.362	0.000	0.830	0.655	0.467	0.240	0.002	0.010
53.400	0.948	0.786	0.537	0.257	0.000	0.728	0.371	0.000	0.663	0.085	0.718	0.362	0.002	0.638	0.030	0.732	0.363	0.000	0.832	0.654	0.467	0.241	0.002	0.011
53.500	0.947	0.787	0.538	0.261	0.000	0.728	0.371	0.000	0.664	0.085	0.719	0.364	0.004	0.638	0.034	0.731	0.364	0.000	0.830	0.655	0.470	0.243	0.003	0.011
53.600	0.948	0.786	0.537	0.261	0.000	0.729	0.373	0.000	0.664	0.086	0.720	0.365	0.003	0.639	0.036	0.735	0.363	0.000	0.832	0.656	0.470	0.242	0.002	0.011
53.700	0.949	0.787	0.539	0.260	0.000	0.729	0.373	0.000	0.664	0.086	0.719	0.364	0.002	0.640	0.037	0.733	0.365	0.000	0.832	0.656	0.470	0.243	0.001	0.010
53.800	0.949	0.786	0.540	0.260	0.000	0.729	0.374	0.000	0.662	0.087	0.719	0.366	0.003	0.639	0.038	0.734	0.366	0.000	0.833	0.657	0.471	0.246	0.002	0.011
53.900	0.947	0.786	0.540	0.261	0.000	0.731	0.374	0.000	0.663	0.089	0.720	0.365	0.001	0.639	0.039	0.734	0.365	0.000	0.832	0.656	0.470	0.246	0.002	0.011
54.000	0.948	0.787	0.540	0.262	0.000	0.730	0.374	0.000	0.665	0.091	0.721	0.365	0.003	0.638	0.040	0.734	0.366	0.000	0.830	0.657	0.472	0.246	0.004	0.012
54.100	0.948	0.787	0.540	0.264	0.000	0.729	0.375	0.000	0.666	0.089	0.720	0.367	0.005	0.640	0.040	0.735	0.366	0.000	0.833	0.656	0.472	0.247	0.002	0.011
54.200	0.946	0.788	0.540	0.263	0.000	0.729	0.376	0.000	0.664	0.091	0.721	0.368	0.005	0.639	0.042	0.734	0.367	0.000	0.833	0.658	0.471	0.248	0.002	0.011
54.300	0.948	0.788	0.540	0.266	0.000	0.730	0.376	0.000	0.666	0.091	0.720	0.367	0.006	0.641	0.043	0.734	0.368	0.000	0.833	0.657	0.474	0.249	0.002	0.011
54.400	0.948	0.788	0.542	0.265	0.000	0.730	0.376	0.000	0.666	0.093	0.722	0.368	0.007	0.640	0.043	0.733	0.368	0.000	0.833	0.657	0.475	0.249	0.001	0.011
54.500	0.948	0.789	0.542	0.266	0.000	0.732	0.376	0.000	0.666	0.092	0.722	0.368	0.009	0.641	0.043	0.735	0.370	0.000	0.833	0.659	0.474	0.251	0.002	0.011
54.600	0.948	0.787	0.543	0.266	0.000	0.731	0.378	0.000	0.665	0.094	0.721	0.370	0.010	0.643	0.045	0.737	0.370	0.000	0.833	0.657	0.475	0.251	0.001	0.010
54.700	0.950	0.788	0.542	0.266	0.000	0.732	0.378	0.000	0.669	0.093	0.723	0.369	0.011	0.641	0.043	0.736	0.370	0.000	0.833	0.659	0.475	0.250	0.003	0.011
54.800	0.949	0.790	0.543	0.267	0.000	0.731	0.379	0.000	0.666	0.096	0.722	0.370	0.011	0.641	0.046	0.735	0.373	0.000	0.834	0.658	0.475	0.253	0.002	0.011
54.900	0.948	0.789	0.544	0.268	0.000	0.732	0.379	0.000	0.666	0.095	0.724	0.371	0.013	0.642	0.048	0.735	0.374	0.000	0.833	0.659	0.475	0.252	0.002	0.011
55.000	0.949	0.788	0.544	0.267	0.000	0.732	0.379	0.000	0.667	0.096	0.722	0.373	0.013	0.643	0.049	0.736	0.373	0.000	0.835	0.659	0.477	0.255	0.002	0.011
55.100	0.949	0.790	0.545	0.269	0.000	0.731	0.381	0.000	0.668	0.097	0.722	0.370	0.013	0.644	0.050	0.736	0.373	0.000	0.834	0.659	0.477	0.255	0.003	0.011
55.200	0.950	0.788	0.546	0.269	0.000	0.733	0.380	0.000	0.666	0.098	0.723	0.373	0.013	0.644	0.049	0.737	0.373	0.000	0.835	0.659	0.480	0.255	0.003	0.011
55.300	0.949	0.790	0.544	0.271	0.000	0.734	0.381	0.000	0.669	0.098	0.724	0.370	0.015	0.643	0.050	0.735	0.375	0.000	0.835	0.660	0.479	0.255	0.002	0.012
55.400	0.949	0.790	0.547	0.271	0.000	0.734	0.383	0.000	0.669	0.099	0.724	0.374	0.016	0.644	0.053	0.737	0.375	0.000	0.833	0.660	0.478	0.258	0.003	0.012
55.500	0.949	0.790	0.546	0.272	0.000	0.734	0.383	0.001	0.669	0.099	0.723	0.375	0.017	0.645	0.055	0.738	0.376	0.000	0.835	0.660	0.479	0.258	0.002	0.011
55.600	0.949	0.788	0.547	0.273	0.000	0.734	0.382	0.001	0.670	0.100	0.724	0.374	0.017	0.645	0.056	0.738	0.376	0.000	0.834	0.660	0.479	0.259	0.002	0.010
55.700	0.950	0.790	0.548	0.273	0.000	0.732	0.384	0.001	0.669	0.103	0.724	0.374	0.017	0.644	0.056	0.737	0.377	0.000	0.833	0.661	0.479	0.260	0.002	0.011
55.800	0.950	0.790	0.548	0.274	0.000	0.733	0.384	0.002	0.669	0.103	0.724	0.376	0.018	0.645	0.057	0.739	0.377	0.000	0.834	0.660	0.480	0.261	0.002	0.010
55.900	0.950	0.792	0.549	0.273	0.000	0.732	0.385	0.004	0.670	0.103	0.725	0.376	0.020	0.644	0.058	0.738	0.379	0.000	0.835	0.663	0.480	0.261	0.003	0.011
56.000	0.949	0.790	0.548	0.275	0.000	0.734	0.386	0.003	0.669	0.106	0.726	0.378	0.021	0.645	0.059	0.739	0.378	0.000	0.835	0.662	0.482	0.262	0.002	0.013
56.100	0.949	0.791	0.548	0.275	0.000	0.734	0.385	0.005	0.671	0.105	0.726	0.378	0.021	0.645	0.059	0.738	0.380	0.000	0.833	0.663	0.482	0.262	0.003	0.011
56.200	0.949	0.790	0.551	0.276	0.000	0.734	0.386	0.005	0.672	0.107	0.725	0.378	0.023	0.647	0.060	0.740	0.380	0.000	0.835	0.662	0.482	0.262	0.002	0.011
56.300	0.949	0.791	0.549	0.275	0.000	0.735	0.386	0.005	0.670	0.109	0.724	0.379	0.026	0.647	0.061	0.741	0.379	0.000	0.836	0.662	0.483	0.263	0.003	0.010
56.400	0.949	0.791	0.550	0.277	0.000	0.735	0.388	0.008	0.670	0.108	0.726	0.379	0.026	0.647	0.062	0.740	0.382	0.000	0.835	0.664	0.484	0.265	0.004	0.011
56.500	0.950	0.791	0.549	0.278	0.000	0.736	0.390	0.007	0.670	0.109	0.727	0.380	0.027	0.648	0.062	0.740	0.382	0.000	0.835	0.665	0.484	0.265	0.002	0.011
56.600	0.949	0.790	0.550	0.279	0.000	0.735	0.389	0.009	0.670	0.110	0.728	0.381	0.027	0.649	0.064	0.740	0.382	0.000	0.834	0.664	0.486	0.268	0.004	0.011
56.700	0.949	0.792	0.551	0.278	0.000	0.736	0.389	0.009	0.672	0.112	0.728	0.382	0.028	0.649	0.063	0.741	0.381	0.000	0.836	0.663	0.486	0.268	0.002	0.012
56.800	0.949	0.793	0.551	0.279	0.000	0.736	0.392	0.010	0.672	0.112	0.728	0.383	0.030	0.649	0.066	0.741	0.382	0.000	0.836	0.665	0.486	0.268	0.002	0.011
56.900	0.949	0.791	0.551	0.279	0.000	0.736	0.390	0.011	0.672	0.113	0.726	0.383	0.031	0.650	0.067	0.742	0.383	0.000	0.836	0.666	0.487	0.268	0.002	0.011
57.000	0.949	0.793	0.552	0.282	0.000	0.736	0.392	0.012	0.673	0.114	0.728	0.384	0.033	0.649	0.067	0.740	0.385	0.000	0.836	0.665	0.489	0.269	0.003	0.011
57.100	0.949	0.793	0.556	0.282	0.000	0.736	0.392	0.014	0.673	0.114	0.728	0.384	0.034	0.650	0.069	0.741	0.385	0.000	0.837	0.666	0.488	0.269	0.004	0.010
57.200	0.950	0.793	0.553	0.283	0.000	0.736	0.392	0.016	0.673	0.115	0.727	0.385	0.034	0.650	0.069	0.743	0.385	0.000	0.837	0.667	0.488	0.271	0.005	0.012
57.300	0.949	0.793	0.555	0.284	0.000	0.736	0.393	0.014	0.674	0.116	0.728	0.386	0.035	0.652	0.070	0.743	0.387	0.000	0.837	0.667	0.488	0.271	0.009	0.012
57.400	0.949	0.793	0.552	0.285	0.000	0.736	0.392	0.016	0.674	0.117	0.729	0.386	0.037	0.651	0.069	0.742	0.388	0.000	0.840	0.667	0.491	0.273	0.013	0.012
57.500	0.950	0.793	0.555	0.284	0.000	0.737	0.393	0.017	0.673	0.117	0.728	0.386	0.037	0.652	0.071	0.742	0.387	0.000	0.838	0.667	0.491	0.274	0.016	0.011
57.600	0.949	0.793	0.555	0.284	0.000	0.737	0.395	0.017	0.674	0.117	0.728	0.386	0.038	0.652	0.073	0.742	0.388	0.000	0.839	0.666	0.491	0.276	0.019	0.011
57.700	0.948	0.794	0.554	0.286	0.000	0.737	0.395	0.020	0.676	0.118	0.729	0.388	0.040	0.652	0.073	0.743	0.390	0.000	0.838	0.667	0.491	0.276	0.020	0.013
57.800	0.950	0.794	0.556	0.285	0.000	0.739	0.395	0.020	0.677	0.119	0.729	0.389	0.042	0.654	0.074	0.743	0.391	0.000	0.838	0.669	0.493	0.277	0.023	0.011
57.900	0.950	0.794	0.556	0.287	0.000	0.739	0.395	0.019	0.676	0.119	0.731	0.388	0.042	0.653	0.074	0.743	0.391	0.000	0.837	0.669	0.493	0.278	0.027	0.011
58.000	0.949	0.794	0.557	0.290	0.000	0.739	0.396	0.021	0.676	0.121	0.731	0.390	0.042	0.654	0.076	0.743	0.392	0.000	0.838	0.668	0.493	0.278	0.027	0.010
58.100	0.949	0.793	0.557	0.289	0.000	0.739	0.396	0.023	0.676	0.121	0.731	0.389	0.044	0.653	0.076	0.743	0.392	0.000	0.837	0.668	0.494	0.279	0.028	0.011
58.200	0.950	0.795	0.556	0.291	0.000	0.739	0.397	0.022	0.676	0.121	0.731	0.390	0.044	0.652	0.080	0.745	0.394	0.000	0.838	0.669	0.494	0.280	0.029	0.012
58.300	0.950	0.794	0.558	0.290	0.000	0.739	0.397	0.023	0.678	0.122	0.731	0.391	0.047	0.654	0.078	0.743	0.394	0.000	0.839	0.671	0.494	0.280	0.030	0.011
58.400	0.949	0.795	0.558	0.291	0.000	0.738	0.398	0.025	0.678	0.124	0.730	0.392	0.045	0.654	0.078	0.745	0.393	0.000	0.836	0.671	0.494	0.281	0.032	0.012
58.500	0.949	0.794	0.557	0.291	0.000	0.739	0.400	0.026	0.678	0.125	0.731	0.392	0.046	0.654	0.078	0.745	0.395	0.000	0.840	0.672	0.494	0.282	0.034	0.011
58.600	0.949	0.794	0.561	0.292	0.000	0.740	0.400	0.026	0.678	0.125	0.731	0.393	0.047	0.654	0.081	0.745	0.395	0.000	0.839	0.671	0.496	0.282	0.034	0.011
58.700	0.949	0.796	0.558	0.292	0.000	0.741	0.400	0.027	0.678	0.128	0.732	0.394	0.047	0.655	0.083	0.744	0.395	0.000	0.839	0.671	0.497	0.283	0.034	0.011
58.800	0.949	0.796	0.561	0.294	0.000	0.739	0.400	0.028	0.678	0.127	0.731	0.393	0.048	0.655	0.083	0.744	0.396	0.000	0.839	0.670	0.496	0.284	0.037	0.010
58.900	0.949	0.795	0.559	0.294	0.000	0.741	0.402	0.029	0.678	0.127	0.732	0.394	0.049	0.656	0.084	0.746	0.397	0.000	0.839	0.673	0.496	0.285	0.038	0.011
59.000	0.950	0.796	0.559	0.294	0.000	0.741	0.402	0.029	0.679	0.129	0.733	0.395	0.050	0.654	0.084	0.746	0.398	0.000	0.837	0.671	0.497	0.287	0.040	0.011
59.100	0.950	0.796	0.561	0.297	0.000	0.741	0.403	0.030	0.678	0.128	0.733	0.395	0.051	0.655	0.086	0.743	0.396	0.000	0.839	0.673	0.497	0.282	0.040	0.011
59.200	0.950	0.796	0.563	0.297	0.000	0.741	0.403	0.031	0.679	0.129	0.732	0.396	0.051	0.656	0.086	0.746	0.397	0.000	0.839	0.673	0.498	0.285	0.040	0.012
59.300	0.949	0.796	0.563	0.297	0.000	0.741	0.405	0.030	0.679	0.130	0.733	0.398	0.051	0.656	0.087	0.746	0.399	0.000	0.839	0.673	0.500	0.285	0.042	0.011
59.400	0.949	0.796	0.562	0.297	0.000	0.743	0.404	0.033	0.679	0.131	0.732	0.397	0.053	0.657	0.088	0.746	0.397	0.000	0.839	0.674	0.499	0.287	0.043	0.011
59.500	0.949	0.796	0.563	0.298	0.000	0.741	0.405	0.032	0.680	0.132	0.732	0.398	0.053	0.657	0.089	0.748	0.400	0.000	0.839	0.673	0.499	0.289	0.043	0.013
59.600	0.950	0.796	0.563	0.298	0.000	0.743	0.406	0.032	0.679	0.132	0.732	0.400	0.053	0.658	0.091	0.746	0.400	0.000	0.838	0.674	0.500	0.288	0.045	0.011
59.700	0.950	0.797	0.565	0.301	0.000	0.741	0.405	0.034	0.680	0.133	0.734	0.399	0.054	0.656	0.091	0.747	0.400	0.000	0.839	0.674	0.500	0.289	0.045	0.011
59.800	0.950	0.796	0.565	0.301	0.000	0.743	0.405	0.036	0.679	0.134	0.734	0.401	0.054	0.656	0.092	0.750	0.401	0.000	0.839	0.676	0.501	0.290	0.048	0.011
59.900	0.950	0.796	0.565	0.302	0.000	0.744	0.405	0.037	0.681	0.134	0.735	0.400	0.056	0.657	0.093	0.748	0.402	0.000	0.841	0.676	0.501	0.291	0.049	0.011
60.000	0.950	0.798	0.565	0.303	0.000	0.743	0.409	0.038	0.681	0.135	0.735	0.399	0.057	0.658	0.093	0.748	0.403	0.000	0.839	0.674	0.502	0.291	0.049	0.010
60.100	0.950	0.798	0.565	0.303	0.000	0.743	0.409	0.038	0.682	0.136	0.734	0.402	0.058	0.659	0.097	0.750	0.403	0.000	0.842	0.676	0.503	0.294	0.050	0.011
60.200	0.950	0.799	0.566	0.304	0.000	0.743	0.409	0.039	0.682	0.138	0.734	0.402	0.058	0.659	0.094	0.750	0.404	0.000	0.840	0.676	0.503	0.293	0.053	0.011
60.300	0.950	0.797	0.566	0.303	0.000	0.744	0.408	0.040	0.681	0.137	0.736	0.401	0.058	0.659	0.096	0.749	0.405	0.000	0.842	0.676	0.503	0.294	0.053	0.012
60.400	0.949	0.797	0.566	0.305	0.000	0.744	0.410	0.040	0.681	0.138	0.735	0.402	0.059	0.660	0.098	0.750	0.404	0.000	0.839	0.678	0.504	0.295	0.054	0.011
60.500	0.949	0.797	0.566	0.305	0.000	0.746	0.410	0.043	0.682	0.138	0.735	0.402	0.060	0.660	0.099	0.750	0.406	0.000	0.840	0.678	0.503	0.294	0.057	0.013
60.600	0.951	0.799	0.569	0.306	0.000	0.745	0.410	0.042	0.682	0.138	0.735	0.403	0.061	0.660	0.099	0.748	0.406	0.000	0.842	0.678	0.504	0.297	0.057	0.012
60.700	0.950	0.800	0.569	0.306	0.000	0.745	0.411	0.043	0.682	0.141	0.738	0.404	0.062	0.663	0.101	0.750	0.407	0.000	0.843	0.678	0.504	0.297	0.059	0.011
60.800	0.950	0.800	0.569	0.308	0.000	0.744	0.411	0.045	0.684	0.142	0.736	0.405	0.061	0.661	0.102	0.750	0.407	0.000	0.842	0.677	0.506	0.298	0.060	0.011
60.900	0.950	0.801	0.568	0.308	0.000	0.744	0.412	0.045	0.686	0.142	0.737	0.407	0.064	0.663	0.102	0.750	0.407	0.000	0.840	0.678	0.507	0.298	0.063	0.010
61.000	0.951	0.799	0.569	0.308	0.000	0.744	0.412	0.046	0.686	0.144	0.736	0.404	0.065	0.660	0.103	0.750	0.408	0.000	0.841	0.679	0.508	0.299	0.064	0.009
61.100	0.950	0.800	0.569	0.310	0.000	0.746	0.412	0.048	0.685	0.144	0.738	0.406	0.065	0.661	0.103	0.750	0.409	0.000	0.841	0.678	0.508	0.299	0.064	0.011
61.200	0.950	0.798	0.569	0.311	0.000	0.745	0.413	0.047	0.685	0.146	0.737	0.407	0.066	0.662	0.105	0.751	0.409	0.000	0.839	0.680	0.508	0.301	0.066	0.010
61.300	0.950	0.800	0.571	0.311	0.000	0.745	0.414	0.049	0.686	0.146	0.738	0.407	0.066	0.661	0.106	0.752	0.412	0.000	0.843	0.679	0.510	0.301	0.067	0.011
61.400	0.950	0.800	0.571	0.312	0.000	0.745	0.415	0.049	0.684	0.145	0.739	0.408	0.068	0.663	0.105	0.752	0.412	0.000	0.843	0.681	0.510	0.303	0.069	0.012
61.500	0.950	0.797	0.572	0.312	0.000	0.747	0.415	0.051	0.686	0.147	0.738	0.410	0.068	0.665	0.106	0.752	0.412	0.000	0.842	0.679	0.511	0.304	0.073	0.012
61.600	0.950	0.801	0.572	0.313	0.000	0.748	0.416	0.052	0.686	0.148	0.738	0.411	0.067	0.664	0.107	0.752	0.413	0.000	0.843	0.679	0.510	0.302	0.073	0.011
61.700	0.950	0.801	0.570	0.315	0.000	0.746	0.417	0.053	0.685	0.149	0.737	0.410	0.069	0.664	0.109	0.752	0.412	0.000	0.844	0.681	0.513	0.305	0.076	0.012
61.800	0.950	0.800	0.573	0.315	0.000	0.746	0.417	0.054	0.687	0.150	0.739	0.412	0.070	0.664	0.110	0.754	0.414	0.000	0.843	0.681	0.511	0.306	0.076	0.011
61.900	0.949	0.802	0.572	0.315	0.000	0.748	0.416	0.057	0.687	0.150	0.739	0.412	0.070	0.664	0.110	0.754	0.414	0.000	0.841	0.681	0.513	0.307	0.078	0.012
62.000	0.951	0.800	0.573	0.315	0.000	0.747	0.417	0.057	0.686	0.151	0.739	0.412	0.073	0.663	0.111	0.754	0.415	0.000	0.843	0.682	0.513	0.307	0.080	0.011
62.100	0.950	0.798	0.574	0.316	0.000	0.748	0.418	0.057	0.688	0.152	0.739	0.412	0.072	0.665	0.112	0.752	0.415	0.003	0.844	0.681	0.513	0.308	0.081	0.011
62.200	0.951	0.801	0.573	0.318	0.000	0.748	0.419	0.059	0.687	0.153	0.739	0.413	0.074	0.666	0.112	0.755	0.416	0.002	0.843	0.681	0.513	0.309	0.081	0.012
62.300	0.949	0.802	0.575	0.319	0.000	0.749	0.420	0.059	0.688	0.154	0.740	0.413	0.075	0.666	0.113	0.754	0.418	0.004	0.844	0.683	0.514	0.309	0.083	0.009
62.400	0.950	0.802	0.575	0.318	0.000	0.749	0.421	0.060	0.687	0.156	0.739	0.415	0.076	0.666	0.114	0.754	0.417	0.008	0.844	0.683	0.515	0.311	0.085	0.011
62.500	0.950	0.803	0.574	0.320	0.000	0.750	0.421	0.061	0.687	0.155	0.739	0.415	0.076	0.667	0.115	0.754	0.417	0.005	0.845	0.683	0.515	0.311	0.086	0.011
62.600	0.951	0.800	0.575	0.319	0.000	0.748	0.421	0.060	0.690	0.156	0.739	0.417	0.078	0.666	0.117	0.755	0.418	0.009	0.846	0.683	0.515	0.312	0.087	0.011
62.700	0.950	0.803	0.573	0.320	0.000	0.748	0.422	0.064	0.690	0.158	0.741	0.415	0.078	0.667	0.118	0.756	0.420	0.009	0.844	0.685	0.517	0.313	0.088	0.010
62.800	0.950	0.802	0.576	0.321	0.000	0.749	0.424	0.062	0.691	0.158	0.741	0.415	0.078	0.669	0.119	0.757	0.420	0.011	0.845	0.684	0.518	0.313	0.089	0.011
62.900	0.950	0.802	0.576	0.323	0.000	0.751	0.422	0.064	0.690	0.157	0.741	0.417	0.080	0.667	0.118	0.756	0.421	0.011	0.845	0.685	0.517	0.314	0.092	0.011
63.000	0.950	0.803	0.575	0.322	0.000	0.749	0.424	0.064	0.693	0.159	0.741	0.418	0.080	0.667	0.121	0.756	0.421	0.013	0.844	0.686	0.518	0.316	0.090	0.010
63.100	0.951	0.802	0.576	0.323	0.000	0.750	0.423	0.064	0.690	0.160	0.739	0.418	0.081	0.667	0.120	0.754	0.422	0.014	0.845	0.685	0.519	0.317	0.095	0.010
63.200	0.949	0.802	0.578	0.324	0.000	0.750	0.423	0.066	0.691	0.160	0.741	0.419	0.084	0.669	0.122	0.756	0.423	0.014	0.846	0.684	0.519	0.318	0.096	0.010
63.300	0.950	0.803	0.577	0.324	0.000	0.750	0.424	0.066	0.691	0.160	0.741	0.420	0.083	0.669	0.123	0.756	0.423	0.016	0.844	0.685	0.520	0.318	0.096	0.012
63.400	0.950	0.803	0.576	0.325	0.000	0.750	0.425	0.068	0.691	0.161	0.741	0.421	0.085	0.670	0.123	0.757	0.423	0.016	0.845	0.685	0.520	0.319	0.098	0.011
63.500	0.950	0.804	0.578	0.326	0.000	0.750	0.425	0.069	0.693	0.162	0.741	0.421	0.083	0.670	0.124	0.757	0.424	0.019	0.846	0.687	0.520	0.320	0.098	0.011
63.600	0.951	0.804	0.580	0.327	0.000	0.749	0.426	0.069	0.693	0.164	0.743	0.422	0.084	0.670	0.126	0.757	0.424	0.019	0.846	0.686	0.520	0.321	0.101	0.012
63.700	0.949	0.803	0.578	0.327	0.000	0.750	0.426	0.069	0.692	0.163	0.743	0.422	0.086	0.670	0.128	0.757	0.425	0.021	0.847	0.688	0.520	0.321	0.100	0.011
63.800	0.950	0.803	0.578	0.326	0.000	0.751	0.426	0.070	0.692	0.162	0.743	0.422	0.088	0.671	0.127	0.756	0.425	0.021	0.846	0.688	0.522	0.322	0.102	0.011
63.900	0.950	0.805	0.578	0.328	0.000	0.750	0.428	0.070	0.692	0.163	0.744	0.421	0.089	0.670	0.127	0.757	0.425	0.023	0.845	0.687	0.521	0.321	0.103	0.012
64.000	0.950	0.803	0.580	0.328	0.000	0.752	0.428	0.070	0.693	0.165	0.745	0.422	0.089	0.673	0.131	0.758	0.426	0.025	0.847	0.690	0.522	0.322	0.104	0.011
64.100	0.950	0.803	0.578	0.329	0.000	0.753	0.430	0.072	0.692	0.165	0.745	0.424	0.089	0.672	0.131	0.758	0.427	0.026	0.846	0.688	0.523	0.324	0.105	0.011
64.200	0.950	0.804	0.581	0.328	0.000	0.752	0.429	0.070	0.693	0.167	0.745	0.422	0.089	0.672	0.131	0.758	0.427	0.029	0.846	0.688	0.524	0.323	0.106	0.013
64.300	0.950	0.806	0.580	0.330	0.000	0.751	0.431	0.073	0.694	0.167	0.745	0.424	0.091	0.673	0.131	0.758	0.429	0.029	0.846	0.689	0.524	0.324	0.107	0.011
64.400	0.951	0.804	0.582	0.329	0.000	0.751	0.431	0.073	0.695	0.168	0.745	0.424	0.090	0.672	0.131	0.758	0.429	0.029	0.847	0.688	0.525	0.325	0.107	0.011
64.500	0.952	0.806	0.582	0.332	0.000	0.752	0.430	0.074	0.694	0.170	0.746	0.424	0.092	0.674	0.134	0.758	0.429	0.031	0.847	0.690	0.523	0.326	0.108	0.010
64.600	0.952	0.804	0.581	0.331	0.000	0.754	0.431	0.076	0.693	0.168	0.745	0.426	0.093	0.673	0.134	0.759	0.430	0.031	0.848	0.690	0.525	0.326	0.109	0.011
64.700	0.952	0.804	0.583	0.331	0.000	0.751	0.432	0.076	0.694	0.169	0.745	0.428	0.093	0.674	0.135	0.760	0.430	0.031	0.848	0.692	0.524	0.328	0.111	0.012
64.800	0.952	0.806	0.582	0.334	0.000	0.753	0.432	0.076	0.696	0.171	0.746	0.428	0.095	0.675	0.135	0.758	0.431	0.033	0.848	0.688	0.527	0.328	0.112	0.011
64.900	0.952	0.806	0.584	0.333	0.000	0.752	0.431	0.078	0.695	0.170	0.745	0.427	0.095	0.673	0.139	0.758	0.431	0.032	0.847	0.692	0.527	0.329	0.114	0.011
65.000	0.949	0.804	0.583	0.334	0.000	0.753	0.433	0.078	0.695	0.172	0.746	0.428	0.095	0.674	0.138	0.759	0.433	0.034	0.846	0.690	0.528	0.331	0.116	0.011
65.100	0.950	0.804	0.584	0.333	0.000	0.753	0.432	0.079	0.696	0.171	0.747	0.429	0.096	0.675	0.139	0.761	0.432	0.035	0.846	0.691	0.528	0.330	0.117	0.012
65.200	0.952	0.806	0.584	0.333	0.000	0.753	0.434	0.081	0.695	0.173	0.744	0.429	0.098	0.675	0.139	0.760	0.434	0.037	0.849	0.691	0.527	0.331	0.116	0.011
65.300	0.951	0.807	0.584	0.335	0.000	0.753	0.435	0.081	0.695	0.173	0.746	0.429	0.097	0.675	0.139	0.760	0.433	0.037	0.848	0.692	0.529	0.330	0.117	0.012
65.400	0.950	0.806	0.584	0.334	0.002	0.754	0.435	0.081	0.697	0.175	0.746	0.430	0.098	0.674	0.141	0.760	0.435	0.038	0.847	0.692	0.530	0.333	0.118	0.011
65.500	0.950	0.806	0.585	0.335	0.004	0.754	0.435	0.082	0.695	0.175	0.746	0.431	0.099	0.676	0.141	0.760	0.433	0.038	0.847	0.692	0.530	0.333	0.119	0.010
65.600	0.950	0.808	0.585	0.336	0.007	0.753	0.435	0.083	0.696	0.176	0.746	0.431	0.099	0.676	0.143	0.760	0.434	0.040	0.847	0.693	0.531	0.333	0.122	0.010
65.700	0.951	0.807	0.586	0.337	0.011	0.754	0.436	0.084	0.696	0.177	0.748	0.432	0.102	0.678	0.144	0.760	0.435	0.042	0.847	0.693	0.531	0.333	0.122	0.009
65.800	0.951	0.807	0.586	0.337	0.011	0.755	0.436	0.085	0.696	0.177	0.746	0.432	0.102	0.677	0.144	0.761	0.437	0.042	0.847	0.693	0.531	0.334	0.122	0.010
65.900	0.952	0.808	0.586	0.337	0.013	0.755	0.438	0.086	0.697	0.179	0.748	0.434	0.103	0.676	0.145	0.761	0.437	0.043	0.848	0.693	0.532	0.336	0.122	0.011
66.000	0.950	0.808	0.588	0.338	0.012	0.755	0.436	0.088	0.696	0.180	0.748	0.432	0.105	0.678	0.146	0.760	0.436	0.043	0.849	0.693	0.533	0.334	0.124	0.009
66.100	0.950	0.808	0.586	0.342	0.014	0.755	0.438	0.086	0.699	0.181	0.748	0.436	0.103	0.678	0.146	0.763	0.436	0.044	0.848	0.694	0.533	0.336	0.125	0.010
66.200	0.952	0.808	0.587	0.342	0.015	0.755	0.438	0.088	0.697	0.179	0.749	0.433	0.105	0.678	0.148	0.762	0.438	0.044	0.846	0.692	0.533	0.334	0.128	0.011
66.300	0.951	0.808	0.588	0.342	0.017	0.756	0.440	0.089	0.698	0.183	0.748	0.432	0.107	0.679	0.148	0.760	0.439	0.046	0.848	0.694	0.532	0.337	0.128	0.011
66.400	0.950	0.809	0.586	0.342	0.017	0.757	0.439	0.089	0.698	0.182	0.748	0.436	0.108	0.678	0.150	0.762	0.439	0.047	0.846	0.695	0.533	0.338	0.128	0.011
66.500	0.952	0.808	0.588	0.343	0.019	0.757	0.440	0.092	0.700	0.183	0.748	0.437	0.107	0.678	0.149	0.763	0.439	0.048	0.847	0.693	0.534	0.339	0.128	0.010
66.600	0.952	0.809	0.590	0.343	0.021	0.757	0.441	0.092	0.698	0.183	0.748	0.437	0.108	0.679	0.149	0.764	0.440	0.049	0.847	0.694	0.533	0.340	0.130	0.012
66.700	0.950	0.808	0.591	0.344	0.023	0.757	0.440	0.093	0.700	0.186	0.749	0.437	0.109	0.679	0.150	0.762	0.439	0.050	0.849	0.695	0.536	0.340	0.131	0.011
66.800	0.951	0.808	0.589	0.345	0.024	0.755	0.440	0.094	0.700	0.184	0.750	0.437	0.109	0.679	0.152	0.764	0.441	0.050	0.849	0.695	0.535	0.342	0.133	0.012
66.900	0.952	0.808	0.590	0.344	0.023	0.758	0.443	0.096	0.701	0.186	0.750	0.438	0.110	0.680	0.150	0.764	0.440	0.052	0.850	0.695	0.536	0.342	0.133	0.012
67.000	0.950	0.808	0.589	0.346	0.028	0.757	0.442	0.096	0.700	0.186	0.750	0.439	0.111	0.678	0.152	0.764	0.439	0.052	0.849	0.695	0.535	0.342	0.136	0.012
67.100	0.951	0.809	0.592	0.345	0.028	0.760	0.443	0.096	0.700	0.187	0.750	0.440	0.112	0.680	0.153	0.764	0.441	0.053	0.849	0.697	0.534	0.343	0.136	0.011
67.200	0.951	0.809	0.593	0.348	0.030	0.757	0.443	0.098	0.700	0.189	0.749	0.439	0.112	0.681	0.153	0.764	0.443	0.055	0.849	0.697	0.537	0.342	0.136	0.011
67.300	0.950	0.810	0.593	0.347	0.033	0.758	0.444	0.098	0.700	0.189	0.750	0.439	0.114	0.679	0.155	0.762	0.443	0.053	0.849	0.697	0.538	0.343	0.137	0.010
67.400	0.951	0.809	0.591	0.349	0.034	0.757	0.444	0.098	0.702	0.190	0.750	0.441	0.115	0.680	0.154	0.765	0.443	0.056	0.848	0.696	0.537	0.345	0.139	0.010
67.500	0.951	0.809	0.593	0.348	0.034	0.759	0.444	0.099	0.702	0.190	0.751	0.440	0.114	0.681	0.157	0.765	0.443	0.056	0.850	0.698	0.538	0.343	0.139	0.013
67.600	0.952	0.810	0.592	0.349	0.037	0.760	0.445	0.102	0.703	0.189	0.751	0.442	0.117	0.682	0.158	0.765	0.445	0.057	0.849	0.700	0.539	0.346	0.139	0.013
67.700	0.952	0.809	0.592	0.350	0.038	0.758	0.447	0.102	0.703	0.191	0.750	0.443	0.117	0.683	0.159	0.765	0.446	0.058	0.849	0.699	0.538	0.347	0.141	0.011
67.800	0.952	0.810	0.592	0.352	0.040	0.758	0.445	0.105	0.702	0.192	0.751	0.444	0.117	0.681	0.160	0.765	0.445	0.060	0.851	0.699	0.539	0.347	0.143	0.011
67.900	0.952	0.811	0.593	0.351	0.043	0.760	0.446	0.104	0.703	0.194	0.753	0.444	0.119	0.682	0.160	0.767	0.446	0.060	0.851	0.698	0.540	0.347	0.144	0.011
68.000	0.952	0.813	0.593	0.350	0.043	0.760	0.449	0.103	0.703	0.193	0.753	0.443	0.119	0.683	0.161	0.767	0.448	0.060	0.851	0.699	0.540	0.349	0.144	0.010
68.100	0.952	0.812	0.595	0.352	0.043	0.760	0.448	0.105	0.705	0.193	0.754	0.445	0.120	0.684	0.163	0.766	0.447	0.062	0.851	0.700	0.541	0.351	0.146	0.011
68.200	0.952	0.812	0.596	0.353	0.045	0.760	0.448	0.105	0.704	0.195	0.752	0.445	0.121	0.684	0.161	0.765	0.447	0.064	0.850	0.700	0.542	0.350	0.146	0.012
68.300	0.950	0.814	0.595	0.354	0.048	0.759	0.450	0.107	0.704	0.196	0.752	0.445	0.121	0.685	0.164	0.766	0.449	0.064	0.849	0.701	0.541	0.351	0.148	0.011
68.400	0.951	0.812	0.597	0.354	0.049	0.759	0.450	0.107	0.705	0.197	0.752	0.445	0.121	0.685	0.164	0.765	0.448	0.066	0.851	0.699	0.542	0.351	0.148	0.010
68.500	0.951	0.811	0.596	0.356	0.050	0.762	0.450	0.108	0.706	0.197	0.753	0.446	0.122	0.685	0.167	0.767	0.450	0.066	0.851	0.700	0.542	0.350	0.150	0.011
68.600	0.952	0.811	0.597	0.356	0.050	0.761	0.452	0.110	0.705	0.199	0.754	0.446	0.122	0.685	0.167	0.767	0.450	0.067	0.852	0.701	0.544	0.353	0.150	0.010
68.700	0.950	0.814	0.596	0.357	0.051	0.760	0.452	0.110	0.705	0.199	0.753	0.449	0.126	0.685	0.167	0.766	0.450	0.068	0.852	0.700	0.545	0.353	0.151	0.010
68.800	0.951	0.813	0.597	0.359	0.051	0.762	0.453	0.110	0.705	0.201	0.754	0.448	0.126	0.684	0.168	0.768	0.452	0.067	0.852	0.701	0.544	0.352	0.151	0.011
68.900	0.954	0.812	0.597	0.359	0.053	0.761	0.453	0.112	0.706	0.200	0.753	0.448	0.126	0.685	0.167	0.768	0.452	0.067	0.851	0.701	0.545	0.353	0.151	0.011
69.000	0.952	0.813	0.598	0.358	0.056	0.762	0.453	0.112	0.708	0.201	0.754	0.448	0.128	0.685	0.168	0.767	0.451	0.069	0.852	0.702	0.545	0.353	0.153	0.009
69.100	0.952	0.813	0.598	0.359	0.058	0.762	0.454	0.114	0.705	0.202	0.754	0.449	0.128	0.685	0.169	0.767	0.454	0.070	0.853	0.703	0.545	0.356	0.154	0.010
69.200	0.952	0.814	0.598	0.359	0.056	0.762	0.455	0.114	0.706	0.203	0.754	0.449	0.128	0.685	0.170	0.769	0.454	0.070	0.852	0.703	0.546	0.356	0.154	0.012
69.300	0.952	0.814	0.598	0.360	0.057	0.764	0.454	0.116	0.705	0.204	0.754	0.451	0.129	0.687	0.170	0.767	0.455	0.070	0.852	0.703	0.548	0.357	0.157	0.010
69.400	0.951	0.814	0.598	0.362	0.057	0.763	0.456	0.116	0.705	0.204	0.754	0.449	0.130	0.686	0.170	0.767	0.454	0.073	0.853	0.703	0.548	0.357	0.156	0.011
69.500	0.951	0.813	0.599	0.362	0.059	0.762	0.456	0.117	0.707	0.205	0.755	0.450	0.131	0.686	0.172	0.768	0.455	0.074	0.853	0.703	0.548	0.358	0.158	0.013
69.600	0.950	0.813	0.602	0.363	0.060	0.760	0.455	0.117	0.708	0.206	0.755	0.452	0.132	0.685	0.173	0.769	0.454	0.073	0.853	0.703	0.548	0.357	0.159	0.011
69.700	0.952	0.813	0.598	0.363	0.063	0.764	0.458	0.120	0.707	0.207	0.757	0.452	0.133	0.687	0.173	0.769	0.455	0.076	0.855	0.706	0.548	0.357	0.160	0.011
69.800	0.953	0.815	0.602	0.364	0.064	0.762	0.458	0.121	0.709	0.205	0.755	0.453	0.132	0.687	0.175	0.767	0.457	0.074	0.852	0.704	0.547	0.359	0.159	0.011
69.900	0.952	0.815	0.603	0.365	0.065	0.764	0.458	0.120	0.710	0.207	0.755	0.453	0.135	0.688	0.174	0.770	0.457	0.077	0.854	0.703	0.549	0.360	0.161	0.010
70.000	0.952	0.815	0.602	0.366	0.066	0.764	0.458	0.122	0.709	0.210	0.757	0.454	0.136	0.687	0.175	0.770	0.457	0.077	0.853	0.703	0.549	0.360	0.161	0.011
70.100	0.951	0.815	0.602	0.366	0.067	0.764	0.459	0.123	0.710	0.209	0.757	0.453	0.136	0.689	0.177	0.767	0.458	0.078	0.855	0.704	0.551	0.361	0.164	0.011
70.200	0.952	0.815	0.603	0.368	0.068	0.764	0.458	0.124	0.711	0.210	0.757	0.453	0.139	0.689	0.177	0.768	0.458	0.079	0.853	0.707	0.549	0.362	0.165	0.011
70.300	0.951	0.815	0.604	0.367	0.069	0.765	0.460	0.124	0.712	0.211	0.757	0.456	0.138	0.690	0.179	0.770	0.459	0.079	0.854	0.706	0.551	0.364	0.165	0.010
70.400	0.952	0.815	0.604	0.367	0.069	0.764	0.460	0.125	0.710	0.211	0.757	0.457	0.139	0.691	0.179	0.770	0.460	0.079	0.855	0.705	0.551	0.364	0.167	0.013
70.500	0.953	0.815	0.605	0.369	0.069	0.764	0.461	0.127	0.712	0.213	0.758	0.458	0.140	0.689	0.180	0.771	0.461	0.081	0.855	0.707	0.552	0.365	0.167	0.011
70.600	0.952	0.816	0.605	0.369	0.070	0.766	0.461	0.129	0.712	0.214	0.758	0.457	0.142	0.691	0.180	0.771	0.461	0.084	0.855	0.707	0.551	0.365	0.169	0.011
70.700	0.952	0.815	0.605	0.371	0.073	0.767	0.461	0.128	0.712	0.213	0.758	0.457	0.142	0.692	0.180	0.772	0.461	0.083	0.855	0.708	0.552	0.364	0.169	0.011
70.800	0.953	0.815	0.606	0.372	0.073	0.765	0.463	0.129	0.712	0.216	0.758	0.458	0.143	0.691	0.183	0.772	0.461	0.083	0.852	0.708	0.553	0.367	0.171	0.012
70.900	0.952	0.815	0.607	0.371	0.074	0.765	0.463	0.131	0.712	0.217	0.760	0.458	0.143	0.691	0.184	0.771	0.462	0.086	0.855	0.709	0.552	0.367	0.170	0.011
71.000	0.953	0.818	0.607	0.372	0.074	0.767	0.463	0.131	0.712	0.216	0.757	0.461	0.144	0.692	0.184	0.772	0.461	0.086	0.854	0.709	0.554	0.366	0.170	0.011
71.100	0.953	0.817	0.607	0.374	0.077	0.767	0.465	0.134	0.713	0.218	0.759	0.459	0.146	0.692	0.187	0.772	0.463	0.087	0.855	0.709	0.555	0.368	0.173	0.011
71.200	0.953	0.815	0.605	0.374	0.078	0.767	0.467	0.134	0.715	0.220	0.759	0.461	0.147	0.692	0.186	0.772	0.464	0.088	0.855	0.709	0.554	0.370	0.174	0.009
71.300	0.953	0.817	0.608	0.374	0.078	0.767	0.465	0.135	0.713	0.220	0.759	0.461	0.148	0.693	0.186	0.770	0.465	0.088	0.856	0.710	0.555	0.369	0.175	0.011
71.400	0.953	0.817	0.607	0.375	0.079	0.768	0.467	0.136	0.715	0.221	0.759	0.462	0.149	0.693	0.188	0.771	0.466	0.089	0.856	0.709	0.557	0.370	0.176	0.011
71.500	0.954	0.817	0.608	0.375	0.081	0.767	0.467	0.138	0.713	0.222	0.760	0.462	0.151	0.695	0.189	0.772	0.466	0.092	0.855	0.709	0.558	0.372	0.178	0.010
71.600	0.954	0.817	0.607	0.377	0.081	0.768	0.468	0.137	0.714	0.222	0.760	0.463	0.151	0.694	0.190	0.774	0.466	0.092	0.854	0.710	0.557	0.370	0.177	0.011
71.700	0.953	0.819	0.609	0.376	0.083	0.768	0.468	0.139	0.714	0.224	0.761	0.464	0.152	0.694	0.190	0.774	0.467	0.092	0.854	0.712	0.556	0.370	0.179	0.011
71.800	0.952	0.819	0.610	0.377	0.084	0.767	0.468	0.139	0.714	0.224	0.760	0.464	0.153	0.694	0.191	0.775	0.466	0.095	0.855	0.711	0.558	0.373	0.179	0.011
71.900	0.954	0.818	0.610	0.377	0.086	0.768	0.469	0.141	0.715	0.225	0.761	0.465	0.153	0.695	0.191	0.774	0.467	0.095	0.856	0.712	0.557	0.373	0.181	0.012
72.000	0.952	0.819	0.610	0.379	0.086	0.768	0.470	0.141	0.715	0.226	0.760	0.466	0.154	0.695	0.193	0.775	0.467	0.096	0.854	0.712	0.557	0.373	0.182	0.012
72.100	0.954	0.819	0.611	0.379	0.086	0.768	0.470	0.141	0.715	0.226	0.761	0.466	0.156	0.695	0.193	0.775	0.470	0.098	0.856	0.710	0.559	0.376	0.183	0.011
72.200	0.955	0.819	0.611	0.381	0.089	0.767	0.470	0.141	0.716	0.227	0.762	0.467	0.157	0.695	0.193	0.774	0.469	0.098	0.856	0.712	0.561	0.376	0.184	0.009
72.300	0.952	0.819	0.611	0.380	0.088	0.770	0.470	0.144	0.715	0.228	0.762	0.467	0.157	0.695	0.194	0.772	0.470	0.099	0.856	0.712	0.559	0.377	0.186	0.011
72.400	0.953	0.818	0.611	0.383	0.090	0.769	0.473	0.144	0.715	0.229	0.762	0.467	0.159	0.696	0.196	0.775	0.470	0.100	0.856	0.711	0.561	0.376	0.185	0.010
72.500	0.953	0.818	0.611	0.383	0.093	0.768	0.472	0.145	0.717	0.229	0.764	0.468	0.160	0.696	0.195	0.777	0.472	0.103	0.856	0.712	0.559	0.378	0.187	0.011
72.600	0.953	0.822	0.614	0.383	0.093	0.770	0.472	0.145	0.717	0.229	0.764	0.470	0.161	0.695	0.197	0.776	0.471	0.103	0.856	0.714	0.561	0.379	0.189	0.011
72.700	0.954	0.819	0.614	0.384	0.093	0.769	0.475	0.146	0.717	0.231	0.764	0.469	0.161	0.696	0.198	0.777	0.472	0.104	0.856	0.714	0.563	0.381	0.189	0.011
72.800	0.955	0.820	0.614	0.385	0.096	0.769	0.474	0.148	0.718	0.232	0.764	0.469	0.162	0.697	0.199	0.775	0.474	0.104	0.858	0.713	0.563	0.381	0.191	0.012
72.900	0.953	0.819	0.614	0.385	0.097	0.769	0.474	0.148	0.717	0.233	0.764	0.470	0.163	0.698	0.201	0.777	0.474	0.106	0.855	0.714	0.563	0.381	0.191	0.011
73.000	0.952	0.819	0.614	0.386	0.098	0.772	0.475	0.150	0.718	0.233	0.762	0.470	0.164	0.698	0.201	0.777	0.474	0.107	0.856	0.713	0.564	0.381	0.193	0.010
73.100	0.954	0.819	0.614	0.387	0.099	0.772	0.476	0.150	0.718	0.233	0.765	0.470	0.164	0.697	0.202	0.777	0.474	0.108	0.856	0.714	0.565	0.382	0.192	0.011
73.200	0.952	0.822	0.614	0.388	0.100	0.771	0.477	0.150	0.717	0.237	0.764	0.470	0.165	0.699	0.204	0.775	0.475	0.108	0.856	0.714	0.566	0.384	0.193	0.011
73.300	0.954	0.819	0.615	0.388	0.100	0.772	0.476	0.152	0.718	0.237	0.764	0.473	0.168	0.698	0.204	0.777	0.475	0.110	0.859	0.715	0.565	0.383	0.194	0.011
73.400	0.953	0.820	0.616	0.388	0.101	0.772	0.479	0.152	0.720	0.237	0.764	0.474	0.167	0.698	0.203	0.777	0.477	0.110	0.858	0.715	0.563	0.385	0.196	0.011
73.500	0.954	0.822	0.617	0.389	0.102	0.772	0.477	0.154	0.719	0.238	0.764	0.473	0.168	0.700	0.205	0.778	0.478	0.114	0.857	0.717	0.567	0.385	0.197	0.011
73.600	0.952	0.820	0.618	0.389	0.105	0.773	0.478	0.155	0.719	0.239	0.765	0.475	0.170	0.701	0.206	0.779	0.478	0.114	0.858	0.716	0.568	0.386	0.198	0.011
73.700	0.952	0.820	0.618	0.389	0.104	0.771	0.479	0.157	0.720	0.239	0.765	0.475	0.170	0.700	0.208	0.777	0.478	0.114	0.858	0.715	0.568	0.388	0.199	0.011
73.800	0.951	0.822	0.618	0.390	0.103	0.774	0.480	0.158	0.719	0.238	0.764	0.475	0.170	0.699	0.208	0.779	0.480	0.115	0.858	0.716	0.568	0.389	0.201	0.011
73.900	0.953	0.823	0.619	0.391	0.107	0.772	0.479	0.159	0.719	0.242	0.766	0.478	0.172	0.700	0.208	0.779	0.480	0.117	0.858	0.714	0.569	0.388	0.201	0.011
74.000	0.954	0.820	0.619	0.392	0.108	0.774	0.479	0.160	0.719	0.242	0.765	0.475	0.175	0.701	0.209	0.779	0.479	0.119	0.859	0.717	0.568	0.389	0.202	0.010
74.100	0.954	0.822	0.620	0.393	0.110	0.774	0.480	0.161	0.722	0.243	0.766	0.477	0.175	0.702	0.211	0.779	0.480	0.118	0.858	0.719	0.569	0.389	0.204	0.011
74.200	0.953	0.822	0.620	0.393	0.110	0.773	0.481	0.161	0.719	0.244	0.766	0.479	0.175	0.701	0.211	0.781	0.482	0.120	0.858	0.718	0.569	0.391	0.206	0.011
74.300	0.955	0.823	0.621	0.395	0.109	0.774	0.484	0.161	0.721	0.244	0.767	0.479	0.177	0.702	0.213	0.780	0.481	0.121	0.859	0.718	0.570	0.391	0.206	0.013
74.400	0.952	0.822	0.621	0.395	0.112	0.773	0.486	0.164	0.721	0.246	0.767	0.479	0.177	0.703	0.213	0.781	0.483	0.122	0.858	0.718	0.569	0.391	0.208	0.012
74.500	0.954	0.822	0.620	0.395	0.113	0.772	0.482	0.162	0.721	0.247	0.768	0.480	0.177	0.702	0.215	0.781	0.482	0.124	0.859	0.719	0.570	0.393	0.209	0.012
74.600	0.954	0.822	0.621	0.396	0.113	0.774	0.484	0.164	0.722	0.247	0.767	0.480	0.178	0.705	0.215	0.781	0.484	0.122	0.861	0.719	0.572	0.392	0.210	0.011
74.700	0.952	0.822	0.623	0.398	0.115	0.774	0.484	0.165	0.722	0.249	0.766	0.479	0.179	0.703	0.216	0.781	0.485	0.124	0.859	0.719	0.572	0.393	0.211	0.013
74.800	0.954	0.825	0.623	0.396	0.116	0.774	0.485	0.167	0.723	0.249	0.767	0.481	0.180	0.703	0.216	0.782	0.485	0.128	0.859	0.719	0.572	0.396	0.211	0.013
74.900	0.954	0.825	0.621	0.400	0.116	0.774	0.484	0.167	0.722	0.249	0.767	0.482	0.181	0.703	0.218	0.782	0.486	0.128	0.859	0.721	0.573	0.396	0.212	0.013
75.000	0.953	0.822	0.622	0.397	0.117	0.774	0.487	0.168	0.723	0.251	0.767	0.484	0.182	0.704	0.219	0.780	0.486	0.127	0.859	0.721	0.573	0.398	0.212	0.011
75.100	0.955	0.825	0.625	0.398	0.118	0.776	0.488	0.167	0.722	0.250	0.770	0.482	0.182	0.706	0.220	0.781	0.486	0.129	0.859	0.720	0.573	0.397	0.215	0.011
75.200	0.953	0.824	0.622	0.400	0.121	0.777	0.488	0.168	0.724	0.251	0.768	0.484	0.182	0.705	0.221	0.780	0.486	0.129	0.861	0.720	0.574	0.398	0.214	0.011
75.300	0.953	0.824	0.624	0.400	0.121	0.777	0.487	0.168	0.724	0.250	0.768	0.484	0.183	0.706	0.222	0.780	0.488	0.131	0.859	0.721	0.576	0.398	0.217	0.011
75.400	0.954	0.825	0.623	0.400	0.119	0.777	0.488	0.169	0.725	0.251	0.768	0.485	0.183	0.706	0.222	0.780	0.487	0.131	0.859	0.721	0.574	0.400	0.215	0.011
75.500	0.953	0.824	0.624	0.401	0.121	0.775	0.489	0.168	0.724	0.251	0.768	0.484	0.184	0.707	0.222	0.782	0.488	0.131	0.862	0.719	0.576	0.401	0.219	0.011
75.600	0.953	0.823	0.625	0.403	0.122	0.775	0.487	0.171	0.724	0.252	0.768	0.486	0.184	0.705	0.224	0.781	0.489	0.132	0.859	0.722	0.576	0.400	0.219	0.011
75.700	0.954	0.825	0.624	0.403	0.122	0.775	0.489	0.171	0.725	0.252	0.768	0.484	0.184	0.706	0.222	0.783	0.488	0.134	0.862	0.721	0.578	0.401	0.219	0.013
75.800	0.953	0.825	0.624	0.403	0.124	0.777	0.489	0.171	0.725	0.254	0.769	0.486	0.184	0.706	0.224	0.783	0.489	0.134	0.861	0.721	0.578	0.402	0.220	0.012
75.900	0.953	0.824	0.625	0.403	0.125	0.775	0.489	0.172	0.724	0.254	0.769	0.486	0.184	0.707	0.225	0.784	0.489	0.136	0.861	0.722	0.577	0.402	0.222	0.011
76.000	0.954	0.825	0.625	0.404	0.127	0.777	0.490	0.172	0.725	0.252	0.769	0.486	0.185	0.707	0.225	0.782	0.489	0.135	0.861	0.724	0.577	0.402	0.222	0.010
76.100	0.953	0.825	0.626	0.406	0.128	0.777	0.491	0.173	0.723	0.255	0.769	0.487	0.185	0.707	0.225	0.783	0.491	0.135	0.860	0.722	0.576	0.402	0.223	0.011
76.200	0.954	0.825	0.626	0.405	0.129	0.777	0.489	0.175	0.725	0.255	0.770	0.486	0.188	0.706	0.227	0.782	0.491	0.138	0.862	0.722	0.576	0.404	0.223	0.011
76.300	0.953	0.824	0.625	0.405	0.129	0.778	0.491	0.175	0.726	0.255	0.770	0.487	0.186	0.709	0.227	0.781	0.490	0.138	0.863	0.723	0.577	0.405	0.225	0.011
76.400	0.954	0.824	0.626	0.405	0.131	0.776	0.492	0.175	0.725	0.258	0.769	0.487	0.187	0.708	0.229	0.784	0.490	0.139	0.861	0.722	0.580	0.403	0.226	0.011
76.500	0.954	0.824	0.626	0.405	0.131	0.777	0.492	0.178	0.724	0.258	0.768	0.489	0.187	0.708	0.229	0.783	0.491	0.139	0.863	0.724	0.580	0.405	0.227	0.011
76.600	0.956	0.827	0.627	0.406	0.131	0.777	0.491	0.177	0.728	0.256	0.770	0.487	0.188	0.710	0.229	0.784	0.494	0.141	0.860	0.724	0.578	0.405	0.227	0.010
76.700	0.954	0.827	0.628	0.409	0.132	0.776	0.491	0.177	0.725	0.258	0.770	0.487	0.189	0.709	0.229	0.784	0.493	0.142	0.861	0.726	0.579	0.404	0.227	0.012
76.800	0.954	0.825	0.628	0.408	0.134	0.776	0.492	0.179	0.728	0.258	0.771	0.487	0.188	0.709	0.230	0.783	0.493	0.142	0.859	0.723	0.580	0.405	0.226	0.012
76.900	0.954	0.825	0.628	0.408	0.135	0.777	0.492	0.179	0.725	0.258	0.770	0.489	0.189	0.708	0.230	0.785	0.494	0.143	0.862	0.724	0.580	0.405	0.228	0.011
77.000	0.954	0.825	0.628	0.407	0.135	0.777	0.493	0.180	0.726	0.259	0.770	0.489	0.189	0.710	0.232	0.784	0.494	0.142	0.861	0.724	0.579	0.407	0.230	0.011
77.100	0.954	0.827	0.627	0.407	0.136	0.775	0.494	0.180	0.728	0.258	0.772	0.489	0.189	0.710	0.231	0.784	0.494	0.144	0.859	0.724	0.582	0.407	0.230	0.011
77.200	0.954	0.826	0.628	0.409	0.138	0.778	0.494	0.181	0.727	0.260	0.771	0.491	0.191	0.708	0.231	0.785	0.495	0.144	0.861	0.724	0.584	0.410	0.231	0.011
77.300	0.952	0.827	0.627	0.410	0.138	0.779	0.493	0.179	0.727	0.259	0.770	0.490	0.191	0.708	0.233	0.785	0.496	0.144	0.862	0.724	0.580	0.410	0.232	0.011
77.400	0.954	0.827	0.628	0.409	0.138	0.777	0.494	0.180	0.728	0.261	0.770	0.491	0.191	0.709	0.234	0.785	0.496	0.147	0.863	0.725	0.580	0.409	0.232	0.011
77.500	0.954	0.827	0.630	0.409	0.138	0.779	0.494	0.180	0.729	0.262	0.771	0.491	0.191	0.710	0.233	0.785	0.496	0.147	0.863	0.725	0.582	0.409	0.233	0.012
77.600	0.952	0.827	0.629	0.410	0.139	0.780	0.494	0.182	0.726	0.261	0.772	0.492	0.191	0.709	0.234	0.786	0.495	0.147	0.862	0.725	0.581	0.408	0.235	0.012
77.700	0.954	0.827	0.630	0.408	0.139	0.777	0.496	0.183	0.727	0.261	0.772	0.491	0.193	0.710	0.233	0.787	0.496	0.148	0.862	0.726	0.582	0.411	0.233	0.011
77.800	0.954	0.828	0.630	0.410	0.141	0.779	0.496	0.182	0.728	0.263	0.772	0.492	0.192	0.709	0.234	0.786	0.496	0.151	0.865	0.727	0.582	0.412	0.234	0.013
77.900	0.955	0.826	0.630	0.409	0.140	0.778	0.495	0.183	0.727	0.261	0.772	0.492	0.192	0.710	0.235	0.784	0.497	0.150	0.865	0.726	0.582	0.411	0.237	0.012
78.000	0.953	0.827	0.630	0.409	0.142	0.779	0.496	0.183	0.728	0.261	0.770	0.491	0.193	0.710	0.235	0.787	0.497	0.151	0.863	0.725	0.584	0.410	0.236	0.012
78.100	0.954	0.828	0.630	0.410	0.142	0.780	0.496	0.183	0.728	0.262	0.772	0.493	0.193	0.712	0.237	0.786	0.499	0.151	0.863	0.724	0.582	0.412	0.236	0.013
78.200	0.954	0.827	0.630	0.410	0.144	0.779	0.496	0.184	0.731	0.262	0.773	0.493	0.193	0.709	0.237	0.786	0.497	0.152	0.863	0.725	0.584	0.412	0.239	0.011
78.300	0.954	0.828	0.631	0.411	0.144	0.779	0.495	0.184	0.728	0.262	0.773	0.493	0.193	0.710	0.236	0.786	0.499	0.152	0.862	0.726	0.585	0.412	0.240	0.011
78.400	0.955	0.828	0.630	0.411	0.143	0.778	0.498	0.184	0.729	0.263	0.773	0.493	0.194	0.711	0.238	0.786	0.498	0.155	0.863	0.726	0.583	0.412	0.240	0.012
78.500	0.954	0.830	0.630	0.413	0.145	0.777	0.496	0.184	0.729	0.264	0.772	0.493	0.194	0.712	0.240	0.787	0.500	0.155	0.864	0.726	0.584	0.412	0.241	0.011
78.600	0.954	0.828	0.630	0.412	0.144	0.779	0.497	0.185	0.729	0.265	0.773	0.493	0.194	0.711	0.239	0.787	0.498	0.153	0.864	0.727	0.585	0.413	0.240	0.012
78.700	0.954	0.828	0.630	0.412	0.148	0.779	0.496	0.186	0.729	0.265	0.772	0.493	0.194	0.712	0.239	0.787	0.500	0.156	0.864	0.726	0.585	0.414	0.242	0.012
78.800	0.954	0.828	0.630	0.412	0.146	0.780	0.497	0.187	0.728	0.262	0.772	0.493	0.194	0.712	0.239	0.786	0.499	0.157	0.861	0.728	0.584	0.414	0.240	0.012
78.900	0.954	0.828	0.631	0.414	0.147	0.779	0.497	0.187	0.729	0.265	0.772	0.495	0.195	0.712	0.240	0.787	0.500	0.157	0.863	0.725	0.584	0.414	0.243	0.011
79.000	0.954	0.827	0.631	0.414	0.147	0.778	0.498	0.186	0.731	0.263	0.773	0.494	0.194	0.713	0.239	0.787	0.500	0.157	0.865	0.727	0.584	0.416	0.244	0.011
79.100	0.955	0.829	0.630	0.414	0.150	0.782	0.497	0.187	0.731	0.264	0.774	0.494	0.195	0.713	0.242	0.787	0.501	0.158	0.863	0.728	0.585	0.416	0.244	0.011
79.200	0.953	0.827	0.631	0.413	0.148	0.780	0.497	0.187	0.729	0.266	0.774	0.494	0.196	0.712	0.244	0.786	0.500	0.160	0.864	0.726	0.585	0.417	0.245	0.011
79.300	0.954	0.827	0.630	0.414	0.149	0.779	0.498	0.187	0.731	0.264	0.774	0.494	0.196	0.712	0.242	0.787	0.501	0.160	0.864	0.727	0.586	0.418	0.247	0.012
79.400	0.954	0.829	0.630	0.413	0.150	0.779	0.497	0.187	0.729	0.266	0.773	0.495	0.195	0.712	0.244	0.786	0.501	0.160	0.865	0.727	0.586	0.417	0.246	0.011
79.500	0.954	0.827	0.631	0.415	0.150	0.781	0.498	0.187	0.731	0.266	0.773	0.496	0.195	0.713	0.243	0.789	0.502	0.159	0.865	0.728	0.586	0.418	0.246	0.012
79.600	0.953	0.829	0.631	0.414	0.149	0.779	0.497	0.187	0.731	0.265	0.774	0.495	0.196	0.714	0.244	0.788	0.502	0.163	0.863	0.728	0.587	0.418	0.248	0.013
79.700	0.956	0.828	0.630	0.415	0.151	0.781	0.499	0.187	0.731	0.267	0.774	0.496	0.196	0.714	0.244	0.787	0.501	0.163	0.865	0.729	0.588	0.418	0.247	0.014
79.800	0.954	0.827	0.633	0.414	0.150	0.782	0.498	0.189	0.731	0.266	0.773	0.494	0.196	0.712	0.245	0.788	0.503	0.163	0.865	0.728	0.587	0.419	0.248	0.013
79.900	0.957	0.828	0.630	0.414	0.152	0.779	0.498	0.189	0.731	0.265	0.773	0.496	0.197	0.713	0.246	0.787	0.503	0.164	0.864	0.728	0.588	0.419	0.248	0.014
80.000	0.954	0.828	0.633	0.415	0.151	0.781	0.498	0.188	0.731	0.268	0.773	0.496	0.197	0.713	0.246	0.787	0.502	0.164	0.863	0.728	0.587	0.420	0.249	0.016
80.100	0.956	0.827	0.633	0.414	0.151	0.780	0.500	0.188	0.732	0.266	0.773	0.497	0.198	0.714	0.246	0.790	0.502	0.164	0.864	0.728	0.588	0.420	0.248	0.015
80.200	0.955	0.827	0.630	0.415	0.151	0.783	0.499	0.188	0.731	0.267	0.774	0.496	0.197	0.713	0.246	0.789	0.502	0.166	0.865	0.729	0.587	0.420	0.251	0.016
80.300	0.953	0.828	0.631	0.416	0.151	0.780	0.499	0.189	0.732	0.268	0.774	0.497	0.197	0.713	0.247	0.788	0.504	0.166	0.865	0.728	0.588	0.420	0.251	0.016
80.400	0.954	0.829	0.631	0.415	0.153	0.781	0.500	0.188	0.732	0.266	0.774	0.496	0.198	0.713	0.246	0.788	0.504	0.165	0.862	0.729	0.587	0.421	0.249	0.017
80.500	0.954	0.829	0.631	0.417	0.151	0.780	0.497	0.189	0.731	0.266	0.774	0.496	0.197	0.714	0.248	0.787	0.503	0.167	0.865	0.729	0.587	0.421	0.251	0.018
80.600	0.954	0.828	0.633	0.417	0.154	0.780	0.500	0.189	0.732	0.267	0.774	0.497	0.197	0.715	0.247	0.788	0.504	0.167	0.865	0.729	0.588	0.422	0.252	0.018
80.700	0.953	0.830	0.633	0.416	0.151	0.779	0.501	0.187	0.731	0.268	0.775	0.496	0.198	0.715	0.247	0.789	0.504	0.169	0.863	0.729	0.589	0.421	0.251	0.020
80.800	0.953	0.829	0.633	0.417	0.153	0.782	0.500	0.189	0.731	0.268	0.775	0.498	0.199	0.713	0.248	0.788	0.504	0.168	0.864	0.730	0.588	0.422	0.253	0.021
80.900	0.953	0.829	0.634	0.417	0.151	0.782	0.501	0.190	0.731	0.267	0.775	0.500	0.197	0.715	0.249	0.788	0.504	0.168	0.864	0.731	0.590	0.422	0.252	0.021
81.000	0.954	0.829	0.633	0.417	0.153	0.782	0.501	0.187	0.732	0.268	0.774	0.499	0.198	0.716	0.248	0.788	0.505	0.168	0.863	0.731	0.588	0.423	0.252	0.023
81.100	0.954	0.830	0.634	0.417	0.153	0.782	0.500	0.189	0.733	0.268	0.774	0.499	0.199	0.715	0.250	0.788	0.503	0.170	0.865	0.730	0.589	0.422	0.254	0.024
81.200	0.954	0.829	0.633	0.418	0.152	0.780	0.500	0.190	0.732	0.268	0.774	0.500	0.198	0.714	0.249	0.788	0.504	0.170	0.863	0.729	0.589	0.423	0.256	0.024
81.300	0.953	0.830	0.632	0.415	0.153	0.781	0.500	0.189	0.731	0.268	0.774	0.497	0.199	0.714	0.249	0.788	0.504	0.172	0.864	0.729	0.592	0.423	0.255	0.026
81.400	0.954	0.829	0.632	0.417	0.153	0.781	0.499	0.190	0.732	0.267	0.775	0.499	0.198	0.714	0.251	0.790	0.505	0.171	0.865	0.731	0.591	0.423	0.256	0.027
81.500	0.954	0.828	0.633	0.418	0.154	0.779	0.501	0.189	0.732	0.268	0.774	0.500	0.197	0.715	0.251	0.789	0.506	0.172	0.865	0.729	0.591	0.423	0.256	0.027
81.600	0.952	0.829	0.631	0.417	0.155	0.782	0.499	0.189	0.731	0.269	0.775	0.499	0.199	0.715	0.251	0.788	0.505	0.172	0.863	0.730	0.589	0.424	0.258	0.030
81.700	0.954	0.829	0.631	0.417	0.153	0.782	0.502	0.188	0.732	0.269	0.775	0.500	0.199	0.715	0.250	0.790	0.506	0.172	0.864	0.731	0.590	0.424	0.258	0.031
81.800	0.954	0.828	0.631	0.417	0.152	0.781	0.501	0.189	0.732	0.268	0.775	0.500	0.198	0.715	0.252	0.790	0.506	0.174	0.865	0.731	0.590	0.424	0.258	0.033
81.900	0.955	0.828	0.633	0.418	0.153	0.780	0.501	0.190	0.732	0.269	0.774	0.500	0.199	0.714	0.251	0.789	0.506	0.175	0.865	0.730	0.590	0.425	0.258	0.034
82.000	0.955	0.829	0.634	0.418	0.153	0.782	0.500	0.189	0.732	0.268	0.775	0.500	0.200	0.715	0.252	0.790	0.505	0.174	0.864	0.731	0.591	0.424	0.261	0.035
82.100	0.956	0.828	0.632	0.418	0.154	0.781	0.501	0.189	0.732	0.267	0.775	0.500	0.199	0.714	0.251	0.790	0.506	0.175	0.865	0.731	0.591	0.425	0.261	0.038
82.200	0.954	0.829	0.631	0.418	0.155	0.780	0.501	0.188	0.732	0.268	0.775	0.498	0.199	0.716	0.252	0.791	0.506	0.175	0.865	0.730	0.591	0.425	0.260	0.040
82.300	0.953	0.828	0.632	0.417	0.155	0.782	0.500	0.189	0.732	0.269	0.776	0.499	0.201	0.717	0.252	0.789	0.505	0.177	0.865	0.731	0.592	0.424	0.261	0.040
82.400	0.956	0.829	0.633	0.419	0.154	0.782	0.502	0.191	0.733	0.268	0.775	0.500	0.199	0.715	0.252	0.791	0.506	0.177	0.865	0.731	0.591	0.427	0.260	0.043
82.500	0.954	0.828	0.632	0.417	0.153	0.782	0.501	0.191	0.733	0.269	0.775	0.500	0.199	0.715	0.255	0.789	0.506	0.177	0.864	0.731	0.591	0.426	0.262	0.043
82.600	0.954	0.829	0.633	0.417	0.155	0.782	0.501	0.189	0.732	0.268	0.775	0.500	0.200	0.715	0.252	0.791	0.506	0.175	0.865	0.732	0.592	0.426	0.262	0.045
82.700	0.956	0.830	0.634	0.417	0.155	0.781	0.501	0.189	0.732	0.268	0.775	0.500	0.199	0.716	0.253	0.791	0.505	0.177	0.866	0.731	0.592	0.426	0.262	0.048
82.800	0.957	0.830	0.633	0.418	0.153	0.782	0.501	0.190	0.732	0.269	0.776	0.500	0.199	0.716	0.252	0.790	0.507	0.177	0.865	0.731	0.592	0.426	0.262	0.049
