0.000	0.005	0.007	0.000	0.006	0.000	0.000	0.000	0.000	0.000	0.000	0.000	0.006	0.004	0.000	0.000	0.005	0.000	0.000	0.000	0.007	0.008	0.000	0.002	0.011
0.100	0.005	0.007	0.000	0.007	0.000	0.000	0.000	0.000	0.000	0.000	0.000	0.004	0.005	0.000	0.000	0.005	0.000	0.000	0.001	0.007	0.009	0.000	0.002	0.011
0.200	0.005	0.008	0.000	0.005	0.000	0.000	0.000	0.000	0.000	0.000	0.000	0.007	0.004	0.001	0.000	0.004	0.000	0.000	0.000	0.007	0.009	0.000	0.001	0.011
0.300	0.005	0.007	0.000	0.006	0.000	0.000	0.000	0.000	0.000	0.000	0.000	0.005	0.003	0.000	0.000	0.006	0.000	0.000	0.001	0.006	0.008	0.001	0.003	0.010
0.400	0.004	0.007	0.000	0.006	0.000	0.000	0.000	0.000	0.000	0.000	0.000	0.007	0.004	0.000	0.000	0.004	0.000	0.000	0.001	0.007	0.008	0.001	0.003	0.011
0.500	0.005	0.007	0.000	0.005	0.000	0.000	0.000	0.000	0.000	0.000	0.000	0.005	0.004	0.001	0.000	0.005	0.000	0.000	0.001	0.006	0.007	0.001	0.002	0.011
0.600	0.006	0.007	0.000	0.005	0.000	0.000	0.000	0.000	0.000	0.000	0.000	0.006	0.003	0.000	0.000	0.005	0.000	0.000	0.001	0.007	0.007	0.000	0.002	0.012
0.700	0.004	0.005	0.000	0.006	0.000	0.000	0.000	0.000	0.000	0.000	0.000	0.006	0.002	0.000	0.000	0.006	0.000	0.000	0.000	0.006	0.007	0.001	0.002	0.011
0.800	0.005	0.005	0.000	0.006	0.000	0.000	0.000	0.000	0.000	0.000	0.000	0.006	0.003	0.000	0.000	0.005	0.000	0.000	0.001	0.007	0.006	0.001	0.003	0.011
0.900	0.003	0.008	0.000	0.006	0.000	0.000	0.000	0.000	0.000	0.000	0.000	0.006	0.004	0.000	0.000	0.005	0.000	0.000	0.000	0.007	0.007	0.001	0.002	0.010
1.000	0.004	0.005	0.000	0.005	0.000	0.000	0.000	0.000	0.001	0.000	0.000	0.005	0.003	0.001	0.000	0.005	0.000	0.000	0.000	0.007	0.008	0.001	0.002	0.010
1.100	0.003	0.007	0.000	0.006	0.000	0.000	0.000	0.000	0.000	0.000	0.000	0.005	0.004	0.001	0.000	0.005	0.000	0.000	0.001	0.007	0.006	0.001	0.002	0.011
1.200	0.005	0.005	0.000	0.005	0.000	0.000	0.000	0.000	0.000	0.000	0.000	0.007	0.004	0.001	0.000	0.006	0.000	0.000	0.001	0.008	0.008	0.000	0.002	0.009
1.300	0.005	0.007	0.000	0.006	0.000	0.000	0.000	0.000	0.000	0.000	0.000	0.005	0.004	0.000	0.000	0.005	0.000	0.000	0.002	0.007	0.007	0.001	0.002	0.009
1.400	0.006	0.007	0.000	0.005	0.000	0.000	0.000	0.000	0.000	0.000	0.000	0.005	0.003	0.001	0.000	0.005	0.000	0.000	0.001	0.006	0.008	0.000	0.002	0.012
1.500	0.005	0.007	0.000	0.006	0.000	0.000	0.000	0.000	0.000	0.000	0.000	0.006	0.003	0.000	0.000	0.006	0.000	0.000	0.000	0.008	0.007	0.000	0.002	0.008
1.600	0.004	0.007	0.000	0.007	0.000	0.000	0.000	0.000	0.000	0.000	0.000	0.006	0.004	0.001	0.000	0.005	0.000	0.000	0.002	0.007	0.008	0.001	0.002	0.009
1.700	0.005	0.007	0.000	0.006	0.000	0.000	0.000	0.000	0.000	0.000	0.000	0.007	0.004	0.000	0.000	0.004	0.000	0.000	0.000	0.009	0.008	0.001	0.002	0.011
1.800	0.005	0.006	0.000	0.005	0.000	0.000	0.000	0.000	0.000	0.000	0.000	0.007	0.004	0.000	0.000	0.006	0.000	0.000	0.001	0.008	0.006	0.001	0.002	0.009
1.900	0.004	0.007	0.000	0.005	0.000	0.000	0.000	0.000	0.000	0.000	0.000	0.005	0.004	0.001	0.000	0.004	0.000	0.000	0.001	0.007	0.007	0.000	0.002	0.011
2.000	0.004	0.009	0.000	0.006	0.000	0.000	0.000	0.000	0.000	0.000	0.000	0.007	0.004	0.000	0.000	0.006	0.000	0.000	0.000	0.007	0.007	0.001	0.002	0.009
2.100	0.005	0.006	0.000	0.005	0.000	0.000	0.000	0.000	0.000	0.000	0.000	0.005	0.004	0.000	0.000	0.006	0.000	0.000	0.001	0.006	0.007	0.000	0.001	0.011
2.200	0.006	0.008	0.000	0.005	0.000	0.000	0.000	0.000	0.000	0.000	0.000	0.005	0.002	0.000	0.000	0.006	0.000	0.000	0.000	0.006	0.005	0.001	0.003	0.011
2.300	0.005	0.007	0.000	0.004	0.000	0.000	0.000	0.000	0.000	0.000	0.000	0.005	0.003	0.000	0.000	0.004	0.000	0.000	0.000	0.007	0.007	0.001	0.002	0.009
2.400	0.005	0.007	0.000	0.005	0.000	0.000	0.000	0.000	0.000	0.000	0.000	0.005	0.003	0.000	0.000	0.007	0.000	0.000	0.001	0.007	0.007	0.002	0.003	0.009
2.500	0.006	0.007	0.000	0.005	0.000	0.000	0.000	0.000	0.000	0.000	0.000	0.005	0.004	0.000	0.000	0.005	0.000	0.000	0.001	0.007	0.007	0.001	0.004	0.008
2.600	0.004	0.007	0.000	0.007	0.000	0.000	0.000	0.000	0.000	0.000	0.000	0.006	0.004	0.000	0.000	0.007	0.000	0.000	0.001	0.006	0.007	0.001	0.002	0.011
2.700	0.004	0.011	0.000	0.007	0.000	0.000	0.000	0.000	0.000	0.000	0.000	0.005	0.004	0.000	0.000	0.007	0.000	0.000	0.002	0.007	0.006	0.000	0.003	0.010
2.800	0.007	0.009	0.000	0.007	0.000	0.000	0.000	0.000	0.000	0.000	0.000	0.006	0.004	0.000	0.000	0.007	0.000	0.000	0.002	0.007	0.008	0.000	0.002	0.010
2.900	0.012	0.013	0.000	0.007	0.000	0.002	0.000	0.000	0.002	0.000	0.001	0.008	0.004	0.004	0.000	0.012	0.000	0.000	0.007	0.011	0.010	0.002	0.004	0.010
3.000	0.014	0.014	0.000	0.007	0.000	0.001	0.000	0.000	0.002	0.000	0.001	0.009	0.005	0.004	0.000	0.010	0.000	0.000	0.007	0.011	0.010	0.002	0.002	0.009
3.100	0.014	0.014	0.000	0.007	0.000	0.003	0.000	0.000	0.003	0.000	0.001	0.008	0.004	0.004	0.000	0.010	0.000	0.000	0.007	0.011	0.010	0.002	0.003	0.010
3.200	0.013	0.013	0.001	0.007	0.000	0.002	0.000	0.000	0.004	0.000	0.001	0.008	0.005	0.004	0.000	0.010	0.000	0.000	0.006	0.011	0.011	0.002	0.003	0.010
3.300	0.027	0.014	0.000	0.007	0.000	0.001	0.000	0.000	0.003	0.000	0.002	0.009	0.004	0.004	0.000	0.011	0.000	0.000	0.007	0.014	0.008	0.001	0.004	0.011
3.400	0.703	0.011	0.000	0.007	0.000	0.000	0.000	0.000	0.000	0.000	0.000	0.005	0.005	0.002	0.000	0.006	0.000	0.000	0.002	0.010	0.010	0.001	0.002	0.009
3.500	0.770	0.010	0.000	0.005	0.000	0.000	0.000	0.000	0.000	0.000	0.000	0.007	0.005	0.001	0.000	0.005	0.000	0.000	0.003	0.009	0.009	0.001	0.003	0.009
3.600	0.791	0.009	0.000	0.005	0.000	0.000	0.000	0.000	0.001	0.000	0.000	0.009	0.003	0.000	0.000	0.007	0.000	0.000	0.001	0.010	0.007	0.001	0.003	0.010
3.700	0.819	0.009	0.000	0.006	0.000	0.000	0.000	0.000	0.000	0.000	0.000	0.007	0.005	0.000	0.000	0.005	0.000	0.000	0.002	0.008	0.007	0.002	0.002	0.012
3.800	0.827	0.009	0.000	0.005	0.000	0.000	0.000	0.000	0.001	0.000	0.000	0.006	0.004	0.000	0.000	0.006	0.000	0.000	0.003	0.007	0.007	0.001	0.003	0.011
3.900	0.840	0.011	0.000	0.006	0.000	0.000	0.000	0.000	0.000	0.000	0.000	0.007	0.005	0.001	0.000	0.005	0.000	0.000	0.001	0.007	0.009	0.000	0.004	0.010
4.000	0.859	0.009	0.000	0.007	0.000	0.000	0.000	0.000	0.000	0.000	0.000	0.005	0.004	0.001	0.000	0.005	0.000	0.000	0.001	0.007	0.007	0.000	0.002	0.011
4.100	0.865	0.009	0.000	0.007	0.000	0.000	0.000	0.000	0.000	0.000	0.000	0.007	0.004	0.001	0.000	0.006	0.000	0.000	0.000	0.008	0.009	0.002	0.002	0.009
4.200	0.875	0.009	0.000	0.006	0.000	0.000	0.000	0.000	0.000	0.000	0.000	0.005	0.005	0.002	0.000	0.004	0.000	0.000	0.002	0.009	0.007	0.001	0.004	0.011
4.300	0.876	0.007	0.000	0.007	0.000	0.000	0.000	0.000	0.000	0.000	0.000	0.007	0.005	0.001	0.000	0.005	0.000	0.000	0.001	0.007	0.008	0.001	0.003	0.009
4.400	0.883	0.008	0.000	0.007	0.000	0.000	0.000	0.000	0.000	0.000	0.000	0.005	0.004	0.001	0.000	0.007	0.000	0.000	0.001	0.009	0.007	0.002	0.003	0.009
4.500	0.891	0.007	0.000	0.006	0.000	0.000	0.000	0.000	0.000	0.000	0.000	0.007	0.005	0.002	0.000	0.006	0.000	0.000	0.086	0.009	0.007	0.000	0.002	0.009
4.600	0.895	0.008	0.000	0.007	0.000	0.000	0.000	0.000	0.000	0.000	0.000	0.007	0.004	0.001	0.000	0.005	0.000	0.000	0.146	0.007	0.009	0.001	0.004	0.009
4.700	0.900	0.007	0.000	0.004	0.000	0.000	0.000	0.000	0.000	0.000	0.000	0.005	0.003	0.001	0.000	0.004	0.000	0.000	0.197	0.008	0.007	0.001	0.002	0.007
4.800	0.901	0.008	0.000	0.005	0.000	0.000	0.000	0.000	0.000	0.000	0.000	0.005	0.004	0.000	0.000	0.005	0.000	0.000	0.232	0.009	0.007	0.000	0.003	0.011
4.900	0.905	0.010	0.000	0.007	0.000	0.000	0.000	0.000	0.000	0.000	0.000	0.005	0.004	0.000	0.000	0.005	0.000	0.000	0.258	0.007	0.006	0.000	0.002	0.011
5.000	0.906	0.011	0.000	0.006	0.000	0.000	0.000	0.000	0.000	0.000	0.000	0.005	0.004	0.000	0.000	0.005	0.000	0.000	0.282	0.007	0.009	0.001	0.004	0.009
5.100	0.911	0.035	0.000	0.006	0.000	0.000	0.000	0.000	0.000	0.000	0.000	0.007	0.004	0.001	0.000	0.005	0.000	0.000	0.301	0.008	0.007	0.000	0.003	0.011
5.200	0.911	0.069	0.000	0.007	0.000	0.000	0.000	0.000	0.000	0.000	0.000	0.007	0.005	0.001	0.000	0.005	0.000	0.000	0.318	0.008	0.007	0.001	0.002	0.010
5.300	0.915	0.088	0.000	0.007	0.000	0.000	0.000	0.000	0.000	0.000	0.000	0.007	0.004	0.001	0.000	0.005	0.000	0.000	0.336	0.008	0.007	0.001	0.002	0.011
5.400	0.918	0.111	0.000	0.006	0.000	0.000	0.000	0.000	0.000	0.000	0.000	0.007	0.004	0.001	0.000	0.004	0.000	0.000	0.348	0.007	0.009	0.001	0.002	0.008
5.500	0.918	0.130	0.000	0.004	0.000	0.000	0.000	0.000	0.000	0.000	0.000	0.007	0.004	0.000	0.000	0.004	0.000	0.000	0.362	0.007	0.008	0.002	0.003	0.010
5.600	0.920	0.151	0.000	0.007	0.000	0.000	0.000	0.000	0.000	0.000	0.000	0.007	0.004	0.001	0.000	0.004	0.000	0.000	0.376	0.008	0.008	0.000	0.002	0.011
5.700	0.923	0.170	0.000	0.006	0.000	0.000	0.000	0.000	0.000	0.000	0.000	0.007	0.003	0.000	0.000	0.004	0.000	0.000	0.388	0.009	0.009	0.002	0.003	0.011
5.800	0.925	0.186	0.000	0.006	0.000	0.000	0.000	0.000	0.000	0.000	0.000	0.006	0.003	0.000	0.000	0.005	0.000	0.000	0.401	0.007	0.007	0.002	0.002	0.009
5.900	0.927	0.200	0.000	0.007	0.000	0.000	0.000	0.000	0.000	0.000	0.000	0.007	0.004	0.000	0.000	0.005	0.000	0.000	0.417	0.009	0.007	0.002	0.002	0.010
6.000	0.927	0.214	0.000	0.006	0.000	0.000	0.000	0.000	0.000	0.000	0.000	0.005	0.004	0.002	0.000	0.016	0.000	0.000	0.428	0.008	0.008	0.002	0.004	0.011
6.100	0.930	0.227	0.001	0.007	0.000	0.000	0.000	0.000	0.000	0.000	0.000	0.006	0.003	0.001	0.000	0.046	0.000	0.000	0.443	0.008	0.007	0.002	0.002	0.011
6.200	0.929	0.237	0.000	0.007	0.000	0.000	0.000	0.000	0.000	0.000	0.000	0.007	0.004	0.001	0.000	0.059	0.000	0.000	0.453	0.008	0.007	0.001	0.002	0.009
6.300	0.931	0.252	0.000	0.006	0.000	0.000	0.000	0.000	0.000	0.000	0.000	0.007	0.003	0.001	0.000	0.068	0.000	0.000	0.464	0.009	0.008	0.001	0.002	0.010
6.400	0.935	0.261	0.000	0.006	0.000	0.025	0.000	0.000	0.000	0.000	0.000	0.008	0.003	0.000	0.000	0.080	0.000	0.000	0.472	0.007	0.007	0.000	0.002	0.009
6.500	0.934	0.271	0.000	0.007	0.000	0.039	0.000	0.000	0.000	0.000	0.030	0.007	0.004	0.001	0.000	0.091	0.000	0.000	0.481	0.007	0.008	0.000	0.002	0.009
6.600	0.936	0.280	0.000	0.006	0.000	0.050	0.000	0.000	0.000	0.000	0.045	0.007	0.004	0.001	0.000	0.099	0.000	0.000	0.489	0.008	0.008	0.001	0.002	0.010
6.700	0.937	0.292	0.000	0.006	0.000	0.060	0.000	0.000	0.000	0.000	0.056	0.009	0.004	0.000	0.000	0.108	0.000	0.000	0.496	0.008	0.007	0.001	0.004	0.010
6.800	0.937	0.300	0.000	0.005	0.000	0.068	0.000	0.000	0.000	0.000	0.070	0.009	0.003	0.001	0.000	0.117	0.000	0.000	0.502	0.008	0.007	0.000	0.002	0.010
6.900	0.938	0.310	0.000	0.007	0.000	0.076	0.000	0.000	0.000	0.000	0.083	0.006	0.004	0.001	0.000	0.125	0.000	0.000	0.509	0.007	0.007	0.001	0.003	0.009
7.000	0.940	0.320	0.000	0.006	0.000	0.086	0.000	0.000	0.000	0.000	0.096	0.007	0.003	0.002	0.000	0.133	0.000	0.000	0.516	0.006	0.007	0.001	0.004	0.009
7.100	0.940	0.331	0.000	0.006	0.000	0.096	0.000	0.000	0.000	0.000	0.112	0.009	0.003	0.001	0.000	0.143	0.000	0.000	0.523	0.008	0.006	0.000	0.002	0.011
7.200	0.941	0.337	0.000	0.005	0.000	0.108	0.000	0.000	0.000	0.000	0.124	0.007	0.004	0.002	0.000	0.150	0.000	0.000	0.528	0.009	0.007	0.000	0.003	0.011
7.300	0.942	0.346	0.000	0.005	0.000	0.118	0.000	0.000	0.000	0.000	0.138	0.008	0.003	0.001	0.000	0.158	0.000	0.000	0.532	0.008	0.006	0.000	0.003	0.012
7.400	0.944	0.350	0.000	0.007	0.000	0.127	0.000	0.000	0.000	0.000	0.149	0.006	0.004	0.000	0.000	0.165	0.000	0.000	0.537	0.009	0.005	0.000	0.003	0.009
7.500	0.945	0.355	0.000	0.007	0.000	0.134	0.000	0.000	0.000	0.000	0.157	0.006	0.004	0.000	0.000	0.173	0.000	0.000	0.544	0.007	0.007	0.001	0.002	0.011
7.600	0.945	0.360	0.000	0.008	0.000	0.141	0.000	0.000	0.000	0.000	0.166	0.008	0.004	0.000	0.000	0.179	0.000	0.000	0.548	0.009	0.009	0.000	0.003	0.011
7.700	0.946	0.369	0.000	0.007	0.000	0.148	0.000	0.000	0.000	0.000	0.172	0.007	0.003	0.000	0.000	0.187	0.000	0.000	0.551	0.007	0.007	0.000	0.003	0.011
7.800	0.947	0.373	0.000	0.007	0.000	0.156	0.000	0.000	0.000	0.000	0.182	0.007	0.003	0.001	0.000	0.195	0.000	0.000	0.558	0.007	0.007	0.000	0.002	0.010
7.900	0.947	0.378	0.000	0.007	0.000	0.164	0.000	0.000	0.000	0.000	0.186	0.007	0.003	0.001	0.000	0.202	0.000	0.000	0.563	0.007	0.007	0.001	0.002	0.010
8.000	0.947	0.384	0.000	0.006	0.000	0.170	0.000	0.000	0.000	0.000	0.194	0.006	0.004	0.000	0.000	0.210	0.000	0.000	0.563	0.007	0.008	0.001	0.002	0.009
8.100	0.949	0.391	0.000	0.007	0.000	0.179	0.000	0.000	0.000	0.000	0.203	0.007	0.005	0.000	0.000	0.215	0.000	0.000	0.568	0.007	0.007	0.001	0.002	0.011
8.200	0.949	0.396	0.000	0.007	0.000	0.188	0.000	0.000	0.000	0.000	0.210	0.006	0.004	0.000	0.000	0.222	0.000	0.000	0.571	0.007	0.007	0.000	0.002	0.011
8.300	0.950	0.398	0.000	0.007	0.000	0.191	0.000	0.000	0.000	0.000	0.217	0.005	0.003	0.000	0.000	0.227	0.000	0.000	0.576	0.007	0.007	0.001	0.002	0.011
8.400	0.950	0.407	0.000	0.007	0.000	0.199	0.000	0.000	0.000	0.000	0.225	0.006	0.003	0.000	0.000	0.233	0.000	0.000	0.579	0.007	0.008	0.000	0.003	0.011
8.500	0.950	0.412	0.000	0.005	0.000	0.206	0.000	0.000	0.000	0.000	0.230	0.005	0.002	0.001	0.000	0.239	0.000	0.000	0.584	0.008	0.006	0.001	0.003	0.011
8.600	0.950	0.417	0.000	0.006	0.000	0.212	0.000	0.000	0.000	0.000	0.236	0.007	0.004	0.028	0.000	0.244	0.000	0.000	0.586	0.007	0.007	0.001	0.004	0.011
8.700	0.952	0.419	0.000	0.007	0.000	0.215	0.000	0.000	0.000	0.000	0.241	0.008	0.002	0.034	0.000	0.254	0.000	0.000	0.588	0.008	0.007	0.002	0.002	0.011
8.800	0.952	0.423	0.000	0.006	0.000	0.223	0.000	0.000	0.000	0.000	0.248	0.007	0.003	0.042	0.000	0.256	0.000	0.000	0.592	0.007	0.008	0.001	0.003	0.012
8.900	0.952	0.426	0.000	0.007	0.000	0.230	0.000	0.000	0.000	0.000	0.253	0.005	0.004	0.049	0.000	0.262	0.000	0.000	0.595	0.009	0.007	0.001	0.002	0.011
9.000	0.953	0.431	0.000	0.007	0.000	0.234	0.000	0.000	0.000	0.000	0.258	0.007	0.004	0.055	0.000	0.269	0.000	0.000	0.598	0.007	0.008	0.001	0.002	0.011
9.100	0.953	0.435	0.000	0.007	0.000	0.242	0.000	0.000	0.000	0.000	0.266	0.007	0.004	0.062	0.000	0.275	0.000	0.000	0.603	0.008	0.007	0.001	0.003	0.011
9.200	0.955	0.439	0.000	0.007	0.000	0.247	0.000	0.000	0.020	0.000	0.269	0.006	0.004	0.070	0.000	0.278	0.000	0.000	0.607	0.008	0.008	0.001	0.002	0.011
9.300	0.954	0.442	0.000	0.006	0.000	0.252	0.000	0.000	0.029	0.000	0.276	0.008	0.004	0.073	0.000	0.284	0.000	0.000	0.609	0.007	0.010	0.000	0.002	0.010
9.400	0.956	0.446	0.000	0.006	0.000	0.259	0.000	0.000	0.037	0.000	0.281	0.008	0.004	0.078	0.000	0.290	0.000	0.000	0.611	0.009	0.008	0.000	0.002	0.011
9.500	0.956	0.450	0.000	0.006	0.000	0.265	0.000	0.000	0.045	0.000	0.287	0.007	0.003	0.086	0.000	0.294	0.000	0.000	0.614	0.008	0.009	0.001	0.003	0.010
9.600	0.957	0.453	0.000	0.006	0.000	0.269	0.000	0.000	0.051	0.000	0.290	0.007	0.003	0.094	0.000	0.297	0.000	0.000	0.619	0.007	0.009	0.001	0.002	0.011
9.700	0.957	0.458	0.000	0.006	0.000	0.275	0.000	0.000	0.056	0.000	0.294	0.007	0.004	0.098	0.000	0.304	0.000	0.000	0.623	0.009	0.009	0.001	0.003	0.011
9.800	0.957	0.462	0.000	0.007	0.000	0.282	0.000	0.000	0.062	0.000	0.298	0.007	0.003	0.103	0.000	0.305	0.000	0.000	0.622	0.007	0.008	0.000	0.002	0.013
9.900	0.957	0.464	0.000	0.005	0.000	0.284	0.000	0.000	0.067	0.000	0.304	0.007	0.003	0.108	0.000	0.309	0.000	0.000	0.627	0.008	0.007	0.001	0.004	0.010
10.000	0.956	0.470	0.000	0.005	0.000	0.289	0.000	0.000	0.074	0.000	0.307	0.007	0.004	0.112	0.000	0.314	0.000	0.000	0.628	0.028	0.007	0.000	0.001	0.011
10.100	0.958	0.473	0.000	0.005	0.000	0.294	0.000	0.000	0.081	0.000	0.314	0.007	0.004	0.117	0.000	0.318	0.000	0.000	0.631	0.048	0.009	0.000	0.002	0.011
10.200	0.957	0.477	0.000	0.006	0.000	0.297	0.000	0.000	0.087	0.000	0.317	0.007	0.004	0.124	0.000	0.320	0.000	0.000	0.633	0.061	0.009	0.002	0.003	0.010
10.300	0.959	0.476	0.000	0.005	0.000	0.301	0.000	0.000	0.092	0.000	0.322	0.007	0.004	0.128	0.000	0.324	0.000	0.000	0.637	0.064	0.008	0.001	0.003	0.009
10.400	0.959	0.479	0.000	0.006	0.000	0.304	0.000	0.000	0.098	0.000	0.326	0.006	0.004	0.131	0.000	0.330	0.000	0.000	0.638	0.071	0.009	0.001	0.002	0.011
10.500	0.959	0.481	0.000	0.005	0.000	0.307	0.000	0.000	0.103	0.000	0.330	0.008	0.005	0.136	0.000	0.333	0.000	0.000	0.640	0.081	0.009	0.001	0.002	0.010
10.600	0.958	0.480	0.000	0.006	0.000	0.311	0.000	0.000	0.107	0.000	0.333	0.007	0.004	0.141	0.000	0.335	0.000	0.000	0.643	0.086	0.007	0.001	0.002	0.009
10.700	0.959	0.483	0.000	0.005	0.000	0.314	0.000	0.000	0.113	0.000	0.337	0.007	0.004	0.145	0.000	0.338	0.000	0.000	0.645	0.095	0.009	0.001	0.002	0.009
10.800	0.959	0.488	0.000	0.005	0.000	0.318	0.000	0.000	0.117	0.000	0.342	0.007	0.004	0.148	0.000	0.343	0.000	0.000	0.647	0.104	0.008	0.000	0.002	0.011
10.900	0.960	0.490	0.000	0.007	0.000	0.321	0.000	0.000	0.122	0.000	0.345	0.005	0.004	0.154	0.000	0.349	0.000	0.000	0.648	0.105	0.009	0.001	0.004	0.011
11.000	0.959	0.493	0.000	0.006	0.000	0.324	0.000	0.000	0.126	0.000	0.350	0.006	0.004	0.157	0.000	0.351	0.000	0.000	0.652	0.112	0.007	0.001	0.002	0.011
11.100	0.960	0.495	0.000	0.006	0.000	0.328	0.000	0.000	0.132	0.000	0.354	0.006	0.004	0.163	0.000	0.355	0.000	0.000	0.654	0.120	0.009	0.000	0.004	0.011
11.200	0.960	0.500	0.000	0.006	0.000	0.331	0.000	0.000	0.137	0.000	0.356	0.005	0.003	0.164	0.000	0.359	0.000	0.000	0.656	0.114	0.007	0.001	0.004	0.010
11.300	0.960	0.501	0.000	0.005	0.000	0.334	0.000	0.000	0.141	0.000	0.360	0.008	0.005	0.168	0.000	0.360	0.000	0.000	0.657	0.130	0.006	0.001	0.002	0.010
11.400	0.963	0.506	0.000	0.007	0.000	0.340	0.000	0.000	0.145	0.000	0.362	0.007	0.004	0.172	0.000	0.362	0.000	0.000	0.657	0.134	0.008	0.000	0.002	0.011
11.500	0.962	0.508	0.000	0.007	0.000	0.342	0.000	0.000	0.149	0.000	0.366	0.007	0.004	0.176	0.000	0.366	0.000	0.000	0.660	0.139	0.008	0.000	0.002	0.010
11.600	0.962	0.511	0.000	0.005	0.000	0.345	0.000	0.000	0.151	0.000	0.368	0.008	0.004	0.180	0.000	0.370	0.000	0.000	0.663	0.148	0.009	0.001	0.004	0.011
11.700	0.963	0.511	0.000	0.007	0.000	0.348	0.000	0.000	0.155	0.000	0.371	0.007	0.004	0.184	0.000	0.373	0.000	0.000	0.664	0.155	0.006	0.001	0.001	0.010
11.800	0.963	0.513	0.000	0.007	0.000	0.351	0.000	0.000	0.160	0.000	0.373	0.007	0.003	0.186	0.000	0.376	0.000	0.000	0.664	0.158	0.007	0.001	0.003	0.012
11.900	0.962	0.515	0.000	0.005	0.000	0.352	0.000	0.000	0.162	0.000	0.378	0.009	0.004	0.189	0.000	0.376	0.000	0.000	0.666	0.161	0.007	0.001	0.002	0.011
12.000	0.964	0.520	0.000	0.005	0.000	0.357	0.000	0.000	0.166	0.000	0.379	0.008	0.005	0.192	0.000	0.381	0.000	0.000	0.669	0.167	0.007	0.001	0.003	0.011
12.100	0.964	0.521	0.000	0.007	0.000	0.360	0.000	0.000	0.169	0.000	0.382	0.006	0.005	0.196	0.000	0.384	0.000	0.000	0.670	0.173	0.007	0.001	0.002	0.012
12.200	0.964	0.523	0.000	0.008	0.000	0.362	0.000	0.000	0.174	0.000	0.386	0.009	0.004	0.198	0.000	0.386	0.000	0.000	0.671	0.174	0.007	0.001	0.002	0.011
12.300	0.963	0.525	0.000	0.007	0.000	0.364	0.000	0.000	0.177	0.000	0.390	0.008	0.003	0.201	0.000	0.389	0.000	0.000	0.673	0.183	0.008	0.000	0.003	0.011
12.400	0.964	0.530	0.000	0.005	0.000	0.366	0.000	0.000	0.181	0.000	0.393	0.007	0.003	0.206	0.000	0.392	0.000	0.000	0.676	0.189	0.007	0.001	0.002	0.011
12.500	0.964	0.531	0.000	0.006	0.000	0.368	0.000	0.000	0.182	0.000	0.396	0.007	0.003	0.211	0.000	0.396	0.000	0.000	0.679	0.194	0.007	0.001	0.001	0.011
12.600	0.963	0.531	0.000	0.005	0.000	0.371	0.000	0.000	0.186	0.000	0.398	0.007	0.003	0.213	0.000	0.400	0.000	0.000	0.681	0.201	0.007	0.001	0.001	0.011
12.700	0.965	0.534	0.000	0.006	0.000	0.374	0.000	0.000	0.188	0.000	0.401	0.007	0.004	0.219	0.000	0.402	0.000	0.000	0.683	0.206	0.008	0.002	0.003	0.013
12.800	0.964	0.532	0.000	0.007	0.000	0.376	0.000	0.000	0.191	0.000	0.403	0.006	0.005	0.221	0.000	0.405	0.000	0.000	0.685	0.211	0.008	0.001	0.002	0.009
12.900	0.965	0.535	0.000	0.006	0.000	0.379	0.000	0.000	0.195	0.000	0.407	0.009	0.004	0.224	0.000	0.407	0.000	0.000	0.686	0.218	0.007	0.002	0.004	0.011
13.000	0.966	0.536	0.000	0.006	0.000	0.380	0.000	0.000	0.197	0.000	0.410	0.007	0.005	0.226	0.000	0.411	0.000	0.000	0.686	0.223	0.007	0.001	0.004	0.009
13.100	0.966	0.537	0.000	0.006	0.000	0.384	0.000	0.000	0.201	0.000	0.411	0.007	0.005	0.231	0.000	0.415	0.000	0.000	0.687	0.226	0.010	0.000	0.002	0.011
13.200	0.967	0.539	0.000	0.007	0.000	0.384	0.000	0.000	0.203	0.000	0.413	0.006	0.004	0.232	0.000	0.417	0.000	0.000	0.690	0.230	0.006	0.001	0.003	0.013
13.300	0.965	0.541	0.000	0.005	0.000	0.388	0.000	0.000	0.206	0.000	0.417	0.005	0.003	0.236	0.000	0.421	0.000	0.000	0.690	0.234	0.008	0.000	0.003	0.011
13.400	0.966	0.540	0.000	0.004	0.000	0.389	0.000	0.000	0.210	0.000	0.418	0.006	0.004	0.239	0.000	0.421	0.000	0.000	0.692	0.240	0.009	0.001	0.002	0.011
13.500	0.967	0.543	0.000	0.005	0.000	0.390	0.000	0.000	0.214	0.000	0.421	0.005	0.004	0.242	0.000	0.425	0.000	0.000	0.694	0.244	0.007	0.002	0.002	0.011
13.600	0.966	0.548	0.000	0.006	0.000	0.392	0.000	0.000	0.215	0.000	0.422	0.006	0.005	0.246	0.000	0.425	0.000	0.000	0.696	0.248	0.008	0.000	0.001	0.012
13.700	0.967	0.548	0.000	0.005	0.000	0.397	0.000	0.000	0.220	0.000	0.426	0.006	0.003	0.247	0.000	0.429	0.000	0.000	0.697	0.250	0.009	0.001	0.003	0.011
13.800	0.966	0.549	0.000	0.007	0.000	0.398	0.000	0.000	0.219	0.000	0.426	0.008	0.005	0.251	0.000	0.431	0.000	0.000	0.697	0.252	0.009	0.001	0.002	0.011
13.900	0.966	0.551	0.000	0.005	0.000	0.399	0.000	0.000	0.222	0.000	0.429	0.006	0.004	0.254	0.000	0.434	0.000	0.000	0.699	0.256	0.007	0.002	0.002	0.011
14.000	0.967	0.552	0.000	0.005	0.000	0.400	0.000	0.000	0.224	0.000	0.431	0.007	0.005	0.257	0.000	0.434	0.000	0.000	0.700	0.259	0.007	0.001	0.001	0.011
14.100	0.966	0.555	0.000	0.006	0.000	0.403	0.000	0.000	0.228	0.000	0.434	0.005	0.004	0.261	0.000	0.438	0.000	0.000	0.702	0.262	0.007	0.001	0.002	0.012
14.200	0.968	0.556	0.001	0.005	0.000	0.405	0.000	0.000	0.229	0.000	0.435	0.007	0.005	0.262	0.000	0.440	0.000	0.000	0.705	0.266	0.007	0.001	0.002	0.011
14.300	0.968	0.559	0.000	0.004	0.000	0.408	0.000	0.000	0.232	0.000	0.439	0.007	0.003	0.265	0.000	0.441	0.000	0.000	0.703	0.267	0.007	0.001	0.002	0.012
14.400	0.968	0.562	0.000	0.007	0.000	0.410	0.000	0.000	0.235	0.000	0.438	0.007	0.004	0.266	0.000	0.443	0.000	0.000	0.706	0.270	0.007	0.001	0.003	0.011
14.500	0.967	0.562	0.000	0.006	0.000	0.411	0.000	0.000	0.238	0.000	0.441	0.006	0.004	0.269	0.000	0.445	0.000	0.000	0.707	0.273	0.007	0.001	0.002	0.011
14.600	0.968	0.566	0.000	0.006	0.000	0.414	0.000	0.000	0.240	0.000	0.443	0.007	0.004	0.270	0.000	0.449	0.000	0.000	0.707	0.276	0.007	0.001	0.002	0.011
14.700	0.967	0.568	0.000	0.005	0.000	0.417	0.000	0.000	0.243	0.000	0.445	0.007	0.005	0.273	0.000	0.448	0.000	0.000	0.709	0.280	0.005	0.001	0.002	0.011
14.800	0.970	0.568	0.000	0.006	0.000	0.419	0.000	0.000	0.244	0.000	0.446	0.007	0.004	0.277	0.000	0.452	0.000	0.000	0.712	0.284	0.007	0.000	0.002	0.011
14.900	0.968	0.570	0.000	0.006	0.000	0.421	0.000	0.000	0.248	0.000	0.448	0.007	0.004	0.279	0.000	0.453	0.000	0.000	0.710	0.285	0.007	0.000	0.002	0.011
15.000	0.969	0.569	0.000	0.005	0.000	0.423	0.000	0.000	0.250	0.000	0.451	0.006	0.004	0.280	0.000	0.455	0.000	0.000	0.711	0.287	0.008	0.001	0.003	0.010
15.100	0.969	0.574	0.000	0.006	0.000	0.424	0.000	0.000	0.252	0.000	0.453	0.007	0.005	0.282	0.000	0.457	0.000	0.000	0.710	0.289	0.008	0.000	0.003	0.011
15.200	0.969	0.575	0.000	0.005	0.000	0.426	0.000	0.000	0.255	0.000	0.454	0.007	0.004	0.286	0.000	0.458	0.000	0.000	0.714	0.292	0.007	0.002	0.004	0.011
15.300	0.970	0.578	0.000	0.007	0.000	0.429	0.000	0.000	0.257	0.000	0.457	0.007	0.004	0.287	0.000	0.460	0.000	0.000	0.714	0.295	0.007	0.001	0.002	0.011
15.400	0.971	0.578	0.000	0.005	0.000	0.431	0.000	0.000	0.259	0.000	0.457	0.006	0.004	0.288	0.000	0.462	0.000	0.000	0.715	0.297	0.008	0.001	0.003	0.011
15.500	0.969	0.581	0.000	0.006	0.000	0.432	0.000	0.000	0.260	0.000	0.459	0.009	0.005	0.292	0.000	0.466	0.000	0.000	0.715	0.301	0.009	0.000	0.001	0.010
15.600	0.969	0.579	0.000	0.004	0.000	0.432	0.000	0.000	0.264	0.000	0.460	0.006	0.004	0.293	0.000	0.467	0.000	0.000	0.717	0.303	0.006	0.001	0.003	0.010
15.700	0.971	0.582	0.000	0.007	0.000	0.436	0.000	0.000	0.264	0.000	0.462	0.007	0.004	0.295	0.000	0.469	0.000	0.000	0.719	0.306	0.008	0.001	0.004	0.013
15.800	0.970	0.583	0.000	0.005	0.000	0.436	0.000	0.000	0.266	0.000	0.464	0.007	0.004	0.298	0.000	0.469	0.000	0.000	0.720	0.308	0.007	0.002	0.002	0.011
15.900	0.971	0.586	0.000	0.005	0.000	0.438	0.000	0.000	0.268	0.000	0.465	0.007	0.003	0.301	0.000	0.474	0.000	0.000	0.723	0.312	0.007	0.000	0.002	0.012
16.000	0.970	0.587	0.000	0.005	0.000	0.439	0.000	0.000	0.271	0.000	0.465	0.006	0.003	0.302	0.000	0.474	0.000	0.000	0.722	0.315	0.007	0.000	0.002	0.011
16.100	0.971	0.588	0.000	0.005	0.000	0.440	0.000	0.000	0.273	0.000	0.467	0.006	0.003	0.305	0.000	0.476	0.000	0.000	0.722	0.318	0.007	0.000	0.003	0.011
16.200	0.970	0.590	0.000	0.005	0.000	0.444	0.000	0.000	0.275	0.000	0.470	0.007	0.005	0.306	0.000	0.476	0.000	0.000	0.724	0.321	0.008	0.001	0.001	0.011
16.300	0.971	0.591	0.000	0.007	0.000	0.445	0.000	0.000	0.280	0.000	0.471	0.005	0.004	0.309	0.000	0.477	0.000	0.000	0.725	0.324	0.006	0.001	0.002	0.011
16.400	0.971	0.593	0.000	0.005	0.000	0.446	0.000	0.000	0.280	0.000	0.472	0.006	0.003	0.312	0.000	0.480	0.000	0.000	0.726	0.325	0.005	0.002	0.002	0.012
16.500	0.972	0.592	0.000	0.006	0.000	0.450	0.000	0.000	0.283	0.000	0.473	0.007	0.004	0.313	0.000	0.482	0.000	0.000	0.729	0.330	0.007	0.001	0.002	0.011
16.600	0.971	0.594	0.000	0.005	0.000	0.450	0.000	0.000	0.283	0.000	0.474	0.007	0.003	0.314	0.000	0.482	0.000	0.000	0.728	0.331	0.007	0.000	0.002	0.011
16.700	0.971	0.597	0.000	0.005	0.000	0.453	0.000	0.000	0.287	0.000	0.475	0.006	0.005	0.318	0.000	0.485	0.000	0.000	0.729	0.333	0.007	0.000	0.002	0.010
16.800	0.971	0.596	0.000	0.007	0.000	0.455	0.000	0.000	0.288	0.000	0.477	0.008	0.004	0.318	0.000	0.487	0.000	0.000	0.728	0.334	0.007	0.002	0.001	0.010
16.900	0.972	0.597	0.000	0.004	0.000	0.454	0.000	0.000	0.291	0.000	0.478	0.008	0.005	0.321	0.000	0.488	0.000	0.000	0.732	0.337	0.006	0.001	0.002	0.011
17.000	0.970	0.598	0.000	0.006	0.000	0.456	0.000	0.000	0.294	0.000	0.481	0.008	0.004	0.323	0.000	0.488	0.000	0.000	0.732	0.340	0.007	0.000	0.003	0.009
17.100	0.972	0.600	0.000	0.005	0.000	0.460	0.000	0.000	0.295	0.000	0.484	0.006	0.004	0.324	0.000	0.491	0.000	0.000	0.732	0.342	0.007	0.001	0.002	0.011
17.200	0.971	0.601	0.000	0.004	0.000	0.460	0.000	0.000	0.298	0.000	0.484	0.006	0.003	0.325	0.000	0.491	0.000	0.000	0.732	0.344	0.007	0.001	0.002	0.011
17.300	0.972	0.602	0.013	0.005	0.000	0.461	0.000	0.000	0.300	0.000	0.485	0.007	0.004	0.328	0.000	0.494	0.000	0.000	0.733	0.345	0.006	0.000	0.002	0.013
17.400	0.972	0.601	0.017	0.005	0.000	0.465	0.000	0.000	0.302	0.000	0.486	0.007	0.004	0.328	0.000	0.496	0.000	0.000	0.736	0.349	0.007	0.000	0.003	0.011
17.500	0.973	0.605	0.027	0.004	0.000	0.464	0.000	0.000	0.305	0.000	0.487	0.007	0.003	0.332	0.000	0.497	0.000	0.000	0.734	0.349	0.007	0.000	0.004	0.011
17.600	0.972	0.609	0.031	0.005	0.000	0.466	0.000	0.000	0.305	0.000	0.490	0.005	0.003	0.334	0.000	0.498	0.000	0.000	0.736	0.351	0.008	0.001	0.003	0.012
17.700	0.973	0.608	0.038	0.006	0.000	0.470	0.000	0.000	0.308	0.000	0.492	0.006	0.005	0.336	0.000	0.500	0.000	0.000	0.738	0.355	0.009	0.001	0.002	0.011
17.800	0.973	0.611	0.041	0.005	0.000	0.470	0.000	0.000	0.309	0.000	0.493	0.007	0.004	0.340	0.000	0.500	0.000	0.000	0.737	0.356	0.007	0.001	0.002	0.012
17.900	0.973	0.611	0.046	0.006	0.000	0.473	0.000	0.000	0.311	0.000	0.496	0.006	0.002	0.342	0.000	0.503	0.000	0.000	0.739	0.357	0.008	0.000	0.003	0.011
18.000	0.973	0.613	0.050	0.005	0.000	0.474	0.000	0.000	0.314	0.000	0.496	0.007	0.004	0.343	0.000	0.504	0.000	0.000	0.741	0.362	0.008	0.001	0.004	0.012
18.100	0.973	0.613	0.051	0.006	0.000	0.476	0.000	0.000	0.318	0.000	0.499	0.007	0.003	0.344	0.000	0.506	0.000	0.000	0.741	0.361	0.006	0.001	0.002	0.011
18.200	0.972	0.614	0.055	0.005	0.000	0.478	0.000	0.000	0.318	0.000	0.501	0.007	0.003	0.345	0.000	0.506	0.000	0.000	0.743	0.364	0.008	0.001	0.001	0.011
18.300	0.973	0.617	0.058	0.004	0.000	0.479	0.000	0.000	0.320	0.000	0.502	0.007	0.004	0.347	0.000	0.508	0.000	0.000	0.742	0.365	0.007	0.000	0.003	0.011
18.400	0.973	0.617	0.062	0.005	0.000	0.479	0.000	0.000	0.321	0.000	0.503	0.007	0.005	0.349	0.000	0.508	0.000	0.000	0.742	0.366	0.007	0.000	0.002	0.011
18.500	0.973	0.618	0.065	0.005	0.000	0.482	0.000	0.000	0.323	0.000	0.505	0.007	0.004	0.351	0.000	0.511	0.000	0.000	0.744	0.369	0.007	0.000	0.002	0.010
18.600	0.974	0.620	0.068	0.005	0.000	0.484	0.000	0.000	0.325	0.000	0.506	0.005	0.003	0.353	0.000	0.511	0.000	0.000	0.743	0.370	0.008	0.000	0.002	0.011
18.700	0.973	0.620	0.070	0.005	0.000	0.484	0.000	0.000	0.326	0.000	0.508	0.007	0.003	0.355	0.000	0.515	0.000	0.000	0.747	0.372	0.014	0.001	0.003	0.012
18.800	0.973	0.622	0.074	0.006	0.000	0.486	0.000	0.000	0.328	0.000	0.508	0.006	0.004	0.356	0.000	0.517	0.000	0.000	0.745	0.374	0.027	0.001	0.004	0.011
18.900	0.974	0.623	0.076	0.006	0.000	0.487	0.000	0.000	0.330	0.000	0.510	0.007	0.004	0.360	0.000	0.519	0.000	0.000	0.746	0.379	0.028	0.000	0.003	0.011
19.000	0.975	0.623	0.079	0.005	0.000	0.488	0.000	0.000	0.330	0.000	0.513	0.007	0.004	0.361	0.000	0.519	0.000	0.000	0.748	0.377	0.023	0.001	0.001	0.011
19.100	0.973	0.626	0.082	0.006	0.000	0.489	0.000	0.000	0.334	0.000	0.511	0.005	0.003	0.362	0.000	0.520	0.000	0.000	0.749	0.382	0.034	0.001	0.002	0.010
19.200	0.975	0.627	0.085	0.006	0.000	0.490	0.000	0.000	0.334	0.000	0.515	0.008	0.004	0.365	0.000	0.522	0.000	0.000	0.750	0.383	0.038	0.000	0.001	0.011
19.300	0.974	0.626	0.088	0.005	0.000	0.492	0.000	0.000	0.336	0.000	0.516	0.007	0.002	0.366	0.000	0.523	0.000	0.000	0.748	0.384	0.043	0.000	0.002	0.012
19.400	0.975	0.628	0.090	0.006	0.000	0.493	0.000	0.000	0.339	0.000	0.518	0.005	0.004	0.369	0.000	0.525	0.000	0.000	0.750	0.386	0.049	0.001	0.002	0.011
19.500	0.974	0.629	0.092	0.005	0.000	0.494	0.000	0.000	0.340	0.000	0.519	0.007	0.004	0.370	0.000	0.527	0.000	0.000	0.751	0.389	0.052	0.001	0.002	0.011
19.600	0.975	0.630	0.096	0.006	0.000	0.495	0.000	0.000	0.343	0.000	0.520	0.007	0.004	0.370	0.000	0.525	0.000	0.000	0.752	0.388	0.056	0.001	0.002	0.012
19.700	0.974	0.630	0.099	0.005	0.000	0.496	0.000	0.000	0.344	0.000	0.521	0.005	0.004	0.373	0.000	0.528	0.000	0.000	0.752	0.390	0.058	0.000	0.004	0.009
19.800	0.974	0.631	0.102	0.006	0.000	0.497	0.000	0.000	0.346	0.000	0.522	0.007	0.004	0.374	0.000	0.528	0.000	0.000	0.752	0.393	0.062	0.000	0.001	0.011
19.900	0.976	0.633	0.105	0.005	0.000	0.498	0.000	0.000	0.347	0.000	0.523	0.005	0.004	0.374	0.000	0.530	0.000	0.000	0.751	0.393	0.065	0.001	0.002	0.011
20.000	0.974	0.635	0.106	0.006	0.000	0.501	0.000	0.000	0.348	0.000	0.525	0.008	0.004	0.376	0.000	0.531	0.000	0.000	0.755	0.396	0.066	0.000	0.002	0.009
20.100	0.976	0.637	0.109	0.005	0.000	0.503	0.000	0.000	0.350	0.000	0.525	0.007	0.003	0.378	0.000	0.533	0.000	0.000	0.753	0.397	0.070	0.001	0.002	0.010
20.200	0.975	0.637	0.112	0.005	0.000	0.504	0.000	0.000	0.352	0.000	0.527	0.007	0.003	0.380	0.000	0.535	0.000	0.000	0.755	0.400	0.074	0.000	0.002	0.011
20.300	0.976	0.638	0.117	0.007	0.000	0.506	0.000	0.000	0.355	0.000	0.529	0.009	0.004	0.383	0.000	0.534	0.000	0.000	0.757	0.403	0.076	0.001	0.002	0.011
20.400	0.975	0.638	0.119	0.005	0.000	0.508	0.000	0.000	0.356	0.000	0.529	0.006	0.003	0.383	0.000	0.539	0.000	0.000	0.757	0.403	0.079	0.000	0.003	0.012
20.500	0.975	0.640	0.122	0.006	0.000	0.508	0.000	0.000	0.357	0.000	0.531	0.007	0.004	0.386	0.000	0.536	0.000	0.000	0.758	0.404	0.084	0.001	0.002	0.011
20.600	0.977	0.640	0.123	0.005	0.000	0.510	0.000	0.000	0.359	0.000	0.531	0.007	0.004	0.388	0.000	0.538	0.000	0.000	0.758	0.405	0.085	0.001	0.002	0.011
20.700	0.975	0.642	0.124	0.005	0.000	0.512	0.000	0.000	0.361	0.000	0.532	0.006	0.004	0.389	0.000	0.540	0.000	0.000	0.760	0.407	0.088	0.000	0.002	0.009
20.800	0.975	0.645	0.128	0.006	0.000	0.513	0.000	0.000	0.362	0.000	0.534	0.007	0.003	0.391	0.000	0.541	0.000	0.000	0.758	0.409	0.088	0.002	0.002	0.010
20.900	0.978	0.644	0.131	0.006	0.000	0.513	0.000	0.000	0.363	0.000	0.535	0.006	0.003	0.393	0.000	0.543	0.000	0.000	0.760	0.410	0.092	0.000	0.002	0.011
21.000	0.976	0.644	0.134	0.005	0.000	0.515	0.000	0.000	0.364	0.000	0.537	0.007	0.004	0.392	0.000	0.544	0.000	0.000	0.760	0.412	0.095	0.000	0.004	0.010
21.100	0.976	0.645	0.136	0.004	0.000	0.517	0.000	0.000	0.366	0.000	0.539	0.008	0.003	0.394	0.000	0.545	0.000	0.000	0.761	0.414	0.097	0.000	0.002	0.011
21.200	0.976	0.648	0.138	0.005	0.000	0.519	0.000	0.000	0.368	0.000	0.540	0.006	0.004	0.395	0.000	0.544	0.000	0.000	0.762	0.415	0.097	0.000	0.002	0.012
21.300	0.977	0.647	0.143	0.005	0.000	0.519	0.000	0.000	0.369	0.000	0.540	0.006	0.004	0.396	0.000	0.546	0.000	0.000	0.761	0.415	0.101	0.000	0.002	0.012
21.400	0.976	0.648	0.144	0.005	0.000	0.520	0.000	0.000	0.370	0.000	0.541	0.008	0.004	0.398	0.000	0.548	0.001	0.000	0.761	0.415	0.103	0.000	0.002	0.011
21.500	0.977	0.648	0.145	0.005	0.000	0.523	0.000	0.000	0.373	0.000	0.542	0.007	0.004	0.398	0.000	0.547	0.003	0.000	0.764	0.418	0.104	0.000	0.001	0.011
21.600	0.978	0.650	0.148	0.006	0.000	0.522	0.000	0.000	0.375	0.000	0.543	0.007	0.003	0.401	0.000	0.549	0.004	0.000	0.765	0.418	0.107	0.001	0.002	0.011
21.700	0.977	0.652	0.148	0.004	0.000	0.523	0.000	0.000	0.376	0.000	0.544	0.008	0.004	0.400	0.000	0.549	0.005	0.000	0.765	0.421	0.108	0.002	0.002	0.012
21.800	0.977	0.651	0.152	0.006	0.000	0.525	0.000	0.000	0.377	0.000	0.545	0.007	0.003	0.403	0.000	0.551	0.010	0.000	0.762	0.419	0.109	0.000	0.002	0.009
21.900	0.977	0.654	0.155	0.006	0.000	0.527	0.000	0.000	0.379	0.000	0.546	0.006	0.005	0.403	0.000	0.552	0.011	0.000	0.767	0.423	0.112	0.001	0.002	0.011
22.000	0.977	0.654	0.156	0.005	0.000	0.528	0.000	0.000	0.380	0.000	0.548	0.006	0.003	0.405	0.000	0.553	0.013	0.000	0.765	0.424	0.114	0.000	0.003	0.011
22.100	0.976	0.655	0.158	0.005	0.000	0.528	0.000	0.000	0.382	0.000	0.549	0.007	0.003	0.407	0.000	0.556	0.014	0.000	0.766	0.425	0.116	0.000	0.002	0.011
22.200	0.976	0.656	0.161	0.005	0.000	0.530	0.000	0.000	0.382	0.000	0.549	0.007	0.005	0.407	0.000	0.556	0.016	0.000	0.767	0.425	0.117	0.001	0.002	0.012
22.300	0.977	0.654	0.164	0.005	0.000	0.532	0.000	0.000	0.384	0.000	0.551	0.007	0.002	0.409	0.000	0.556	0.017	0.000	0.767	0.428	0.122	0.001	0.004	0.009
22.400	0.977	0.656	0.166	0.005	0.000	0.533	0.000	0.000	0.387	0.000	0.552	0.007	0.003	0.410	0.000	0.558	0.020	0.000	0.768	0.429	0.125	0.000	0.002	0.010
22.500	0.977	0.656	0.168	0.006	0.000	0.535	0.000	0.000	0.388	0.000	0.552	0.007	0.003	0.414	0.000	0.559	0.023	0.000	0.768	0.431	0.128	0.001	0.004	0.012
22.600	0.979	0.659	0.168	0.005	0.000	0.533	0.000	0.000	0.388	0.000	0.553	0.005	0.003	0.412	0.000	0.559	0.023	0.000	0.770	0.434	0.130	0.000	0.002	0.011
22.700	0.977	0.659	0.172	0.006	0.000	0.536	0.000	0.000	0.392	0.000	0.555	0.007	0.003	0.414	0.000	0.559	0.025	0.000	0.770	0.432	0.132	0.000	0.002	0.012
22.800	0.976	0.661	0.175	0.005	0.000	0.538	0.000	0.000	0.392	0.000	0.557	0.007	0.004	0.415	0.000	0.561	0.027	0.000	0.769	0.434	0.135	0.001	0.002	0.009
22.900	0.978	0.660	0.177	0.005	0.000	0.537	0.000	0.000	0.393	0.000	0.558	0.007	0.004	0.416	0.000	0.562	0.029	0.000	0.770	0.435	0.137	0.001	0.002	0.011
23.000	0.978	0.663	0.177	0.006	0.000	0.539	0.000	0.000	0.394	0.000	0.558	0.007	0.005	0.417	0.000	0.564	0.030	0.000	0.771	0.436	0.141	0.001	0.003	0.011
23.100	0.978	0.663	0.180	0.006	0.000	0.540	0.000	0.000	0.395	0.000	0.559	0.006	0.004	0.421	0.000	0.563	0.032	0.000	0.771	0.438	0.143	0.002	0.003	0.010
23.200	0.978	0.664	0.181	0.005	0.000	0.540	0.000	0.000	0.396	0.000	0.560	0.005	0.004	0.422	0.000	0.566	0.034	0.000	0.773	0.439	0.144	0.000	0.002	0.010
23.300	0.979	0.664	0.184	0.005	0.000	0.543	0.000	0.000	0.400	0.000	0.562	0.007	0.004	0.424	0.000	0.566	0.036	0.000	0.775	0.441	0.146	0.001	0.003	0.012
23.400	0.978	0.666	0.186	0.005	0.000	0.544	0.000	0.000	0.400	0.000	0.563	0.005	0.004	0.424	0.000	0.566	0.038	0.000	0.775	0.443	0.147	0.001	0.002	0.011
23.500	0.978	0.668	0.187	0.005	0.000	0.544	0.000	0.000	0.402	0.000	0.565	0.008	0.004	0.425	0.000	0.568	0.038	0.000	0.775	0.443	0.150	0.001	0.001	0.011
23.600	0.978	0.667	0.189	0.005	0.000	0.544	0.000	0.000	0.404	0.000	0.565	0.008	0.004	0.427	0.000	0.568	0.040	0.000	0.775	0.445	0.151	0.000	0.003	0.011
23.700	0.979	0.669	0.192	0.005	0.000	0.547	0.000	0.000	0.407	0.000	0.567	0.007	0.003	0.428	0.000	0.571	0.042	0.000	0.774	0.446	0.153	0.001	0.003	0.010
23.800	0.978	0.669	0.194	0.005	0.000	0.547	0.000	0.000	0.406	0.000	0.568	0.008	0.004	0.430	0.000	0.572	0.043	0.000	0.775	0.448	0.157	0.000	0.002	0.010
23.900	0.979	0.669	0.196	0.006	0.000	0.550	0.000	0.000	0.409	0.000	0.569	0.007	0.004	0.431	0.000	0.572	0.045	0.000	0.775	0.449	0.158	0.001	0.002	0.011
24.000	0.979	0.673	0.196	0.005	0.000	0.550	0.000	0.000	0.409	0.000	0.569	0.006	0.003	0.431	0.000	0.573	0.046	0.000	0.777	0.449	0.160	0.001	0.004	0.009
24.100	0.978	0.672	0.198	0.005	0.000	0.551	0.000	0.000	0.410	0.000	0.572	0.020	0.004	0.432	0.000	0.575	0.047	0.000	0.775	0.451	0.161	0.001	0.002	0.011
24.200	0.979	0.672	0.198	0.005	0.000	0.552	0.000	0.000	0.411	0.000	0.572	0.023	0.005	0.435	0.000	0.575	0.050	0.000	0.777	0.451	0.164	0.001	0.001	0.012
24.300	0.980	0.673	0.201	0.007	0.000	0.552	0.000	0.000	0.414	0.000	0.572	0.026	0.004	0.434	0.000	0.576	0.052	0.000	0.779	0.455	0.165	0.001	0.002	0.013
24.400	0.978	0.672	0.204	0.005	0.000	0.555	0.000	0.000	0.414	0.000	0.573	0.030	0.003	0.436	0.000	0.576	0.053	0.000	0.779	0.453	0.167	0.001	0.004	0.011
24.500	0.979	0.675	0.204	0.006	0.000	0.555	0.000	0.000	0.416	0.000	0.574	0.034	0.003	0.438	0.000	0.578	0.055	0.000	0.780	0.457	0.168	0.000	0.003	0.011
24.600	0.979	0.677	0.206	0.007	0.000	0.555	0.001	0.000	0.416	0.000	0.576	0.036	0.004	0.439	0.000	0.578	0.057	0.000	0.781	0.456	0.169	0.001	0.004	0.013
24.700	0.979	0.677	0.208	0.006	0.000	0.557	0.005	0.000	0.419	0.000	0.576	0.040	0.004	0.440	0.000	0.581	0.059	0.000	0.781	0.457	0.170	0.000	0.002	0.011
24.800	0.979	0.678	0.211	0.006	0.000	0.557	0.005	0.000	0.419	0.000	0.576	0.043	0.005	0.442	0.000	0.579	0.061	0.000	0.781	0.460	0.171	0.000	0.003	0.013
24.900	0.979	0.679	0.212	0.007	0.000	0.558	0.000	0.000	0.422	0.000	0.580	0.045	0.002	0.443	0.000	0.582	0.062	0.000	0.782	0.460	0.174	0.000	0.003	0.012
25.000	0.980	0.679	0.214	0.005	0.000	0.559	0.007	0.000	0.422	0.000	0.580	0.045	0.005	0.443	0.000	0.583	0.064	0.000	0.782	0.462	0.174	0.001	0.003	0.011
25.100	0.979	0.679	0.215	0.005	0.000	0.560	0.012	0.000	0.424	0.000	0.582	0.050	0.004	0.445	0.000	0.583	0.064	0.000	0.781	0.462	0.175	0.000	0.004	0.012
25.200	0.979	0.679	0.216	0.005	0.000	0.560	0.016	0.000	0.425	0.000	0.580	0.053	0.004	0.446	0.000	0.583	0.067	0.000	0.782	0.462	0.176	0.001	0.003	0.011
25.300	0.979	0.680	0.217	0.005	0.000	0.561	0.017	0.000	0.426	0.000	0.582	0.055	0.004	0.446	0.000	0.585	0.069	0.000	0.782	0.465	0.178	0.001	0.003	0.010
25.400	0.979	0.680	0.219	0.008	0.000	0.563	0.021	0.000	0.426	0.000	0.582	0.057	0.004	0.448	0.000	0.585	0.071	0.000	0.784	0.464	0.181	0.000	0.003	0.010
25.500	0.980	0.681	0.219	0.005	0.000	0.563	0.022	0.000	0.428	0.000	0.584	0.058	0.004	0.448	0.000	0.587	0.074	0.000	0.784	0.466	0.180	0.000	0.003	0.010
25.600	0.981	0.679	0.222	0.006	0.000	0.565	0.023	0.000	0.429	0.000	0.584	0.062	0.004	0.450	0.000	0.587	0.076	0.000	0.784	0.468	0.183	0.000	0.001	0.011
25.700	0.980	0.681	0.224	0.005	0.000	0.564	0.026	0.000	0.429	0.000	0.585	0.064	0.005	0.451	0.000	0.588	0.077	0.000	0.784	0.467	0.185	0.000	0.003	0.011
25.800	0.979	0.685	0.223	0.005	0.000	0.566	0.027	0.000	0.432	0.000	0.585	0.064	0.003	0.450	0.000	0.588	0.078	0.000	0.786	0.468	0.186	0.001	0.002	0.012
25.900	0.980	0.685	0.226	0.005	0.000	0.566	0.030	0.000	0.433	0.000	0.587	0.068	0.004	0.454	0.000	0.592	0.079	0.000	0.784	0.470	0.185	0.001	0.002	0.009
26.000	0.979	0.685	0.226	0.006	0.000	0.566	0.034	0.000	0.434	0.000	0.588	0.070	0.002	0.455	0.000	0.586	0.083	0.000	0.786	0.469	0.187	0.001	0.001	0.011
26.100	0.980	0.685	0.228	0.005	0.000	0.569	0.036	0.000	0.434	0.000	0.588	0.070	0.004	0.455	0.000	0.592	0.083	0.000	0.784	0.471	0.187	0.001	0.002	0.011
26.200	0.981	0.685	0.229	0.004	0.000	0.570	0.038	0.000	0.435	0.000	0.589	0.072	0.004	0.455	0.000	0.591	0.086	0.000	0.786	0.472	0.189	0.001	0.001	0.011
26.300	0.981	0.686	0.231	0.007	0.000	0.572	0.040	0.000	0.436	0.000	0.591	0.076	0.004	0.457	0.000	0.594	0.086	0.000	0.786	0.474	0.189	0.001	0.002	0.011
26.400	0.979	0.687	0.231	0.005	0.000	0.572	0.042	0.000	0.438	0.000	0.591	0.078	0.002	0.458	0.000	0.593	0.087	0.000	0.786	0.474	0.191	0.001	0.001	0.010
26.500	0.979	0.687	0.233	0.005	0.000	0.572	0.043	0.000	0.438	0.000	0.591	0.079	0.004	0.458	0.000	0.594	0.088	0.000	0.787	0.475	0.191	0.002	0.002	0.011
26.600	0.980	0.688	0.235	0.006	0.000	0.573	0.046	0.000	0.441	0.000	0.592	0.083	0.004	0.459	0.000	0.594	0.091	0.000	0.786	0.474	0.193	0.001	0.004	0.009
26.700	0.980	0.688	0.235	0.005	0.000	0.574	0.047	0.000	0.444	0.000	0.594	0.083	0.004	0.460	0.000	0.595	0.093	0.000	0.788	0.476	0.193	0.001	0.002	0.011
26.800	0.981	0.690	0.237	0.005	0.000	0.574	0.048	0.000	0.443	0.000	0.593	0.086	0.004	0.461	0.000	0.596	0.094	0.000	0.787	0.478	0.194	0.002	0.002	0.011
26.900	0.981	0.688	0.237	0.005	0.000	0.575	0.050	0.000	0.443	0.000	0.594	0.087	0.004	0.462	0.000	0.598	0.096	0.000	0.789	0.477	0.194	0.001	0.002	0.011
27.000	0.980	0.691	0.240	0.005	0.000	0.575	0.051	0.000	0.445	0.000	0.594	0.088	0.004	0.464	0.000	0.597	0.096	0.000	0.788	0.479	0.197	0.001	0.002	0.012
27.100	0.981	0.693	0.240	0.007	0.000	0.577	0.053	0.000	0.445	0.000	0.595	0.089	0.004	0.464	0.000	0.598	0.099	0.000	0.791	0.479	0.197	0.001	0.003	0.012
27.200	0.980	0.692	0.241	0.005	0.000	0.577	0.054	0.000	0.447	0.000	0.597	0.092	0.003	0.465	0.000	0.598	0.099	0.000	0.788	0.480	0.197	0.001	0.002	0.011
27.300	0.982	0.691	0.242	0.005	0.000	0.578	0.056	0.000	0.449	0.000	0.598	0.093	0.003	0.466	0.000	0.598	0.100	0.000	0.790	0.482	0.199	0.001	0.003	0.010
27.400	0.980	0.693	0.244	0.005	0.000	0.579	0.059	0.000	0.448	0.000	0.598	0.096	0.005	0.467	0.000	0.598	0.103	0.000	0.790	0.484	0.201	0.001	0.003	0.010
27.500	0.981	0.693	0.244	0.005	0.000	0.579	0.061	0.000	0.450	0.000	0.599	0.096	0.004	0.468	0.000	0.600	0.104	0.000	0.791	0.482	0.201	0.000	0.002	0.010
27.600	0.983	0.693	0.245	0.006	0.000	0.579	0.063	0.000	0.450	0.000	0.600	0.098	0.005	0.468	0.000	0.601	0.106	0.000	0.791	0.483	0.202	0.001	0.003	0.011
27.700	0.981	0.693	0.246	0.006	0.000	0.582	0.066	0.000	0.451	0.000	0.599	0.103	0.004	0.469	0.000	0.601	0.107	0.000	0.792	0.482	0.203	0.001	0.002	0.011
27.800	0.981	0.695	0.249	0.004	0.000	0.582	0.066	0.000	0.453	0.000	0.601	0.100	0.002	0.470	0.000	0.602	0.108	0.000	0.791	0.484	0.205	0.000	0.002	0.012
27.900	0.981	0.696	0.249	0.005	0.000	0.582	0.067	0.000	0.455	0.000	0.602	0.105	0.003	0.472	0.000	0.602	0.110	0.000	0.793	0.484	0.203	0.002	0.003	0.011
28.000	0.981	0.695	0.251	0.006	0.000	0.584	0.069	0.000	0.457	0.000	0.602	0.106	0.004	0.472	0.000	0.604	0.110	0.000	0.791	0.486	0.204	0.000	0.004	0.010
28.100	0.981	0.696	0.252	0.004	0.000	0.584	0.072	0.000	0.457	0.000	0.603	0.105	0.004	0.473	0.000	0.603	0.112	0.000	0.792	0.486	0.206	0.002	0.002	0.010
28.200	0.981	0.696	0.252	0.005	0.000	0.585	0.073	0.000	0.455	0.000	0.604	0.110	0.004	0.474	0.000	0.605	0.114	0.000	0.793	0.489	0.206	0.001	0.004	0.010
28.300	0.981	0.697	0.252	0.004	0.000	0.586	0.073	0.000	0.456	0.000	0.604	0.109	0.005	0.474	0.000	0.605	0.115	0.000	0.793	0.489	0.208	0.001	0.002	0.011
28.400	0.981	0.698	0.255	0.005	0.000	0.586	0.077	0.000	0.459	0.000	0.605	0.112	0.004	0.476	0.000	0.605	0.115	0.000	0.793	0.489	0.208	0.001	0.003	0.010
28.500	0.981	0.699	0.253	0.004	0.000	0.587	0.078	0.000	0.460	0.000	0.606	0.113	0.004	0.475	0.000	0.605	0.117	0.000	0.791	0.490	0.210	0.001	0.002	0.010
28.600	0.981	0.700	0.255	0.006	0.000	0.589	0.080	0.000	0.463	0.000	0.605	0.114	0.004	0.477	0.000	0.605	0.118	0.000	0.793	0.490	0.208	0.002	0.003	0.009
28.700	0.983	0.698	0.257	0.005	0.000	0.588	0.081	0.000	0.461	0.000	0.607	0.117	0.004	0.478	0.000	0.607	0.119	0.000	0.794	0.492	0.211	0.002	0.001	0.011
28.800	0.982	0.698	0.258	0.005	0.000	0.590	0.083	0.000	0.461	0.000	0.607	0.120	0.004	0.477	0.000	0.607	0.121	0.000	0.794	0.491	0.212	0.002	0.002	0.012
28.900	0.981	0.700	0.259	0.005	0.000	0.590	0.085	0.000	0.464	0.000	0.609	0.120	0.005	0.479	0.000	0.609	0.121	0.000	0.793	0.493	0.212	0.002	0.002	0.009
29.000	0.982	0.700	0.258	0.006	0.000	0.591	0.086	0.000	0.464	0.000	0.609	0.121	0.003	0.480	0.000	0.606	0.124	0.000	0.795	0.493	0.211	0.001	0.003	0.011
29.100	0.982	0.700	0.261	0.006	0.000	0.591	0.088	0.000	0.467	0.000	0.610	0.123	0.003	0.480	0.000	0.607	0.123	0.000	0.795	0.494	0.214	0.002	0.003	0.011
29.200	0.981	0.700	0.260	0.006	0.000	0.591	0.087	0.000	0.465	0.000	0.610	0.125	0.004	0.482	0.000	0.611	0.126	0.000	0.797	0.493	0.215	0.004	0.003	0.010
29.300	0.985	0.703	0.260	0.004	0.000	0.591	0.088	0.000	0.467	0.000	0.610	0.125	0.004	0.481	0.000	0.609	0.126	0.000	0.797	0.495	0.215	0.002	0.004	0.010
29.400	0.983	0.704	0.262	0.005	0.000	0.592	0.091	0.000	0.468	0.000	0.611	0.127	0.005	0.480	0.000	0.611	0.127	0.000	0.796	0.495	0.213	0.003	0.002	0.011
29.500	0.983	0.702	0.262	0.005	0.000	0.592	0.090	0.000	0.467	0.000	0.612	0.129	0.003	0.482	0.000	0.610	0.129	0.000	0.797	0.495	0.216	0.002	0.003	0.013
29.600	0.982	0.700	0.262	0.005	0.000	0.594	0.094	0.000	0.470	0.000	0.613	0.131	0.003	0.484	0.000	0.611	0.130	0.000	0.797	0.496	0.217	0.001	0.004	0.011
29.700	0.982	0.705	0.263	0.007	0.000	0.592	0.093	0.000	0.468	0.000	0.613	0.130	0.005	0.486	0.000	0.613	0.131	0.000	0.796	0.497	0.215	0.001	0.003	0.010
29.800	0.982	0.705	0.265	0.004	0.000	0.594	0.093	0.000	0.469	0.000	0.611	0.132	0.004	0.484	0.000	0.611	0.131	0.000	0.796	0.496	0.219	0.002	0.003	0.009
29.900	0.983	0.704	0.264	0.005	0.000	0.593	0.097	0.000	0.472	0.000	0.614	0.134	0.004	0.486	0.000	0.615	0.131	0.000	0.797	0.497	0.219	0.002	0.004	0.013
30.000	0.983	0.704	0.265	0.005	0.000	0.594	0.096	0.000	0.470	0.000	0.616	0.135	0.004	0.484	0.000	0.613	0.132	0.000	0.797	0.498	0.220	0.002	0.004	0.011
30.100	0.982	0.704	0.266	0.005	0.000	0.595	0.098	0.000	0.472	0.000	0.615	0.136	0.002	0.487	0.000	0.613	0.134	0.000	0.797	0.499	0.219	0.002	0.003	0.010
30.200	0.983	0.703	0.266	0.007	0.000	0.594	0.099	0.000	0.472	0.000	0.614	0.138	0.004	0.487	0.000	0.614	0.134	0.000	0.796	0.499	0.220	0.002	0.002	0.013
30.300	0.981	0.706	0.266	0.006	0.000	0.596	0.101	0.000	0.474	0.000	0.617	0.139	0.004	0.486	0.000	0.615	0.136	0.000	0.797	0.498	0.222	0.002	0.004	0.011
30.400	0.983	0.707	0.268	0.004	0.000	0.597	0.101	0.000	0.474	0.000	0.616	0.140	0.003	0.487	0.000	0.617	0.136	0.000	0.797	0.501	0.222	0.002	0.002	0.012
30.500	0.983	0.705	0.268	0.007	0.000	0.597	0.103	0.000	0.475	0.000	0.618	0.142	0.004	0.489	0.000	0.615	0.137	0.000	0.797	0.500	0.222	0.002	0.002	0.011
30.600	0.983	0.706	0.268	0.005	0.000	0.598	0.104	0.000	0.474	0.000	0.618	0.142	0.004	0.490	0.000	0.618	0.138	0.000	0.799	0.500	0.221	0.002	0.003	0.011
30.700	0.982	0.706	0.270	0.006	0.000	0.598	0.104	0.000	0.475	0.000	0.621	0.144	0.004	0.490	0.000	0.617	0.139	0.000	0.798	0.500	0.222	0.003	0.003	0.011
30.800	0.981	0.707	0.271	0.006	0.000	0.599	0.107	0.000	0.475	0.000	0.620	0.144	0.005	0.491	0.000	0.617	0.140	0.000	0.801	0.501	0.223	0.004	0.002	0.011
30.900	0.982	0.707	0.271	0.005	0.000	0.598	0.108	0.000	0.476	0.000	0.620	0.146	0.004	0.491	0.000	0.616	0.140	0.000	0.801	0.501	0.223	0.004	0.002	0.012
31.000	0.983	0.707	0.271	0.006	0.000	0.601	0.108	0.000	0.478	0.000	0.620	0.150	0.004	0.491	0.000	0.618	0.141	0.000	0.798	0.502	0.225	0.003	0.002	0.010
31.100	0.983	0.709	0.272	0.005	0.000	0.601	0.109	0.000	0.479	0.000	0.620	0.150	0.004	0.493	0.000	0.618	0.142	0.000	0.799	0.504	0.223	0.004	0.002	0.010
31.200	0.981	0.709	0.272	0.007	0.000	0.601	0.110	0.000	0.478	0.000	0.620	0.150	0.001	0.494	0.000	0.619	0.144	0.000	0.797	0.503	0.225	0.004	0.002	0.011
31.300	0.982	0.707	0.273	0.005	0.000	0.601	0.111	0.000	0.479	0.000	0.621	0.151	0.003	0.493	0.000	0.621	0.144	0.000	0.801	0.506	0.226	0.004	0.002	0.011
31.400	0.983	0.709	0.275	0.005	0.000	0.602	0.113	0.000	0.480	0.000	0.622	0.155	0.004	0.494	0.000	0.621	0.146	0.000	0.800	0.504	0.226	0.004	0.002	0.013
31.500	0.981	0.710	0.275	0.005	0.000	0.602	0.112	0.000	0.480	0.000	0.621	0.156	0.004	0.494	0.000	0.622	0.145	0.000	0.801	0.505	0.226	0.003	0.002	0.011
31.600	0.982	0.710	0.273	0.007	0.000	0.602	0.114	0.000	0.482	0.000	0.623	0.155	0.004	0.495	0.000	0.622	0.146	0.000	0.801	0.505	0.227	0.004	0.002	0.011
31.700	0.985	0.710	0.276	0.006	0.000	0.602	0.116	0.000	0.482	0.000	0.624	0.157	0.003	0.496	0.000	0.621	0.146	0.000	0.800	0.505	0.228	0.004	0.002	0.010
31.800	0.983	0.709	0.276	0.006	0.000	0.604	0.117	0.000	0.482	0.000	0.623	0.157	0.004	0.496	0.000	0.621	0.147	0.000	0.802	0.506	0.229	0.004	0.002	0.010
31.900	0.983	0.709	0.278	0.005	0.000	0.604	0.118	0.000	0.485	0.000	0.623	0.158	0.004	0.497	0.000	0.620	0.148	0.000	0.801	0.507	0.229	0.004	0.004	0.011
32.000	0.983	0.712	0.278	0.008	0.000	0.605	0.120	0.000	0.484	0.000	0.625	0.160	0.005	0.497	0.000	0.624	0.150	0.000	0.802	0.507	0.229	0.007	0.002	0.010
32.100	0.983	0.711	0.280	0.005	0.000	0.605	0.121	0.000	0.485	0.000	0.624	0.160	0.002	0.498	0.000	0.624	0.150	0.000	0.801	0.508	0.230	0.005	0.002	0.010
32.200	0.982	0.710	0.278	0.006	0.000	0.605	0.124	0.000	0.484	0.000	0.626	0.160	0.004	0.498	0.000	0.623	0.151	0.000	0.801	0.508	0.232	0.005	0.003	0.009
32.300	0.985	0.710	0.280	0.007	0.000	0.606	0.123	0.000	0.487	0.000	0.626	0.161	0.004	0.499	0.000	0.624	0.152	0.000	0.802	0.510	0.232	0.006	0.001	0.009
32.400	0.985	0.710	0.281	0.009	0.000	0.607	0.124	0.000	0.487	0.000	0.627	0.164	0.003	0.498	0.000	0.623	0.152	0.000	0.803	0.509	0.232	0.007	0.001	0.009
32.500	0.985	0.712	0.282	0.007	0.000	0.607	0.124	0.000	0.488	0.000	0.627	0.165	0.004	0.499	0.000	0.626	0.154	0.000	0.800	0.509	0.231	0.006	0.002	0.011
32.600	0.983	0.711	0.281	0.008	0.000	0.606	0.125	0.000	0.486	0.000	0.628	0.167	0.004	0.500	0.000	0.624	0.155	0.000	0.802	0.510	0.232	0.006	0.003	0.011
32.700	0.983	0.712	0.282	0.007	0.000	0.608	0.124	0.000	0.490	0.000	0.626	0.167	0.004	0.502	0.000	0.624	0.155	0.000	0.802	0.510	0.233	0.007	0.000	0.011
32.800	0.985	0.713	0.282	0.007	0.000	0.607	0.125	0.000	0.487	0.000	0.628	0.170	0.003	0.501	0.000	0.627	0.155	0.000	0.802	0.510	0.232	0.008	0.002	0.011
32.900	0.982	0.714	0.284	0.009	0.000	0.609	0.128	0.000	0.489	0.000	0.628	0.172	0.003	0.501	0.000	0.625	0.157	0.000	0.804	0.510	0.234	0.007	0.002	0.011
33.000	0.983	0.715	0.281	0.005	0.000	0.609	0.129	0.000	0.490	0.000	0.628	0.171	0.004	0.501	0.000	0.625	0.156	0.000	0.803	0.512	0.235	0.007	0.002	0.009
33.100	0.983	0.714	0.284	0.007	0.000	0.610	0.130	0.000	0.491	0.000	0.629	0.173	0.004	0.502	0.000	0.627	0.159	0.000	0.803	0.513	0.235	0.007	0.002	0.010
33.200	0.983	0.715	0.284	0.007	0.000	0.611	0.130	0.000	0.492	0.000	0.629	0.172	0.004	0.503	0.000	0.626	0.158	0.000	0.803	0.511	0.235	0.007	0.002	0.010
33.300	0.985	0.714	0.284	0.008	0.000	0.611	0.132	0.000	0.492	0.000	0.629	0.175	0.005	0.504	0.000	0.627	0.159	0.000	0.804	0.512	0.237	0.009	0.002	0.011
33.400	0.985	0.715	0.285	0.008	0.000	0.611	0.132	0.000	0.493	0.000	0.630	0.176	0.004	0.505	0.000	0.627	0.160	0.000	0.803	0.513	0.237	0.009	0.001	0.010
33.500	0.985	0.715	0.285	0.009	0.000	0.612	0.133	0.000	0.494	0.000	0.631	0.178	0.004	0.506	0.000	0.628	0.161	0.000	0.804	0.513	0.238	0.009	0.003	0.011
33.600	0.983	0.715	0.285	0.008	0.000	0.611	0.134	0.000	0.494	0.000	0.631	0.180	0.004	0.505	0.000	0.629	0.161	0.000	0.803	0.514	0.238	0.009	0.002	0.011
33.700	0.985	0.715	0.285	0.007	0.000	0.613	0.136	0.000	0.494	0.000	0.632	0.178	0.004	0.506	0.000	0.628	0.161	0.000	0.806	0.513	0.239	0.009	0.004	0.011
33.800	0.985	0.714	0.286	0.007	0.000	0.613	0.136	0.000	0.494	0.000	0.633	0.179	0.004	0.507	0.000	0.630	0.164	0.000	0.803	0.515	0.240	0.010	0.002	0.011
33.900	0.985	0.715	0.287	0.007	0.000	0.613	0.138	0.000	0.494	0.000	0.632	0.181	0.003	0.508	0.000	0.630	0.167	0.000	0.806	0.515	0.239	0.009	0.004	0.011
34.000	0.986	0.717	0.287	0.009	0.000	0.614	0.137	0.000	0.495	0.000	0.634	0.184	0.004	0.508	0.000	0.631	0.167	0.000	0.806	0.516	0.241	0.011	0.004	0.011
34.100	0.985	0.717	0.287	0.007	0.000	0.613	0.138	0.000	0.495	0.000	0.633	0.184	0.004	0.508	0.000	0.629	0.166	0.000	0.806	0.518	0.242	0.010	0.004	0.011
34.200	0.985	0.716	0.288	0.009	0.000	0.614	0.139	0.000	0.496	0.000	0.633	0.185	0.004	0.510	0.000	0.631	0.168	0.000	0.806	0.518	0.242	0.011	0.004	0.011
34.300	0.983	0.716	0.291	0.007	0.000	0.615	0.141	0.000	0.497	0.000	0.634	0.186	0.003	0.509	0.000	0.632	0.168	0.000	0.807	0.516	0.242	0.011	0.003	0.009
34.400	0.983	0.714	0.290	0.009	0.000	0.614	0.141	0.000	0.498	0.000	0.635	0.187	0.004	0.510	0.000	0.633	0.169	0.000	0.807	0.518	0.244	0.011	0.005	0.012
34.500	0.983	0.717	0.291	0.009	0.000	0.615	0.143	0.000	0.498	0.000	0.634	0.187	0.004	0.510	0.000	0.631	0.171	0.000	0.807	0.519	0.244	0.013	0.004	0.011
34.600	0.983	0.718	0.291	0.010	0.000	0.614	0.143	0.000	0.498	0.000	0.637	0.189	0.003	0.512	0.000	0.632	0.172	0.000	0.805	0.518	0.244	0.011	0.005	0.011
34.700	0.983	0.719	0.291	0.010	0.000	0.616	0.143	0.000	0.500	0.000	0.636	0.190	0.004	0.510	0.000	0.633	0.173	0.000	0.807	0.520	0.246	0.011	0.006	0.011
34.800	0.985	0.719	0.292	0.010	0.000	0.616	0.144	0.000	0.500	0.000	0.637	0.192	0.003	0.513	0.000	0.633	0.172	0.000	0.808	0.520	0.245	0.014	0.005	0.010
34.900	0.985	0.719	0.294	0.011	0.000	0.616	0.145	0.000	0.501	0.000	0.636	0.193	0.004	0.511	0.000	0.633	0.173	0.000	0.806	0.521	0.245	0.013	0.006	0.011
35.000	0.985	0.719	0.294	0.010	0.000	0.616	0.146	0.000	0.500	0.000	0.638	0.193	0.004	0.513	0.000	0.634	0.175	0.000	0.809	0.520	0.247	0.014	0.004	0.010
35.100	0.985	0.719	0.294	0.010	0.000	0.618	0.146	0.000	0.501	0.000	0.638	0.194	0.004	0.515	0.000	0.637	0.175	0.000	0.808	0.522	0.248	0.014	0.005	0.011
35.200	0.983	0.718	0.294	0.010	0.000	0.618	0.148	0.000	0.502	0.000	0.638	0.195	0.005	0.514	0.000	0.634	0.175	0.000	0.807	0.523	0.249	0.014	0.007	0.012
35.300	0.985	0.718	0.294	0.010	0.000	0.617	0.148	0.000	0.503	0.000	0.638	0.194	0.004	0.515	0.000	0.634	0.176	0.000	0.808	0.523	0.249	0.015	0.008	0.011
35.400	0.983	0.720	0.295	0.010	0.000	0.618	0.149	0.000	0.504	0.000	0.638	0.196	0.004	0.514	0.000	0.636	0.176	0.000	0.808	0.524	0.248	0.016	0.007	0.011
35.500	0.986	0.719	0.295	0.012	0.000	0.619	0.149	0.000	0.504	0.000	0.640	0.197	0.004	0.515	0.000	0.635	0.177	0.000	0.809	0.523	0.249	0.016	0.007	0.011
35.600	0.985	0.721	0.295	0.011	0.000	0.619	0.150	0.000	0.503	0.000	0.640	0.197	0.003	0.516	0.000	0.636	0.179	0.000	0.810	0.524	0.250	0.016	0.007	0.011
35.700	0.985	0.721	0.294	0.010	0.000	0.620	0.150	0.000	0.504	0.000	0.641	0.197	0.002	0.515	0.000	0.636	0.179	0.000	0.809	0.525	0.250	0.015	0.008	0.011
35.800	0.986	0.720	0.298	0.012	0.000	0.619	0.150	0.000	0.504	0.000	0.640	0.199	0.005	0.516	0.000	0.638	0.179	0.000	0.810	0.525	0.251	0.017	0.007	0.011
35.900	0.985	0.720	0.297	0.011	0.000	0.620	0.151	0.000	0.506	0.000	0.641	0.200	0.003	0.519	0.000	0.637	0.180	0.000	0.811	0.526	0.251	0.017	0.009	0.011
36.000	0.985	0.724	0.298	0.010	0.000	0.620	0.153	0.000	0.506	0.000	0.641	0.202	0.004	0.518	0.000	0.636	0.182	0.000	0.808	0.526	0.252	0.017	0.009	0.011
36.100	0.983	0.723	0.298	0.011	0.000	0.621	0.153	0.000	0.506	0.000	0.641	0.203	0.005	0.519	0.000	0.638	0.183	0.000	0.808	0.526	0.252	0.017	0.007	0.010
36.200	0.983	0.724	0.298	0.010	0.000	0.621	0.155	0.000	0.507	0.000	0.642	0.204	0.005	0.519	0.000	0.638	0.183	0.000	0.812	0.527	0.254	0.017	0.007	0.011
36.300	0.985	0.722	0.298	0.011	0.000	0.621	0.157	0.000	0.508	0.000	0.643	0.204	0.005	0.519	0.000	0.638	0.183	0.000	0.810	0.527	0.254	0.017	0.008	0.011
36.400	0.983	0.721	0.301	0.011	0.000	0.621	0.156	0.000	0.507	0.000	0.642	0.207	0.005	0.519	0.000	0.638	0.184	0.000	0.809	0.527	0.254	0.017	0.007	0.011
36.500	0.983	0.723	0.298	0.011	0.000	0.620	0.158	0.000	0.506	0.000	0.644	0.206	0.004	0.520	0.000	0.640	0.186	0.000	0.809	0.529	0.255	0.019	0.011	0.009
36.600	0.986	0.724	0.302	0.011	0.000	0.621	0.158	0.000	0.508	0.000	0.643	0.210	0.004	0.520	0.000	0.639	0.186	0.000	0.809	0.530	0.255	0.020	0.010	0.011
36.700	0.983	0.724	0.301	0.014	0.000	0.622	0.157	0.000	0.508	0.000	0.645	0.208	0.004	0.521	0.000	0.640	0.186	0.000	0.811	0.529	0.253	0.019	0.011	0.011
36.800	0.985	0.723	0.301	0.013	0.000	0.623	0.159	0.000	0.510	0.000	0.646	0.210	0.003	0.520	0.000	0.640	0.187	0.000	0.810	0.529	0.255	0.020	0.010	0.011
36.900	0.985	0.724	0.302	0.013	0.000	0.624	0.161	0.000	0.510	0.000	0.647	0.213	0.003	0.522	0.000	0.641	0.186	0.000	0.812	0.527	0.257	0.021	0.010	0.011
37.000	0.985	0.725	0.302	0.013	0.000	0.622	0.160	0.000	0.511	0.000	0.645	0.213	0.003	0.522	0.000	0.640	0.188	0.000	0.810	0.529	0.258	0.020	0.011	0.011
37.100	0.986	0.724	0.303	0.012	0.000	0.623	0.163	0.000	0.510	0.000	0.647	0.213	0.004	0.522	0.000	0.640	0.188	0.000	0.812	0.529	0.258	0.021	0.011	0.010
37.200	0.987	0.724	0.303	0.013	0.000	0.624	0.161	0.000	0.511	0.000	0.646	0.214	0.003	0.525	0.000	0.641	0.190	0.000	0.810	0.531	0.257	0.021	0.011	0.011
37.300	0.985	0.725	0.304	0.014	0.000	0.627	0.164	0.000	0.511	0.000	0.646	0.214	0.003	0.526	0.000	0.641	0.190	0.000	0.813	0.530	0.257	0.021	0.011	0.010
37.400	0.986	0.725	0.305	0.013	0.000	0.627	0.164	0.000	0.512	0.000	0.648	0.215	0.003	0.524	0.000	0.641	0.192	0.000	0.811	0.530	0.258	0.021	0.012	0.011
37.500	0.986	0.725	0.305	0.014	0.000	0.627	0.164	0.000	0.513	0.000	0.648	0.216	0.005	0.525	0.000	0.642	0.191	0.000	0.813	0.530	0.259	0.022	0.012	0.013
37.600	0.983	0.724	0.305	0.014	0.000	0.627	0.166	0.000	0.513	0.000	0.647	0.217	0.003	0.526	0.000	0.642	0.193	0.000	0.812	0.532	0.259	0.021	0.011	0.011
37.700	0.987	0.724	0.305	0.014	0.000	0.627	0.167	0.000	0.512	0.000	0.649	0.220	0.005	0.525	0.000	0.643	0.193	0.000	0.811	0.532	0.257	0.023	0.012	0.011
37.800	0.986	0.727	0.306	0.017	0.000	0.628	0.167	0.000	0.513	0.000	0.648	0.219	0.005	0.525	0.000	0.642	0.194	0.000	0.813	0.533	0.260	0.023	0.012	0.011
37.900	0.985	0.725	0.305	0.014	0.000	0.628	0.168	0.000	0.513	0.000	0.648	0.220	0.004	0.527	0.000	0.643	0.194	0.000	0.813	0.531	0.261	0.023	0.014	0.011
38.000	0.986	0.728	0.307	0.015	0.000	0.628	0.168	0.000	0.514	0.000	0.649	0.221	0.003	0.527	0.000	0.643	0.195	0.000	0.813	0.532	0.260	0.023	0.014	0.010
38.100	0.985	0.726	0.307	0.016	0.000	0.628	0.169	0.000	0.515	0.000	0.649	0.222	0.003	0.527	0.000	0.645	0.195	0.000	0.811	0.532	0.260	0.023	0.015	0.011
38.200	0.986	0.726	0.309	0.016	0.000	0.628	0.170	0.000	0.515	0.000	0.651	0.223	0.003	0.528	0.000	0.642	0.196	0.000	0.812	0.534	0.263	0.024	0.013	0.011
38.300	0.986	0.726	0.308	0.014	0.000	0.629	0.170	0.000	0.516	0.000	0.650	0.224	0.004	0.527	0.000	0.644	0.197	0.000	0.813	0.536	0.263	0.023	0.014	0.011
38.400	0.986	0.725	0.307	0.016	0.000	0.630	0.170	0.000	0.518	0.000	0.650	0.223	0.004	0.527	0.000	0.644	0.198	0.000	0.813	0.533	0.263	0.024	0.014	0.013
38.500	0.985	0.728	0.309	0.015	0.000	0.628	0.171	0.000	0.516	0.000	0.651	0.225	0.004	0.527	0.000	0.643	0.198	0.000	0.815	0.533	0.260	0.025	0.014	0.012
38.600	0.985	0.728	0.309	0.016	0.000	0.630	0.172	0.000	0.517	0.000	0.652	0.225	0.005	0.530	0.000	0.645	0.199	0.000	0.813	0.536	0.265	0.026	0.015	0.011
38.700	0.985	0.728	0.310	0.016	0.000	0.630	0.173	0.000	0.519	0.000	0.651	0.225	0.004	0.530	0.000	0.645	0.199	0.000	0.817	0.537	0.264	0.025	0.014	0.012
38.800	0.985	0.727	0.309	0.016	0.000	0.630	0.173	0.000	0.517	0.000	0.651	0.227	0.005	0.529	0.000	0.645	0.199	0.000	0.813	0.536	0.266	0.025	0.016	0.012
38.900	0.983	0.728	0.311	0.016	0.000	0.630	0.173	0.000	0.516	0.000	0.652	0.228	0.005	0.530	0.000	0.646	0.201	0.000	0.814	0.537	0.266	0.026	0.016	0.013
39.000	0.985	0.728	0.310	0.017	0.000	0.630	0.174	0.000	0.518	0.000	0.652	0.228	0.004	0.530	0.000	0.647	0.201	0.000	0.815	0.537	0.266	0.027	0.017	0.013
39.100	0.985	0.729	0.311	0.016	0.000	0.630	0.176	0.000	0.518	0.000	0.652	0.229	0.004	0.530	0.000	0.647	0.202	0.000	0.815	0.537	0.267	0.026	0.017	0.013
39.200	0.986	0.730	0.309	0.016	0.000	0.631	0.174	0.000	0.519	0.000	0.653	0.230	0.004	0.531	0.000	0.647	0.201	0.000	0.815	0.537	0.266	0.028	0.017	0.012
39.300	0.985	0.729	0.312	0.017	0.000	0.631	0.175	0.000	0.520	0.000	0.652	0.230	0.004	0.530	0.000	0.647	0.202	0.000	0.817	0.537	0.267	0.027	0.017	0.013
39.400	0.987	0.728	0.312	0.018	0.000	0.631	0.177	0.000	0.520	0.000	0.654	0.231	0.004	0.531	0.000	0.646	0.203	0.000	0.815	0.538	0.268	0.027	0.017	0.012
39.500	0.986	0.729	0.314	0.017	0.000	0.632	0.178	0.000	0.520	0.000	0.654	0.232	0.004	0.532	0.000	0.647	0.203	0.000	0.815	0.539	0.267	0.029	0.018	0.014
39.600	0.986	0.729	0.313	0.017	0.000	0.631	0.177	0.000	0.520	0.000	0.655	0.232	0.004	0.533	0.000	0.647	0.203	0.000	0.815	0.538	0.268	0.029	0.017	0.013
39.700	0.985	0.728	0.313	0.016	0.000	0.631	0.179	0.000	0.519	0.000	0.653	0.233	0.005	0.533	0.000	0.650	0.205	0.000	0.816	0.539	0.268	0.028	0.018	0.014
39.800	0.986	0.729	0.315	0.019	0.000	0.632	0.178	0.000	0.521	0.000	0.654	0.232	0.004	0.533	0.000	0.649	0.206	0.000	0.815	0.540	0.269	0.030	0.018	0.014
39.900	0.986	0.729	0.314	0.017	0.000	0.631	0.179	0.000	0.521	0.000	0.654	0.233	0.004	0.534	0.000	0.649	0.205	0.000	0.817	0.539	0.269	0.029	0.017	0.014
40.000	0.986	0.729	0.315	0.017	0.000	0.633	0.180	0.000	0.521	0.000	0.656	0.234	0.004	0.533	0.000	0.648	0.207	0.000	0.817	0.537	0.269	0.030	0.019	0.014
40.100	0.987	0.730	0.316	0.017	0.000	0.633	0.179	0.000	0.522	0.000	0.654	0.235	0.005	0.535	0.000	0.648	0.206	0.000	0.817	0.539	0.271	0.030	0.020	0.014
40.200	0.985	0.731	0.315	0.018	0.000	0.634	0.180	0.000	0.521	0.000	0.655	0.235	0.004	0.535	0.000	0.650	0.208	0.000	0.815	0.540	0.269	0.030	0.020	0.014
40.300	0.986	0.731	0.315	0.017	0.000	0.634	0.183	0.000	0.523	0.000	0.656	0.237	0.004	0.536	0.000	0.649	0.209	0.000	0.817	0.540	0.270	0.032	0.019	0.014
40.400	0.986	0.729	0.317	0.018	0.000	0.634	0.181	0.000	0.523	0.000	0.656	0.235	0.005	0.536	0.000	0.650	0.207	0.000	0.817	0.540	0.271	0.032	0.020	0.016
40.500	0.986	0.731	0.317	0.017	0.000	0.633	0.181	0.000	0.522	0.000	0.656	0.237	0.004	0.536	0.000	0.650	0.207	0.000	0.816	0.541	0.271	0.031	0.020	0.015
40.600	0.986	0.731	0.315	0.017	0.000	0.633	0.183	0.000	0.524	0.000	0.656	0.239	0.005	0.536	0.000	0.650	0.210	0.000	0.817	0.540	0.272	0.033	0.022	0.016
40.700	0.985	0.731	0.318	0.018	0.000	0.635	0.183	0.000	0.524	0.000	0.657	0.237	0.004	0.536	0.000	0.649	0.210	0.000	0.815	0.542	0.273	0.032	0.020	0.014
40.800	0.986	0.731	0.319	0.019	0.000	0.634	0.184	0.000	0.523	0.000	0.656	0.240	0.004	0.537	0.000	0.650	0.210	0.000	0.816	0.542	0.273	0.033	0.020	0.016
40.900	0.985	0.731	0.318	0.019	0.000	0.634	0.185	0.000	0.525	0.000	0.656	0.240	0.003	0.537	0.000	0.652	0.210	0.000	0.815	0.543	0.274	0.033	0.020	0.016
41.000	0.986	0.731	0.318	0.019	0.000	0.636	0.184	0.000	0.525	0.000	0.657	0.242	0.004	0.536	0.000	0.652	0.211	0.000	0.815	0.543	0.273	0.033	0.021	0.015
41.100	0.986	0.732	0.318	0.020	0.000	0.634	0.184	0.000	0.526	0.000	0.657	0.240	0.003	0.538	0.000	0.650	0.211	0.000	0.817	0.545	0.273	0.036	0.022	0.014
41.200	0.983	0.731	0.318	0.020	0.000	0.636	0.186	0.000	0.526	0.000	0.657	0.242	0.004	0.539	0.000	0.652	0.213	0.000	0.817	0.546	0.275	0.033	0.020	0.015
41.300	0.985	0.732	0.319	0.021	0.000	0.637	0.186	0.000	0.526	0.000	0.659	0.244	0.004	0.538	0.000	0.652	0.213	0.000	0.818	0.544	0.275	0.034	0.021	0.016
41.400	0.985	0.732	0.318	0.020	0.000	0.637	0.185	0.000	0.526	0.000	0.659	0.244	0.005	0.539	0.000	0.654	0.214	0.000	0.816	0.543	0.275	0.034	0.022	0.016
41.500	0.986	0.731	0.320	0.021	0.000	0.637	0.186	0.000	0.527	0.000	0.659	0.246	0.004	0.540	0.000	0.653	0.213	0.000	0.817	0.544	0.275	0.034	0.022	0.016
41.600	0.987	0.732	0.320	0.020	0.000	0.637	0.186	0.000	0.527	0.000	0.659	0.248	0.004	0.539	0.000	0.653	0.215	0.000	0.817	0.544	0.276	0.033	0.021	0.015
41.700	0.986	0.734	0.320	0.020	0.000	0.637	0.189	0.000	0.528	0.000	0.660	0.246	0.004	0.539	0.000	0.652	0.216	0.000	0.818	0.546	0.276	0.034	0.022	0.017
41.800	0.986	0.734	0.323	0.021	0.000	0.637	0.187	0.000	0.527	0.000	0.659	0.248	0.005	0.539	0.000	0.654	0.216	0.000	0.817	0.546	0.277	0.034	0.022	0.016
41.900	0.986	0.735	0.321	0.021	0.000	0.638	0.189	0.000	0.528	0.000	0.660	0.249	0.005	0.542	0.000	0.654	0.216	0.000	0.819	0.546	0.277	0.036	0.022	0.016
42.000	0.985	0.732	0.321	0.022	0.000	0.638	0.189	0.000	0.529	0.000	0.660	0.249	0.004	0.541	0.000	0.654	0.216	0.000	0.817	0.545	0.278	0.035	0.023	0.016
42.100	0.985	0.734	0.324	0.021	0.000	0.638	0.192	0.000	0.529	0.000	0.660	0.250	0.004	0.542	0.000	0.654	0.217	0.000	0.817	0.546	0.278	0.036	0.023	0.016
42.200	0.985	0.732	0.324	0.021	0.000	0.637	0.191	0.000	0.529	0.000	0.660	0.251	0.004	0.542	0.000	0.655	0.219	0.000	0.819	0.548	0.280	0.035	0.023	0.017
42.300	0.987	0.734	0.323	0.021	0.000	0.638	0.192	0.000	0.531	0.000	0.662	0.253	0.005	0.542	0.000	0.656	0.218	0.000	0.818	0.548	0.279	0.037	0.023	0.014
42.400	0.986	0.734	0.324	0.021	0.000	0.638	0.192	0.000	0.531	0.000	0.662	0.252	0.003	0.544	0.000	0.656	0.219	0.000	0.818	0.548	0.278	0.037	0.024	0.016
42.500	0.986	0.733	0.323	0.021	0.000	0.639	0.194	0.000	0.530	0.000	0.663	0.251	0.004	0.541	0.000	0.657	0.220	0.000	0.820	0.548	0.280	0.037	0.023	0.016
42.600	0.986	0.734	0.323	0.021	0.000	0.638	0.193	0.000	0.531	0.000	0.663	0.252	0.004	0.543	0.000	0.656	0.219	0.000	0.820	0.549	0.280	0.037	0.023	0.016
42.700	0.986	0.732	0.324	0.022	0.000	0.638	0.194	0.000	0.531	0.000	0.663	0.254	0.004	0.542	0.000	0.656	0.220	0.000	0.819	0.549	0.280	0.038	0.025	0.017
42.800	0.987	0.734	0.323	0.023	0.000	0.638	0.194	0.000	0.532	0.000	0.664	0.255	0.003	0.543	0.000	0.657	0.220	0.000	0.818	0.549	0.279	0.038	0.023	0.017
42.900	0.986	0.735	0.324	0.021	0.000	0.640	0.195	0.000	0.531	0.000	0.662	0.256	0.003	0.543	0.000	0.656	0.220	0.000	0.819	0.548	0.280	0.038	0.025	0.017
43.000	0.986	0.736	0.325	0.021	0.000	0.641	0.196	0.000	0.533	0.000	0.664	0.258	0.003	0.544	0.000	0.656	0.221	0.000	0.819	0.549	0.282	0.037	0.024	0.016
43.100	0.987	0.736	0.326	0.023	0.000	0.641	0.195	0.000	0.532	0.000	0.663	0.258	0.003	0.545	0.000	0.657	0.222	0.000	0.819	0.549	0.282	0.037	0.023	0.016
43.200	0.985	0.735	0.324	0.023	0.000	0.641	0.196	0.000	0.533	0.000	0.664	0.258	0.003	0.545	0.000	0.659	0.223	0.000	0.822	0.549	0.282	0.037	0.024	0.017
43.300	0.985	0.736	0.326	0.023	0.000	0.641	0.196	0.000	0.534	0.000	0.664	0.258	0.003	0.546	0.000	0.657	0.223	0.000	0.819	0.550	0.282	0.040	0.024	0.017
43.400	0.986	0.735	0.326	0.021	0.000	0.641	0.197	0.000	0.535	0.000	0.664	0.258	0.005	0.545	0.000	0.657	0.224	0.000	0.821	0.550	0.282	0.038	0.026	0.017
43.500	0.985	0.736	0.328	0.023	0.000	0.641	0.198	0.000	0.533	0.000	0.665	0.259	0.003	0.546	0.000	0.658	0.224	0.000	0.819	0.551	0.282	0.038	0.026	0.017
43.600	0.983	0.735	0.326	0.023	0.000	0.642	0.197	0.000	0.535	0.000	0.665	0.259	0.005	0.546	0.000	0.658	0.226	0.000	0.819	0.550	0.284	0.038	0.025	0.016
43.700	0.986	0.736	0.327	0.023	0.000	0.643	0.197	0.000	0.536	0.000	0.666	0.261	0.004	0.547	0.000	0.659	0.224	0.000	0.820	0.551	0.284	0.038	0.026	0.017
43.800	0.988	0.736	0.328	0.024	0.000	0.641	0.198	0.000	0.535	0.000	0.665	0.259	0.004	0.549	0.000	0.659	0.226	0.000	0.820	0.552	0.283	0.039	0.026	0.016
43.900	0.987	0.736	0.328	0.023	0.000	0.641	0.199	0.000	0.535	0.000	0.664	0.262	0.004	0.548	0.001	0.657	0.226	0.000	0.819	0.550	0.284	0.038	0.026	0.017
44.000	0.986	0.736	0.328	0.025	0.000	0.642	0.199	0.000	0.536	0.000	0.665	0.262	0.004	0.549	0.002	0.659	0.226	0.000	0.822	0.551	0.285	0.040	0.026	0.017
44.100	0.987	0.734	0.330	0.024	0.000	0.642	0.201	0.000	0.536	0.000	0.666	0.263	0.006	0.548	0.002	0.658	0.229	0.000	0.823	0.549	0.285	0.040	0.026	0.018
44.200	0.986	0.735	0.327	0.024	0.000	0.642	0.201	0.000	0.536	0.000	0.666	0.263	0.003	0.549	0.002	0.660	0.228	0.000	0.821	0.552	0.284	0.039	0.027	0.017
44.300	0.987	0.738	0.329	0.024	0.000	0.643	0.200	0.000	0.537	0.000	0.667	0.264	0.004	0.549	0.002	0.662	0.227	0.000	0.823	0.551	0.285	0.039	0.028	0.017
44.400	0.986	0.737	0.330	0.024	0.000	0.641	0.200	0.000	0.537	0.000	0.667	0.265	0.004	0.549	0.005	0.659	0.229	0.000	0.820	0.552	0.285	0.042	0.027	0.016
44.500	0.986	0.736	0.330	0.024	0.000	0.643	0.201	0.000	0.536	0.000	0.667	0.265	0.003	0.550	0.004	0.661	0.229	0.000	0.821	0.553	0.285	0.041	0.027	0.017
44.600	0.986	0.739	0.331	0.023	0.000	0.643	0.202	0.000	0.537	0.000	0.667	0.265	0.004	0.550	0.005	0.660	0.229	0.000	0.821	0.551	0.285	0.042	0.028	0.016
44.700	0.986	0.739	0.330	0.025	0.000	0.642	0.203	0.000	0.536	0.000	0.667	0.267	0.004	0.549	0.007	0.660	0.230	0.000	0.822	0.552	0.286	0.041	0.026	0.017
44.800	0.986	0.738	0.330	0.024	0.000	0.645	0.204	0.000	0.538	0.000	0.667	0.266	0.004	0.551	0.006	0.662	0.230	0.000	0.822	0.553	0.285	0.040	0.026	0.017
44.900	0.987	0.738	0.330	0.024	0.000	0.644	0.204	0.000	0.537	0.000	0.667	0.266	0.003	0.552	0.007	0.660	0.231	0.000	0.823	0.554	0.285	0.040	0.027	0.017
45.000	0.986	0.738	0.330	0.026	0.000	0.645	0.204	0.000	0.539	0.000	0.667	0.269	0.004	0.551	0.007	0.662	0.231	0.000	0.822	0.554	0.288	0.041	0.027	0.018
45.100	0.988	0.739	0.331	0.024	0.000	0.647	0.205	0.000	0.539	0.000	0.668	0.267	0.004	0.551	0.010	0.662	0.232	0.000	0.821	0.555	0.288	0.042	0.028	0.017
45.200	0.987	0.737	0.331	0.024	0.000	0.645	0.205	0.000	0.539	0.000	0.669	0.269	0.003	0.551	0.011	0.663	0.232	0.000	0.823	0.554	0.287	0.040	0.028	0.018
45.300	0.987	0.739	0.331	0.026	0.000	0.645	0.205	0.000	0.540	0.000	0.669	0.271	0.004	0.552	0.011	0.661	0.232	0.000	0.822	0.555	0.287	0.042	0.028	0.017
45.400	0.987	0.739	0.333	0.025	0.000	0.645	0.206	0.000	0.539	0.000	0.669	0.272	0.004	0.552	0.013	0.663	0.233	0.000	0.823	0.556	0.287	0.042	0.028	0.018
45.500	0.986	0.739	0.333	0.025	0.000	0.646	0.204	0.000	0.539	0.000	0.669	0.271	0.003	0.552	0.014	0.663	0.233	0.000	0.825	0.554	0.288	0.042	0.027	0.018
45.600	0.987	0.739	0.333	0.026	0.000	0.645	0.207	0.000	0.539	0.000	0.670	0.273	0.003	0.551	0.014	0.663	0.233	0.000	0.824	0.555	0.289	0.042	0.028	0.017
45.700	0.986	0.739	0.333	0.026	0.000	0.646	0.207	0.000	0.541	0.000	0.670	0.272	0.003	0.552	0.015	0.664	0.235	0.000	0.822	0.555	0.289	0.042	0.028	0.017
45.800	0.986	0.741	0.333	0.024	0.000	0.647	0.206	0.000	0.540	0.000	0.670	0.272	0.003	0.552	0.016	0.663	0.235	0.000	0.823	0.556	0.290	0.042	0.030	0.018
45.900	0.986	0.738	0.334	0.026	0.000	0.647	0.206	0.000	0.540	0.000	0.669	0.273	0.004	0.554	0.016	0.663	0.235	0.000	0.823	0.556	0.291	0.042	0.030	0.017
46.000	0.986	0.739	0.333	0.025	0.000	0.647	0.207	0.000	0.541	0.000	0.670	0.273	0.003	0.554	0.017	0.663	0.235	0.000	0.823	0.556	0.289	0.042	0.030	0.017
46.100	0.987	0.738	0.334	0.026	0.000	0.647	0.208	0.000	0.541	0.000	0.670	0.273	0.003	0.555	0.017	0.663	0.235	0.000	0.823	0.556	0.289	0.043	0.028	0.018
46.200	0.986	0.739	0.334	0.025	0.000	0.647	0.210	0.000	0.542	0.000	0.669	0.275	0.004	0.554	0.019	0.663	0.236	0.000	0.822	0.556	0.290	0.045	0.028	0.017
46.300	0.987	0.739	0.336	0.026	0.000	0.648	0.210	0.000	0.542	0.000	0.670	0.275	0.003	0.554	0.020	0.663	0.237	0.000	0.823	0.558	0.291	0.043	0.029	0.017
46.400	0.986	0.739	0.337	0.026	0.000	0.647	0.210	0.000	0.543	0.000	0.670	0.275	0.005	0.555	0.021	0.664	0.238	0.000	0.822	0.557	0.291	0.043	0.030	0.017
46.500	0.988	0.739	0.334	0.027	0.000	0.649	0.210	0.000	0.542	0.000	0.671	0.276	0.004	0.556	0.021	0.664	0.236	0.000	0.822	0.558	0.291	0.042	0.028	0.017
46.600	0.986	0.741	0.336	0.026	0.000	0.648	0.209	0.000	0.543	0.000	0.672	0.275	0.004	0.555	0.021	0.665	0.239	0.000	0.825	0.557	0.291	0.045	0.029	0.017
46.700	0.986	0.739	0.335	0.027	0.000	0.648	0.210	0.000	0.542	0.000	0.672	0.276	0.004	0.556	0.022	0.666	0.239	0.000	0.824	0.558	0.292	0.045	0.029	0.018
46.800	0.986	0.741	0.335	0.028	0.000	0.649	0.209	0.000	0.542	0.000	0.672	0.279	0.004	0.556	0.022	0.666	0.239	0.000	0.823	0.557	0.292	0.043	0.029	0.017
46.900	0.986	0.741	0.336	0.026	0.000	0.647	0.210	0.000	0.543	0.000	0.670	0.280	0.005	0.555	0.023	0.666	0.239	0.000	0.823	0.555	0.292	0.043	0.030	0.019
47.000	0.987	0.741	0.336	0.027	0.000	0.649	0.212	0.000	0.544	0.000	0.672	0.277	0.004	0.558	0.024	0.666	0.239	0.000	0.824	0.557	0.294	0.045	0.030	0.017
47.100	0.986	0.741	0.337	0.026	0.000	0.649	0.211	0.000	0.544	0.000	0.673	0.278	0.004	0.555	0.024	0.664	0.239	0.000	0.825	0.559	0.292	0.045	0.030	0.019
47.200	0.986	0.739	0.335	0.028	0.000	0.650	0.212	0.000	0.545	0.000	0.674	0.280	0.004	0.556	0.023	0.666	0.239	0.000	0.825	0.558	0.292	0.044	0.028	0.018
47.300	0.987	0.743	0.338	0.026	0.000	0.650	0.211	0.000	0.545	0.000	0.673	0.280	0.004	0.557	0.025	0.665	0.240	0.000	0.824	0.558	0.295	0.045	0.031	0.016
47.400	0.987	0.743	0.335	0.028	0.000	0.650	0.215	0.000	0.546	0.000	0.674	0.279	0.004	0.558	0.026	0.667	0.242	0.000	0.823	0.560	0.294	0.045	0.030	0.017
47.500	0.986	0.740	0.338	0.028	0.000	0.650	0.214	0.000	0.546	0.000	0.673	0.282	0.002	0.558	0.026	0.667	0.241	0.000	0.823	0.560	0.294	0.045	0.031	0.017
47.600	0.986	0.739	0.339	0.028	0.000	0.650	0.215	0.000	0.546	0.000	0.674	0.281	0.003	0.558	0.027	0.664	0.240	0.000	0.825	0.560	0.294	0.045	0.030	0.017
47.700	0.986	0.743	0.337	0.028	0.000	0.649	0.215	0.000	0.545	0.000	0.674	0.281	0.004	0.559	0.028	0.667	0.240	0.000	0.825	0.561	0.295	0.045	0.030	0.019
47.800	0.988	0.740	0.338	0.026	0.000	0.649	0.214	0.000	0.545	0.000	0.674	0.282	0.001	0.559	0.029	0.667	0.242	0.000	0.823	0.559	0.295	0.046	0.031	0.017
47.900	0.988	0.743	0.338	0.028	0.001	0.650	0.217	0.000	0.547	0.000	0.674	0.282	0.004	0.558	0.030	0.668	0.241	0.000	0.826	0.559	0.294	0.046	0.030	0.019
48.000	0.987	0.743	0.338	0.027	0.000	0.650	0.217	0.000	0.548	0.000	0.674	0.282	0.004	0.559	0.030	0.666	0.242	0.000	0.825	0.560	0.295	0.045	0.031	0.017
48.100	0.987	0.741	0.340	0.026	0.001	0.652	0.216	0.000	0.548	0.000	0.674	0.284	0.001	0.559	0.031	0.666	0.244	0.000	0.823	0.559	0.295	0.045	0.030	0.019
48.200	0.986	0.741	0.340	0.028	0.000	0.651	0.218	0.000	0.546	0.000	0.674	0.284	0.002	0.558	0.031	0.666	0.244	0.000	0.824	0.561	0.295	0.045	0.030	0.019
48.300	0.987	0.741	0.339	0.028	0.000	0.652	0.216	0.000	0.548	0.000	0.674	0.285	0.004	0.558	0.030	0.666	0.244	0.000	0.824	0.561	0.295	0.046	0.030	0.019
48.400	0.987	0.741	0.340	0.028	0.000	0.650	0.218	0.000	0.547	0.000	0.674	0.284	0.004	0.559	0.033	0.666	0.246	0.000	0.826	0.562	0.296	0.045	0.031	0.018
48.500	0.987	0.743	0.340	0.028	0.000	0.652	0.219	0.000	0.548	0.000	0.675	0.282	0.004	0.559	0.033	0.666	0.244	0.000	0.824	0.562	0.297	0.045	0.031	0.020
48.600	0.988	0.744	0.340	0.028	0.000	0.651	0.220	0.000	0.549	0.000	0.675	0.287	0.003	0.559	0.033	0.667	0.244	0.000	0.826	0.561	0.296	0.045	0.031	0.018
48.700	0.988	0.743	0.341	0.030	0.000	0.652	0.219	0.000	0.550	0.000	0.676	0.284	0.004	0.560	0.037	0.667	0.246	0.000	0.823	0.561	0.297	0.045	0.031	0.018
48.800	0.987	0.743	0.341	0.030	0.001	0.652	0.220	0.000	0.548	0.000	0.676	0.287	0.003	0.559	0.033	0.667	0.246	0.000	0.825	0.561	0.297	0.046	0.032	0.018
48.900	0.987	0.745	0.341	0.029	0.000	0.652	0.220	0.000	0.549	0.001	0.676	0.287	0.005	0.560	0.037	0.667	0.247	0.000	0.827	0.563	0.297	0.046	0.031	0.019
49.000	0.987	0.745	0.341	0.029	0.001	0.652	0.220	0.000	0.549	0.002	0.675	0.289	0.005	0.561	0.037	0.668	0.248	0.000	0.825	0.562	0.297	0.046	0.031	0.020
49.100	0.988	0.743	0.341	0.030	0.000	0.652	0.221	0.000	0.549	0.002	0.675	0.288	0.004	0.560	0.039	0.668	0.247	0.000	0.825	0.562	0.296	0.047	0.033	0.019
49.200	0.988	0.745	0.342	0.030	0.000	0.650	0.221	0.000	0.549	0.000	0.676	0.289	0.004	0.561	0.040	0.669	0.247	0.000	0.825	0.563	0.298	0.047	0.031	0.020
49.300	0.988	0.743	0.343	0.029	0.000	0.652	0.222	0.000	0.549	0.004	0.676	0.289	0.003	0.561	0.038	0.669	0.247	0.000	0.825	0.564	0.298	0.045	0.031	0.019
49.400	0.986	0.744	0.343	0.030	0.000	0.652	0.221	0.000	0.549	0.005	0.676	0.289	0.004	0.563	0.038	0.667	0.247	0.000	0.825	0.563	0.297	0.045	0.033	0.019
49.500	0.988	0.744	0.343	0.030	0.000	0.651	0.222	0.000	0.550	0.004	0.677	0.291	0.003	0.561	0.040	0.669	0.249	0.000	0.826	0.562	0.297	0.046	0.032	0.017
49.600	0.986	0.745	0.342	0.031	0.000	0.653	0.222	0.000	0.552	0.002	0.677	0.291	0.005	0.563	0.040	0.669	0.248	0.000	0.827	0.564	0.298	0.047	0.033	0.018
49.700	0.988	0.743	0.344	0.030	0.000	0.653	0.222	0.000	0.551	0.005	0.677	0.291	0.004	0.562	0.041	0.669	0.248	0.000	0.825	0.564	0.300	0.047	0.031	0.018
49.800	0.988	0.745	0.343	0.030	0.000	0.653	0.223	0.000	0.551	0.006	0.678	0.291	0.004	0.564	0.042	0.669	0.248	0.000	0.826	0.563	0.299	0.046	0.034	0.017
49.900	0.987	0.745	0.345	0.031	0.000	0.653	0.225	0.000	0.551	0.004	0.678	0.292	0.005	0.563	0.042	0.669	0.249	0.000	0.827	0.565	0.298	0.048	0.032	0.019
50.000	0.987	0.745	0.345	0.030	0.000	0.653	0.223	0.000	0.551	0.008	0.678	0.293	0.005	0.562	0.042	0.670	0.250	0.000	0.827	0.564	0.298	0.047	0.033	0.018
50.100	0.988	0.746	0.343	0.030	0.001	0.654	0.224	0.000	0.552	0.008	0.680	0.291	0.005	0.563	0.043	0.670	0.251	0.000	0.827	0.566	0.301	0.047	0.033	0.018
50.200	0.987	0.746	0.344	0.031	0.001	0.654	0.224	0.000	0.551	0.006	0.678	0.293	0.005	0.561	0.044	0.670	0.251	0.000	0.828	0.564	0.298	0.047	0.033	0.020
50.300	0.988	0.745	0.344	0.031	0.001	0.654	0.225	0.000	0.551	0.009	0.676	0.294	0.005	0.563	0.047	0.670	0.251	0.000	0.827	0.564	0.300	0.049	0.032	0.018
50.400	0.987	0.745	0.344	0.031	0.000	0.655	0.225	0.000	0.552	0.007	0.678	0.294	0.005	0.563	0.046	0.670	0.251	0.000	0.828	0.565	0.299	0.047	0.031	0.020
50.500	0.988	0.746	0.344	0.031	0.001	0.656	0.225	0.000	0.553	0.009	0.678	0.295	0.003	0.565	0.045	0.670	0.252	0.000	0.827	0.565	0.301	0.048	0.033	0.020
50.600	0.988	0.746	0.345	0.031	0.001	0.655	0.226	0.000	0.552	0.011	0.679	0.295	0.004	0.564	0.047	0.670	0.250	0.000	0.827	0.565	0.302	0.047	0.034	0.020
50.700	0.987	0.745	0.345	0.031	0.000	0.656	0.226	0.000	0.553	0.009	0.678	0.296	0.004	0.566	0.047	0.670	0.251	0.000	0.827	0.566	0.302	0.048	0.034	0.017
50.800	0.986	0.746	0.347	0.030	0.001	0.656	0.226	0.000	0.552	0.010	0.678	0.296	0.003	0.565	0.047	0.670	0.252	0.000	0.829	0.566	0.301	0.049	0.034	0.019
50.900	0.988	0.747	0.345	0.030	0.001	0.655	0.226	0.000	0.554	0.012	0.679	0.297	0.004	0.563	0.047	0.669	0.252	0.000	0.829	0.567	0.303	0.048	0.034	0.021
51.000	0.986	0.746	0.347	0.032	0.000	0.654	0.226	0.000	0.554	0.011	0.678	0.297	0.004	0.563	0.049	0.672	0.252	0.000	0.828	0.565	0.300	0.049	0.034	0.019
51.100	0.986	0.746	0.347	0.031	0.001	0.657	0.226	0.000	0.555	0.014	0.682	0.298	0.004	0.565	0.049	0.673	0.251	0.000	0.827	0.566	0.304	0.048	0.034	0.019
51.200	0.988	0.746	0.346	0.031	0.000	0.656	0.227	0.000	0.553	0.014	0.679	0.298	0.004	0.565	0.049	0.673	0.254	0.000	0.828	0.568	0.301	0.049	0.034	0.019
51.300	0.986	0.745	0.347	0.031	0.001	0.656	0.226	0.000	0.553	0.015	0.679	0.298	0.003	0.566	0.049	0.673	0.252	0.000	0.827	0.568	0.302	0.049	0.034	0.017
51.400	0.987	0.746	0.347	0.031	0.000	0.657	0.227	0.000	0.555	0.014	0.680	0.298	0.004	0.565	0.050	0.673	0.252	0.000	0.827	0.566	0.303	0.049	0.034	0.017
51.500	0.988	0.747	0.347	0.032	0.000	0.656	0.228	0.000	0.555	0.015	0.679	0.301	0.005	0.565	0.050	0.674	0.252	0.000	0.827	0.565	0.303	0.049	0.035	0.020
51.600	0.987	0.745	0.347	0.030	0.002	0.656	0.230	0.000	0.555	0.017	0.681	0.300	0.004	0.566	0.052	0.674	0.255	0.000	0.827	0.568	0.304	0.050	0.034	0.020
51.700	0.986	0.746	0.347	0.031	0.000	0.657	0.230	0.000	0.555	0.016	0.681	0.301	0.003	0.568	0.052	0.674	0.255	0.000	0.828	0.568	0.303	0.049	0.034	0.017
51.800	0.986	0.746	0.347	0.032	0.000	0.656	0.228	0.000	0.556	0.017	0.681	0.301	0.003	0.567	0.052	0.674	0.254	0.000	0.829	0.566	0.305	0.050	0.034	0.020
51.900	0.986	0.746	0.345	0.032	0.000	0.656	0.229	0.000	0.556	0.019	0.681	0.302	0.004	0.567	0.052	0.673	0.255	0.000	0.827	0.566	0.304	0.050	0.035	0.020
52.000	0.988	0.744	0.348	0.032	0.001	0.656	0.230	0.000	0.555	0.020	0.681	0.301	0.004	0.568	0.053	0.674	0.255	0.000	0.828	0.568	0.304	0.049	0.035	0.019
52.100	0.987	0.748	0.347	0.032	0.000	0.657	0.231	0.000	0.557	0.019	0.683	0.302	0.003	0.568	0.052	0.674	0.256	0.000	0.828	0.568	0.305	0.050	0.034	0.019
52.200	0.988	0.746	0.348	0.032	0.001	0.656	0.230	0.000	0.556	0.020	0.682	0.304	0.005	0.568	0.056	0.676	0.256	0.000	0.829	0.568	0.305	0.049	0.034	0.020
52.300	0.988	0.746	0.349	0.031	0.001	0.657	0.231	0.000	0.556	0.021	0.683	0.303	0.002	0.568	0.053	0.674	0.257	0.000	0.829	0.568	0.305	0.049	0.033	0.020
52.400	0.986	0.747	0.349	0.031	0.001	0.656	0.230	0.000	0.556	0.020	0.681	0.305	0.004	0.569	0.055	0.676	0.257	0.000	0.829	0.568	0.304	0.049	0.033	0.020
52.500	0.988	0.748	0.349	0.033	0.001	0.657	0.233	0.000	0.556	0.022	0.683	0.304	0.003	0.569	0.053	0.674	0.258	0.000	0.829	0.568	0.304	0.050	0.034	0.019
52.600	0.987	0.748	0.348	0.033	0.001	0.657	0.232	0.000	0.556	0.023	0.683	0.303	0.004	0.569	0.056	0.674	0.257	0.000	0.830	0.568	0.307	0.051	0.035	0.020
52.700	0.988	0.747	0.350	0.032	0.001	0.656	0.233	0.000	0.556	0.023	0.681	0.304	0.004	0.569	0.057	0.676	0.257	0.000	0.829	0.568	0.305	0.050	0.034	0.020
52.800	0.987	0.749	0.351	0.031	0.001	0.656	0.233	0.000	0.558	0.022	0.682	0.305	0.004	0.568	0.057	0.675	0.256	0.000	0.829	0.569	0.305	0.050	0.035	0.020
52.900	0.987	0.748	0.350	0.032	0.001	0.659	0.232	0.000	0.556	0.026	0.684	0.305	0.004	0.569	0.058	0.676	0.257	0.000	0.829	0.569	0.306	0.050	0.035	0.020
53.000	0.987	0.747	0.350	0.034	0.002	0.657	0.233	0.000	0.557	0.024	0.684	0.305	0.003	0.569	0.059	0.675	0.258	0.000	0.828	0.569	0.306	0.051	0.036	0.019
53.100	0.986	0.747	0.351	0.033	0.002	0.657	0.233	0.000	0.557	0.024	0.685	0.306	0.004	0.568	0.059	0.676	0.258	0.000	0.828	0.569	0.305	0.051	0.035	0.018
53.200	0.988	0.748	0.349	0.032	0.002	0.657	0.233	0.000	0.557	0.026	0.685	0.307	0.003	0.569	0.060	0.676	0.259	0.000	0.829	0.569	0.307	0.050	0.035	0.020
53.300	0.986	0.748	0.350	0.034	0.002	0.658	0.234	0.000	0.558	0.026	0.683	0.308	0.004	0.570	0.061	0.675	0.259	0.000	0.827	0.569	0.305	0.050	0.037	0.019
53.400	0.987	0.748	0.350	0.034	0.002	0.658	0.235	0.000	0.559	0.027	0.685	0.307	0.003	0.569	0.061	0.675	0.259	0.000	0.829	0.569	0.306	0.052	0.037	0.020
53.500	0.987	0.748	0.350	0.033	0.001	0.657	0.235	0.000	0.558	0.030	0.685	0.307	0.003	0.568	0.062	0.675	0.261	0.000	0.829	0.571	0.306	0.052	0.034	0.021
53.600	0.986	0.748	0.350	0.034	0.001	0.658	0.236	0.000	0.559	0.031	0.685	0.308	0.004	0.569	0.061	0.676	0.260	0.000	0.828	0.571	0.307	0.052	0.036	0.020
53.700	0.986	0.748	0.351	0.032	0.001	0.658	0.235	0.000	0.559	0.031	0.685	0.308	0.003	0.571	0.062	0.677	0.261	0.000	0.829	0.571	0.308	0.051	0.037	0.020
53.800	0.987	0.748	0.350	0.034	0.002	0.660	0.237	0.000	0.559	0.031	0.685	0.310	0.004	0.571	0.063	0.676	0.260	0.000	0.828	0.570	0.307	0.053	0.034	0.020
53.900	0.988	0.747	0.352	0.034	0.001	0.659	0.235	0.000	0.558	0.031	0.685	0.311	0.005	0.569	0.064	0.674	0.261	0.000	0.829	0.569	0.307	0.052	0.036	0.020
54.000	0.988	0.748	0.352	0.033	0.001	0.659	0.237	0.000	0.559	0.033	0.684	0.310	0.002	0.572	0.064	0.678	0.261	0.000	0.831	0.570	0.309	0.053	0.037	0.019
54.100	0.986	0.749	0.352	0.034	0.001	0.659	0.237	0.000	0.559	0.034	0.686	0.313	0.003	0.570	0.064	0.677	0.261	0.000	0.830	0.572	0.308	0.052	0.037	0.020
54.200	0.988	0.748	0.352	0.035	0.001	0.660	0.236	0.000	0.559	0.033	0.686	0.313	0.004	0.572	0.066	0.676	0.262	0.000	0.829	0.571	0.309	0.052	0.037	0.021
54.300	0.986	0.749	0.352	0.034	0.000	0.660	0.237	0.000	0.558	0.034	0.686	0.313	0.003	0.572	0.066	0.677	0.262	0.000	0.830	0.572	0.309	0.052	0.037	0.020
54.400	0.986	0.748	0.353	0.034	0.001	0.659	0.237	0.000	0.559	0.037	0.685	0.311	0.004	0.571	0.067	0.677	0.262	0.000	0.831	0.572	0.307	0.052	0.037	0.020
54.500	0.986	0.749	0.353	0.033	0.002	0.659	0.239	0.000	0.561	0.037	0.686	0.312	0.004	0.572	0.066	0.678	0.262	0.000	0.830	0.573	0.309	0.052	0.037	0.020
54.600	0.986	0.748	0.352	0.035	0.001	0.660	0.238	0.000	0.560	0.038	0.686	0.313	0.003	0.573	0.067	0.676	0.263	0.000	0.830	0.573	0.310	0.052	0.035	0.020
54.700	0.987	0.749	0.354	0.034	0.002	0.660	0.238	0.000	0.561	0.038	0.686	0.313	0.005	0.571	0.068	0.676	0.264	0.000	0.830	0.572	0.309	0.055	0.036	0.020
54.800	0.986	0.749	0.353	0.034	0.002	0.660	0.237	0.000	0.560	0.038	0.686	0.314	0.004	0.572	0.069	0.678	0.265	0.000	0.830	0.573	0.309	0.052	0.037	0.020
54.900	0.987	0.748	0.355	0.032	0.001	0.660	0.240	0.000	0.561	0.038	0.686	0.315	0.004	0.572	0.070	0.678	0.264	0.000	0.830	0.573	0.309	0.053	0.037	0.021
55.000	0.988	0.749	0.353	0.035	0.001	0.659	0.240	0.000	0.562	0.039	0.686	0.316	0.008	0.572	0.068	0.679	0.264	0.000	0.830	0.573	0.311	0.054	0.037	0.020
55.100	0.987	0.749	0.353	0.036	0.001	0.660	0.240	0.000	0.561	0.041	0.687	0.315	0.009	0.574	0.072	0.678	0.264	0.000	0.831	0.574	0.309	0.052	0.037	0.019
55.200	0.986	0.749	0.357	0.036	0.002	0.661	0.240	0.000	0.562	0.041	0.686	0.315	0.009	0.573	0.070	0.678	0.265	0.000	0.830	0.573	0.310	0.054	0.037	0.019
55.300	0.986	0.750	0.354	0.037	0.002	0.660	0.242	0.000	0.562	0.043	0.686	0.314	0.008	0.573	0.073	0.678	0.265	0.001	0.830	0.573	0.309	0.054	0.038	0.020
55.400	0.988	0.751	0.355	0.034	0.001	0.660	0.240	0.000	0.561	0.043	0.686	0.317	0.010	0.573	0.073	0.680	0.267	0.001	0.831	0.574	0.311	0.054	0.037	0.021
55.500	0.986	0.751	0.356	0.036	0.003	0.660	0.241	0.000	0.562	0.044	0.687	0.314	0.011	0.573	0.073	0.677	0.267	0.003	0.830	0.574	0.311	0.052	0.038	0.020
55.600	0.989	0.750	0.356	0.034	0.002	0.660	0.241	0.000	0.561	0.044	0.687	0.316	0.011	0.575	0.073	0.679	0.266	0.001	0.832	0.573	0.311	0.052	0.037	0.021
55.700	0.986	0.750	0.355	0.034	0.002	0.663	0.242	0.000	0.563	0.045	0.687	0.318	0.012	0.572	0.074	0.679	0.265	0.002	0.830	0.573	0.311	0.054	0.037	0.020
55.800	0.987	0.750	0.354	0.034	0.001	0.661	0.242	0.000	0.562	0.045	0.687	0.318	0.012	0.574	0.073	0.678	0.266	0.002	0.830	0.574	0.311	0.053	0.037	0.022
55.900	0.987	0.750	0.354	0.034	0.002	0.660	0.242	0.000	0.562	0.045	0.689	0.318	0.013	0.574	0.074	0.679	0.267	0.004	0.831	0.574	0.311	0.055	0.038	0.020
56.000	0.988	0.750	0.354	0.033	0.001	0.661	0.242	0.000	0.565	0.046	0.689	0.319	0.013	0.575	0.074	0.679	0.266	0.006	0.831	0.575	0.311	0.053	0.037	0.020
56.100	0.986	0.751	0.356	0.034	0.003	0.661	0.241	0.000	0.565	0.047	0.688	0.317	0.013	0.573	0.076	0.681	0.268	0.004	0.830	0.574	0.311	0.055	0.037	0.020
56.200	0.986	0.750	0.356	0.037	0.000	0.661	0.241	0.000	0.564	0.046	0.688	0.318	0.015	0.574	0.076	0.681	0.267	0.007	0.831	0.574	0.311	0.056	0.037	0.021
56.300	0.986	0.750	0.358	0.035	0.002	0.661	0.243	0.000	0.566	0.047	0.689	0.319	0.016	0.574	0.076	0.680	0.268	0.008	0.830	0.575	0.312	0.055	0.038	0.021
56.400	0.987	0.751	0.356	0.034	0.002	0.663	0.242	0.000	0.566	0.047	0.688	0.319	0.016	0.573	0.077	0.679	0.268	0.008	0.830	0.573	0.311	0.054	0.039	0.021
56.500	0.988	0.751	0.356	0.034	0.001	0.660	0.242	0.000	0.563	0.047	0.688	0.320	0.017	0.574	0.077	0.680	0.269	0.007	0.830	0.574	0.311	0.054	0.038	0.020
56.600	0.987	0.751	0.357	0.036	0.004	0.660	0.242	0.000	0.564	0.049	0.689	0.320	0.018	0.575	0.078	0.679	0.269	0.009	0.830	0.575	0.313	0.054	0.037	0.021
56.700	0.986	0.751	0.358	0.034	0.002	0.662	0.243	0.000	0.566	0.050	0.689	0.321	0.017	0.577	0.078	0.679	0.269	0.010	0.830	0.575	0.311	0.053	0.038	0.020
56.800	0.986	0.750	0.356	0.034	0.002	0.663	0.244	0.000	0.566	0.050	0.689	0.321	0.018	0.576	0.078	0.679	0.269	0.010	0.832	0.574	0.311	0.053	0.039	0.020
56.900	0.988	0.750	0.356	0.034	0.002	0.663	0.244	0.000	0.564	0.051	0.689	0.320	0.019	0.576	0.079	0.681	0.269	0.010	0.831	0.577	0.313	0.056	0.038	0.021
57.000	0.987	0.752	0.356	0.034	0.002	0.663	0.245	0.000	0.565	0.052	0.690	0.320	0.018	0.576	0.079	0.681	0.269	0.010	0.831	0.576	0.313	0.053	0.038	0.021
57.100	0.986	0.752	0.359	0.036	0.002	0.663	0.246	0.000	0.565	0.053	0.688	0.323	0.019	0.576	0.080	0.680	0.269	0.011	0.832	0.575	0.313	0.054	0.038	0.021
57.200	0.987	0.752	0.358	0.035	0.002	0.663	0.245	0.000	0.566	0.054	0.690	0.321	0.021	0.576	0.081	0.681	0.271	0.010	0.832	0.576	0.313	0.056	0.037	0.021
57.300	0.987	0.750	0.359	0.035	0.001	0.663	0.246	0.000	0.566	0.052	0.691	0.321	0.020	0.576	0.081	0.680	0.270	0.012	0.830	0.576	0.313	0.056	0.038	0.021
57.400	0.988	0.751	0.358	0.035	0.002	0.664	0.246	0.000	0.566	0.054	0.691	0.323	0.021	0.576	0.081	0.680	0.269	0.013	0.830	0.575	0.312	0.054	0.039	0.020
57.500	0.986	0.752	0.359	0.035	0.003	0.664	0.247	0.000	0.564	0.056	0.690	0.322	0.021	0.576	0.082	0.681	0.271	0.013	0.830	0.575	0.314	0.055	0.038	0.021
57.600	0.988	0.752	0.357	0.036	0.003	0.664	0.246	0.000	0.566	0.056	0.690	0.323	0.023	0.577	0.083	0.678	0.270	0.013	0.832	0.576	0.314	0.056	0.038	0.021
57.700	0.986	0.751	0.359	0.036	0.003	0.663	0.246	0.000	0.566	0.054	0.691	0.322	0.024	0.578	0.082	0.680	0.269	0.014	0.832	0.576	0.314	0.055	0.040	0.021
57.800	0.989	0.753	0.359	0.036	0.001	0.664	0.248	0.000	0.567	0.056	0.691	0.323	0.024	0.576	0.085	0.679	0.271	0.016	0.831	0.578	0.314	0.056	0.040	0.020
57.900	0.989	0.750	0.358	0.035	0.003	0.663	0.246	0.000	0.566	0.056	0.691	0.323	0.024	0.578	0.082	0.681	0.271	0.017	0.832	0.576	0.314	0.056	0.038	0.021
58.000	0.987	0.751	0.359	0.035	0.001	0.664	0.246	0.000	0.568	0.057	0.692	0.324	0.026	0.578	0.085	0.680	0.271	0.016	0.832	0.577	0.315	0.056	0.039	0.021
58.100	0.987	0.753	0.359	0.036	0.002	0.664	0.246	0.000	0.567	0.059	0.690	0.325	0.026	0.578	0.085	0.682	0.271	0.017	0.832	0.577	0.314	0.056	0.038	0.021
58.200	0.989	0.752	0.357	0.036	0.002	0.664	0.247	0.000	0.567	0.058	0.692	0.324	0.027	0.578	0.085	0.682	0.272	0.017	0.833	0.576	0.316	0.056	0.038	0.020
58.300	0.988	0.752	0.359	0.036	0.002	0.664	0.246	0.000	0.568	0.057	0.692	0.325	0.026	0.578	0.086	0.681	0.271	0.017	0.832	0.578	0.313	0.056	0.038	0.020
58.400	0.988	0.752	0.358	0.035	0.002	0.664	0.246	0.000	0.568	0.060	0.691	0.326	0.028	0.576	0.086	0.682	0.273	0.020	0.832	0.575	0.315	0.056	0.039	0.021
58.500	0.989	0.751	0.357	0.037	0.001	0.664	0.247	0.000	0.568	0.060	0.691	0.326	0.028	0.577	0.088	0.682	0.271	0.020	0.832	0.579	0.316	0.056	0.039	0.021
58.600	0.987	0.752	0.358	0.036	0.001	0.664	0.249	0.000	0.568	0.059	0.692	0.326	0.030	0.578	0.088	0.681	0.272	0.020	0.832	0.576	0.314	0.056	0.039	0.021
58.700	0.986	0.752	0.358	0.035	0.002	0.663	0.248	0.000	0.568	0.060	0.692	0.327	0.030	0.579	0.087	0.680	0.273	0.020	0.831	0.578	0.315	0.055	0.039	0.021
58.800	0.986	0.751	0.360	0.037	0.001	0.664	0.249	0.000	0.568	0.062	0.691	0.326	0.031	0.579	0.088	0.682	0.274	0.021	0.831	0.577	0.315	0.056	0.038	0.022
58.900	0.988	0.751	0.359	0.037	0.002	0.663	0.248	0.000	0.566	0.062	0.692	0.327	0.031	0.580	0.088	0.683	0.273	0.021	0.832	0.578	0.317	0.056	0.038	0.021
59.000	0.990	0.753	0.360	0.037	0.002	0.664	0.249	0.000	0.568	0.062	0.692	0.327	0.033	0.579	0.089	0.681	0.273	0.023	0.833	0.577	0.315	0.056	0.038	0.021
59.100	0.988	0.752	0.359	0.037	0.002	0.664	0.249	0.000	0.569	0.062	0.692	0.326	0.032	0.580	0.088	0.683	0.273	0.023	0.831	0.578	0.315	0.057	0.038	0.021
59.200	0.988	0.753	0.360	0.038	0.002	0.667	0.248	0.000	0.568	0.063	0.692	0.329	0.033	0.579	0.089	0.682	0.273	0.024	0.832	0.578	0.315	0.055	0.040	0.022
59.300	0.988	0.754	0.360	0.037	0.002	0.663	0.249	0.000	0.569	0.063	0.692	0.328	0.033	0.579	0.089	0.683	0.273	0.024	0.833	0.577	0.316	0.056	0.039	0.021
59.400	0.988	0.753	0.360	0.037	0.002	0.666	0.251	0.000	0.569	0.063	0.691	0.328	0.034	0.578	0.091	0.682	0.273	0.025	0.832	0.578	0.316	0.056	0.040	0.021
59.500	0.988	0.754	0.361	0.037	0.002	0.666	0.249	0.000	0.569	0.064	0.692	0.330	0.036	0.580	0.091	0.683	0.275	0.025	0.832	0.578	0.318	0.057	0.040	0.021
59.600	0.988	0.753	0.360	0.037	0.003	0.666	0.251	0.000	0.569	0.065	0.691	0.328	0.036	0.580	0.091	0.683	0.274	0.026	0.833	0.578	0.319	0.056	0.040	0.023
59.700	0.986	0.754	0.360	0.037	0.002	0.666	0.251	0.000	0.568	0.065	0.692	0.329	0.037	0.580	0.091	0.682	0.275	0.026	0.833	0.579	0.316	0.056	0.038	0.021
59.800	0.986	0.753	0.359	0.037	0.002	0.664	0.250	0.000	0.569	0.065	0.693	0.331	0.038	0.580	0.092	0.681	0.275	0.028	0.834	0.582	0.318	0.057	0.038	0.022
59.900	0.986	0.753	0.361	0.037	0.001	0.666	0.251	0.000	0.572	0.066	0.692	0.329	0.038	0.580	0.093	0.682	0.275	0.027	0.833	0.579	0.318	0.056	0.038	0.021
60.000	0.989	0.755	0.361	0.037	0.001	0.664	0.251	0.000	0.569	0.068	0.693	0.329	0.038	0.580	0.094	0.683	0.275	0.028	0.833	0.579	0.318	0.057	0.041	0.021
60.100	0.988	0.754	0.362	0.037	0.001	0.668	0.252	0.000	0.569	0.067	0.693	0.331	0.038	0.582	0.093	0.681	0.276	0.028	0.833	0.579	0.317	0.056	0.039	0.021
60.200	0.989	0.755	0.362	0.038	0.001	0.667	0.252	0.000	0.569	0.066	0.692	0.331	0.041	0.582	0.094	0.683	0.276	0.030	0.832	0.580	0.319	0.057	0.040	0.022
60.300	0.988	0.756	0.362	0.039	0.002	0.667	0.252	0.000	0.570	0.068	0.692	0.333	0.041	0.581	0.094	0.682	0.276	0.028	0.833	0.578	0.317	0.056	0.040	0.023
60.400	0.988	0.755	0.362	0.037	0.001	0.667	0.253	0.000	0.569	0.067	0.692	0.331	0.043	0.582	0.095	0.684	0.276	0.031	0.834	0.580	0.318	0.057	0.040	0.021
60.500	0.989	0.756	0.360	0.038	0.002	0.667	0.253	0.000	0.573	0.069	0.693	0.331	0.043	0.582	0.095	0.682	0.277	0.031	0.832	0.579	0.319	0.057	0.041	0.020
60.600	0.989	0.755	0.363	0.036	0.002	0.666	0.253	0.000	0.571	0.069	0.694	0.333	0.042	0.582	0.095	0.683	0.276	0.031	0.833	0.580	0.318	0.057	0.040	0.021
60.700	0.988	0.754	0.362	0.038	0.002	0.666	0.254	0.000	0.570	0.069	0.693	0.333	0.043	0.582	0.096	0.685	0.277	0.032	0.832	0.581	0.319	0.058	0.041	0.022
60.800	0.988	0.755	0.362	0.037	0.002	0.668	0.254	0.000	0.570	0.070	0.693	0.334	0.044	0.582	0.096	0.683	0.278	0.032	0.834	0.581	0.318	0.060	0.041	0.022
60.900	0.987	0.755	0.362	0.037	0.003	0.666	0.255	0.000	0.572	0.071	0.694	0.334	0.046	0.583	0.098	0.684	0.278	0.033	0.834	0.582	0.318	0.057	0.039	0.022
61.000	0.988	0.754	0.362	0.037	0.002	0.666	0.255	0.000	0.571	0.073	0.693	0.334	0.047	0.583	0.098	0.683	0.278	0.033	0.834	0.582	0.318	0.059	0.040	0.023
61.100	0.987	0.755	0.362	0.038	0.003	0.667	0.255	0.000	0.573	0.071	0.693	0.334	0.046	0.582	0.098	0.684	0.278	0.033	0.834	0.580	0.320	0.059	0.040	0.022
61.200	0.988	0.755	0.363	0.038	0.002	0.667	0.255	0.000	0.572	0.073	0.694	0.334	0.047	0.580	0.097	0.685	0.279	0.035	0.832	0.581	0.319	0.058	0.041	0.021
61.300	0.987	0.755	0.362	0.037	0.002	0.667	0.254	0.000	0.572	0.073	0.693	0.335	0.049	0.583	0.100	0.686	0.278	0.034	0.832	0.580	0.318	0.058	0.040	0.020
61.400	0.989	0.754	0.362	0.038	0.002	0.668	0.255	0.000	0.571	0.073	0.692	0.334	0.049	0.584	0.099	0.685	0.279	0.035	0.833	0.582	0.320	0.059	0.041	0.021
61.500	0.989	0.755	0.362	0.038	0.003	0.669	0.255	0.000	0.573	0.073	0.695	0.336	0.050	0.584	0.098	0.688	0.278	0.036	0.833	0.581	0.320	0.059	0.042	0.023
61.600	0.988	0.756	0.362	0.038	0.002	0.668	0.256	0.000	0.569	0.074	0.695	0.337	0.051	0.584	0.099	0.686	0.280	0.035	0.833	0.581	0.320	0.059	0.041	0.021
61.700	0.987	0.754	0.364	0.040	0.002	0.669	0.255	0.000	0.572	0.076	0.695	0.337	0.050	0.585	0.101	0.685	0.278	0.035	0.833	0.580	0.320	0.059	0.042	0.021
61.800	0.986	0.754	0.364	0.038	0.001	0.669	0.257	0.000	0.571	0.074	0.695	0.337	0.051	0.584	0.103	0.686	0.280	0.037	0.834	0.582	0.320	0.061	0.040	0.021
61.900	0.988	0.755	0.363	0.038	0.002	0.669	0.255	0.000	0.573	0.076	0.693	0.336	0.053	0.584	0.099	0.686	0.280	0.038	0.833	0.582	0.320	0.059	0.041	0.023
62.000	0.987	0.755	0.365	0.039	0.002	0.670	0.256	0.000	0.572	0.076	0.695	0.337	0.053	0.583	0.102	0.685	0.280	0.037	0.833	0.582	0.320	0.059	0.041	0.023
62.100	0.988	0.756	0.362	0.038	0.003	0.668	0.256	0.000	0.572	0.077	0.695	0.337	0.053	0.584	0.101	0.687	0.280	0.038	0.833	0.584	0.321	0.059	0.042	0.023
62.200	0.988	0.755	0.363	0.038	0.002	0.668	0.257	0.000	0.573	0.078	0.694	0.337	0.053	0.584	0.102	0.685	0.280	0.039	0.834	0.584	0.319	0.059	0.041	0.022
62.300	0.988	0.755	0.364	0.038	0.002	0.669	0.258	0.000	0.574	0.078	0.695	0.338	0.055	0.585	0.105	0.686	0.281	0.038	0.834	0.584	0.319	0.057	0.042	0.022
62.400	0.988	0.755	0.363	0.038	0.004	0.669	0.258	0.000	0.574	0.078	0.695	0.337	0.055	0.584	0.102	0.686	0.282	0.038	0.836	0.584	0.321	0.060	0.041	0.021
62.500	0.986	0.755	0.363	0.037	0.002	0.667	0.258	0.000	0.573	0.078	0.695	0.340	0.056	0.584	0.105	0.686	0.281	0.039	0.836	0.582	0.321	0.058	0.041	0.023
62.600	0.988	0.755	0.362	0.037	0.002	0.669	0.258	0.000	0.572	0.078	0.694	0.338	0.056	0.584	0.104	0.684	0.282	0.042	0.834	0.582	0.321	0.059	0.042	0.023
62.700	0.988	0.755	0.364	0.038	0.003	0.669	0.258	0.000	0.573	0.079	0.698	0.339	0.057	0.587	0.104	0.686	0.282	0.040	0.835	0.584	0.323	0.060	0.041	0.023
62.800	0.989	0.755	0.365	0.037	0.003	0.669	0.259	0.000	0.575	0.079	0.696	0.338	0.058	0.585	0.107	0.685	0.282	0.042	0.834	0.581	0.320	0.059	0.042	0.023
62.900	0.988	0.755	0.365	0.038	0.004	0.669	0.258	0.000	0.575	0.080	0.696	0.340	0.058	0.584	0.106	0.686	0.282	0.041	0.833	0.584	0.321	0.060	0.041	0.023
63.000	0.987	0.755	0.365	0.038	0.004	0.670	0.258	0.000	0.573	0.079	0.698	0.339	0.059	0.584	0.105	0.685	0.283	0.042	0.834	0.584	0.321	0.060	0.043	0.023
63.100	0.988	0.755	0.364	0.038	0.002	0.669	0.258	0.000	0.575	0.081	0.696	0.340	0.060	0.584	0.105	0.686	0.282	0.043	0.836	0.582	0.320	0.059	0.042	0.022
63.200	0.988	0.756	0.365	0.038	0.002	0.670	0.256	0.000	0.575	0.081	0.696	0.342	0.060	0.585	0.105	0.687	0.281	0.042	0.833	0.582	0.321	0.059	0.043	0.023
63.300	0.988	0.757	0.365	0.037	0.004	0.671	0.259	0.000	0.574	0.082	0.697	0.342	0.062	0.585	0.106	0.687	0.282	0.043	0.834	0.582	0.323	0.059	0.040	0.023
63.400	0.988	0.757	0.366	0.038	0.002	0.670	0.259	0.000	0.575	0.082	0.697	0.340	0.062	0.585	0.108	0.686	0.282	0.043	0.836	0.584	0.323	0.060	0.042	0.023
63.500	0.988	0.756	0.366	0.038	0.002	0.670	0.259	0.000	0.575	0.081	0.696	0.342	0.062	0.585	0.107	0.688	0.282	0.042	0.834	0.582	0.323	0.060	0.042	0.023
63.600	0.988	0.756	0.367	0.037	0.003	0.671	0.260	0.000	0.574	0.081	0.696	0.342	0.063	0.587	0.107	0.686	0.282	0.043	0.835	0.584	0.321	0.060	0.043	0.023
63.700	0.987	0.757	0.368	0.039	0.003	0.669	0.259	0.000	0.575	0.083	0.697	0.340	0.063	0.587	0.109	0.686	0.283	0.046	0.835	0.585	0.323	0.059	0.042	0.023
63.800	0.987	0.757	0.367	0.038	0.003	0.670	0.260	0.000	0.575	0.082	0.696	0.342	0.065	0.585	0.110	0.688	0.284	0.046	0.836	0.584	0.323	0.060	0.043	0.023
63.900	0.989	0.756	0.366	0.039	0.002	0.670	0.259	0.000	0.575	0.085	0.698	0.341	0.066	0.586	0.110	0.686	0.284	0.046	0.833	0.585	0.321	0.061	0.042	0.024
64.000	0.987	0.755	0.367	0.038	0.002	0.671	0.261	0.000	0.575	0.083	0.698	0.343	0.067	0.587	0.108	0.687	0.283	0.046	0.836	0.585	0.323	0.060	0.040	0.023
64.100	0.988	0.757	0.366	0.038	0.003	0.672	0.261	0.000	0.576	0.085	0.697	0.343	0.067	0.587	0.109	0.686	0.284	0.046	0.836	0.584	0.323	0.060	0.043	0.023
64.200	0.988	0.757	0.367	0.040	0.005	0.670	0.261	0.000	0.576	0.083	0.697	0.343	0.065	0.587	0.109	0.688	0.284	0.048	0.835	0.585	0.323	0.060	0.042	0.023
64.300	0.988	0.758	0.368	0.041	0.002	0.670	0.261	0.000	0.576	0.085	0.697	0.343	0.067	0.587	0.111	0.685	0.284	0.047	0.836	0.582	0.323	0.060	0.042	0.023
64.400	0.988	0.756	0.367	0.040	0.002	0.671	0.262	0.000	0.575	0.086	0.696	0.343	0.068	0.587	0.110	0.688	0.284	0.049	0.836	0.584	0.324	0.060	0.042	0.022
64.500	0.989	0.757	0.368	0.041	0.003	0.673	0.261	0.000	0.578	0.085	0.698	0.343	0.069	0.587	0.111	0.688	0.285	0.049	0.836	0.585	0.323	0.060	0.041	0.021
64.600	0.986	0.758	0.369	0.042	0.003	0.672	0.261	0.000	0.576	0.088	0.697	0.345	0.069	0.587	0.111	0.687	0.285	0.047	0.834	0.584	0.324	0.060	0.043	0.023
64.700	0.988	0.756	0.368	0.042	0.004	0.673	0.261	0.000	0.576	0.088	0.697	0.344	0.069	0.587	0.112	0.688	0.284	0.048	0.836	0.584	0.323	0.061	0.042	0.023
64.800	0.988	0.756	0.368	0.041	0.004	0.673	0.262	0.000	0.576	0.087	0.698	0.345	0.069	0.588	0.112	0.687	0.286	0.048	0.835	0.584	0.323	0.060	0.043	0.023
64.900	0.988	0.757	0.369	0.042	0.001	0.672	0.263	0.000	0.576	0.087	0.699	0.345	0.069	0.587	0.111	0.687	0.285	0.049	0.835	0.585	0.324	0.060	0.041	0.022
65.000	0.986	0.756	0.369	0.041	0.004	0.673	0.262	0.000	0.578	0.088	0.698	0.346	0.071	0.587	0.112	0.688	0.285	0.050	0.836	0.585	0.325	0.061	0.043	0.023
65.100	0.988	0.757	0.369	0.040	0.002	0.673	0.262	0.000	0.578	0.089	0.697	0.344	0.073	0.588	0.113	0.686	0.284	0.051	0.835	0.585	0.323	0.061	0.042	0.023
65.200	0.988	0.756	0.369	0.042	0.004	0.673	0.263	0.000	0.578	0.089	0.698	0.347	0.071	0.587	0.113	0.687	0.284	0.051	0.835	0.584	0.323	0.062	0.042	0.023
65.300	0.990	0.757	0.369	0.040	0.003	0.671	0.263	0.000	0.577	0.088	0.697	0.347	0.073	0.587	0.114	0.688	0.285	0.051	0.837	0.585	0.324	0.059	0.043	0.023
65.400	0.988	0.755	0.369	0.040	0.003	0.672	0.262	0.000	0.578	0.091	0.698	0.348	0.073	0.588	0.113	0.688	0.285	0.052	0.835	0.585	0.325	0.059	0.045	0.022
65.500	0.988	0.758	0.370	0.040	0.004	0.673	0.264	0.001	0.578	0.092	0.698	0.346	0.074	0.588	0.114	0.687	0.286	0.050	0.835	0.584	0.325	0.061	0.043	0.023
65.600	0.988	0.758	0.370	0.042	0.004	0.673	0.264	0.000	0.578	0.092	0.699	0.345	0.074	0.589	0.115	0.688	0.285	0.052	0.834	0.585	0.326	0.060	0.043	0.023
65.700	0.990	0.758	0.372	0.041	0.003	0.672	0.263	0.000	0.578	0.093	0.698	0.347	0.075	0.589	0.114	0.686	0.286	0.052	0.836	0.587	0.324	0.059	0.043	0.021
65.800	0.988	0.758	0.369	0.040	0.002	0.673	0.265	0.000	0.579	0.092	0.697	0.347	0.075	0.588	0.114	0.687	0.288	0.054	0.835	0.585	0.325	0.061	0.042	0.023
65.900	0.988	0.758	0.371	0.041	0.003	0.673	0.264	0.002	0.579	0.093	0.699	0.350	0.077	0.588	0.114	0.687	0.288	0.053	0.837	0.586	0.324	0.061	0.043	0.023
66.000	0.988	0.757	0.369	0.042	0.003	0.673	0.264	0.002	0.578	0.093	0.698	0.348	0.076	0.588	0.115	0.688	0.285	0.052	0.837	0.585	0.326	0.060	0.042	0.024
66.100	0.986	0.758	0.371	0.041	0.004	0.673	0.266	0.002	0.580	0.093	0.698	0.348	0.076	0.588	0.115	0.688	0.287	0.053	0.836	0.587	0.326	0.061	0.043	0.022
66.200	0.988	0.758	0.369	0.042	0.003	0.672	0.265	0.003	0.579	0.093	0.698	0.349	0.077	0.589	0.115	0.688	0.287	0.055	0.836	0.585	0.324	0.062	0.043	0.021
66.300	0.988	0.759	0.371	0.042	0.002	0.673	0.266	0.004	0.580	0.092	0.699	0.349	0.078	0.589	0.117	0.689	0.287	0.055	0.836	0.585	0.324	0.060	0.043	0.022
66.400	0.986	0.758	0.370	0.042	0.002	0.673	0.265	0.004	0.579	0.094	0.699	0.349	0.079	0.589	0.118	0.690	0.287	0.054	0.836	0.587	0.324	0.060	0.046	0.022
66.500	0.986	0.758	0.370	0.041	0.004	0.673	0.266	0.003	0.579	0.095	0.700	0.349	0.079	0.590	0.117	0.689	0.288	0.055	0.837	0.587	0.326	0.061	0.043	0.022
66.600	0.987	0.757	0.370	0.042	0.002	0.674	0.265	0.004	0.579	0.095	0.701	0.348	0.079	0.588	0.118	0.688	0.288	0.055	0.835	0.586	0.324	0.060	0.045	0.023
66.700	0.988	0.756	0.373	0.042	0.003	0.673	0.264	0.005	0.579	0.096	0.700	0.349	0.080	0.589	0.117	0.689	0.289	0.055	0.836	0.587	0.325	0.062	0.044	0.022
66.800	0.988	0.758	0.369	0.043	0.002	0.673	0.266	0.005	0.579	0.095	0.700	0.350	0.082	0.589	0.118	0.690	0.288	0.056	0.836	0.588	0.326	0.060	0.043	0.023
66.900	0.989	0.758	0.370	0.043	0.004	0.672	0.265	0.005	0.579	0.095	0.699	0.352	0.081	0.590	0.119	0.689	0.288	0.056	0.836	0.587	0.325	0.060	0.044	0.023
67.000	0.988	0.758	0.370	0.042	0.004	0.673	0.266	0.005	0.579	0.096	0.700	0.352	0.081	0.591	0.119	0.689	0.288	0.057	0.836	0.587	0.326	0.060	0.043	0.022
67.100	0.987	0.757	0.370	0.043	0.003	0.673	0.266	0.005	0.579	0.096	0.700	0.352	0.082	0.589	0.120	0.688	0.288	0.056	0.836	0.588	0.325	0.060	0.043	0.023
67.200	0.989	0.758	0.373	0.043	0.005	0.674	0.268	0.006	0.580	0.098	0.701	0.352	0.083	0.591	0.119	0.692	0.287	0.057	0.835	0.587	0.326	0.061	0.044	0.023
67.300	0.989	0.757	0.370	0.042	0.002	0.673	0.266	0.007	0.580	0.097	0.702	0.353	0.083	0.591	0.120	0.691	0.288	0.057	0.838	0.588	0.326	0.062	0.043	0.022
67.400	0.988	0.758	0.372	0.042	0.002	0.673	0.266	0.007	0.579	0.097	0.699	0.352	0.082	0.590	0.119	0.689	0.288	0.057	0.837	0.588	0.326	0.062	0.043	0.024
67.500	0.987	0.759	0.372	0.042	0.002	0.674	0.266	0.009	0.580	0.097	0.703	0.353	0.084	0.592	0.122	0.691	0.288	0.058	0.835	0.587	0.326	0.063	0.045	0.023
67.600	0.988	0.758	0.372	0.042	0.003	0.674	0.267	0.009	0.580	0.098	0.701	0.350	0.086	0.591	0.120	0.690	0.288	0.056	0.838	0.587	0.326	0.062	0.043	0.023
67.700	0.988	0.759	0.371	0.043	0.002	0.674	0.267	0.009	0.580	0.098	0.702	0.353	0.085	0.590	0.121	0.690	0.289	0.058	0.837	0.588	0.326	0.060	0.043	0.024
67.800	0.989	0.759	0.373	0.042	0.003	0.675	0.266	0.009	0.581	0.098	0.702	0.353	0.086	0.588	0.121	0.689	0.290	0.059	0.837	0.588	0.326	0.060	0.044	0.023
67.900	0.988	0.758	0.371	0.043	0.002	0.674	0.268	0.010	0.581	0.098	0.702	0.353	0.085	0.590	0.122	0.690	0.289	0.059	0.836	0.587	0.327	0.064	0.044	0.024
68.000	0.988	0.758	0.373	0.042	0.002	0.674	0.268	0.011	0.580	0.099	0.700	0.353	0.086	0.590	0.121	0.690	0.289	0.060	0.837	0.588	0.327	0.062	0.044	0.023
68.100	0.990	0.758	0.373	0.042	0.003	0.674	0.268	0.011	0.581	0.099	0.700	0.352	0.087	0.590	0.122	0.690	0.290	0.059	0.837	0.588	0.326	0.062	0.044	0.022
68.200	0.988	0.759	0.373	0.042	0.003	0.674	0.266	0.011	0.582	0.100	0.702	0.352	0.088	0.591	0.125	0.690	0.291	0.060	0.837	0.588	0.328	0.061	0.045	0.024
68.300	0.989	0.758	0.372	0.042	0.002	0.674	0.268	0.014	0.581	0.101	0.701	0.356	0.089	0.592	0.124	0.689	0.291	0.060	0.837	0.588	0.326	0.063	0.044	0.023
68.400	0.988	0.760	0.374	0.042	0.004	0.674	0.269	0.013	0.582	0.101	0.703	0.356	0.089	0.591	0.122	0.690	0.291	0.060	0.837	0.587	0.326	0.062	0.044	0.024
68.500	0.990	0.758	0.373	0.042	0.002	0.673	0.267	0.013	0.581	0.101	0.702	0.354	0.089	0.592	0.123	0.690	0.291	0.062	0.837	0.588	0.327	0.063	0.045	0.023
68.600	0.987	0.758	0.373	0.042	0.005	0.673	0.267	0.014	0.581	0.101	0.702	0.354	0.089	0.592	0.124	0.692	0.291	0.062	0.837	0.588	0.327	0.062	0.045	0.023
68.700	0.987	0.760	0.373	0.043	0.002	0.673	0.268	0.016	0.580	0.103	0.702	0.356	0.089	0.591	0.125	0.690	0.291	0.062	0.837	0.588	0.328	0.064	0.045	0.023
68.800	0.988	0.760	0.373	0.043	0.004	0.676	0.268	0.017	0.581	0.102	0.702	0.356	0.090	0.591	0.125	0.690	0.292	0.062	0.836	0.588	0.326	0.064	0.044	0.024
68.900	0.988	0.759	0.373	0.043	0.002	0.674	0.269	0.016	0.581	0.103	0.703	0.356	0.091	0.591	0.125	0.690	0.292	0.062	0.837	0.588	0.329	0.063	0.045	0.024
69.000	0.986	0.760	0.373	0.042	0.003	0.674	0.268	0.017	0.581	0.103	0.702	0.357	0.090	0.592	0.125	0.693	0.291	0.064	0.836	0.588	0.328	0.063	0.045	0.023
69.100	0.988	0.758	0.373	0.043	0.003	0.675	0.269	0.017	0.582	0.103	0.702	0.358	0.092	0.592	0.126	0.691	0.291	0.064	0.839	0.588	0.327	0.064	0.046	0.023
69.200	0.988	0.760	0.373	0.042	0.001	0.675	0.269	0.017	0.582	0.104	0.702	0.356	0.092	0.592	0.126	0.691	0.291	0.064	0.837	0.588	0.328	0.062	0.045	0.024
69.300	0.988	0.759	0.373	0.043	0.002	0.674	0.270	0.017	0.582	0.105	0.702	0.357	0.093	0.593	0.125	0.690	0.292	0.063	0.836	0.589	0.329	0.062	0.045	0.023
69.400	0.989	0.759	0.374	0.043	0.003	0.675	0.269	0.020	0.582	0.104	0.703	0.356	0.093	0.594	0.125	0.690	0.292	0.066	0.836	0.588	0.328	0.063	0.045	0.023
69.500	0.987	0.758	0.373	0.045	0.002	0.675	0.270	0.020	0.582	0.105	0.703	0.356	0.094	0.594	0.127	0.690	0.292	0.064	0.836	0.589	0.326	0.062	0.044	0.023
69.600	0.988	0.760	0.374	0.042	0.004	0.676	0.270	0.019	0.582	0.105	0.702	0.356	0.094	0.592	0.128	0.691	0.292	0.066	0.835	0.590	0.327	0.062	0.044	0.023
69.700	0.989	0.758	0.374	0.044	0.003	0.674	0.270	0.021	0.583	0.105	0.703	0.357	0.095	0.593	0.127	0.693	0.292	0.066	0.837	0.588	0.328	0.064	0.043	0.023
69.800	0.988	0.759	0.372	0.043	0.002	0.676	0.272	0.020	0.582	0.107	0.703	0.359	0.095	0.594	0.127	0.693	0.293	0.066	0.836	0.591	0.328	0.062	0.046	0.023
69.900	0.988	0.759	0.374	0.044	0.002	0.676	0.271	0.021	0.582	0.107	0.703	0.357	0.094	0.594	0.128	0.693	0.293	0.067	0.836	0.590	0.328	0.063	0.045	0.023
70.000	0.990	0.758	0.374	0.043	0.002	0.676	0.271	0.022	0.581	0.107	0.703	0.357	0.096	0.594	0.128	0.693	0.293	0.067	0.836	0.588	0.328	0.062	0.045	0.023
70.100	0.990	0.758	0.374	0.043	0.003	0.676	0.273	0.020	0.582	0.108	0.703	0.359	0.096	0.592	0.129	0.691	0.292	0.067	0.837	0.589	0.329	0.064	0.043	0.023
70.200	0.988	0.759	0.373	0.045	0.003	0.676	0.272	0.021	0.584	0.107	0.705	0.358	0.096	0.594	0.129	0.693	0.293	0.068	0.837	0.591	0.328	0.064	0.045	0.023
70.300	0.988	0.760	0.374	0.043	0.004	0.676	0.271	0.022	0.584	0.108	0.704	0.359	0.096	0.594	0.130	0.693	0.293	0.067	0.837	0.588	0.329	0.064	0.045	0.024
70.400	0.988	0.760	0.374	0.043	0.002	0.676	0.273	0.021	0.582	0.109	0.706	0.359	0.098	0.594	0.129	0.693	0.294	0.067	0.836	0.590	0.330	0.065	0.044	0.022
70.500	0.988	0.759	0.376	0.045	0.004	0.678	0.273	0.021	0.584	0.108	0.704	0.359	0.098	0.594	0.129	0.693	0.294	0.069	0.838	0.590	0.328	0.064	0.045	0.024
70.600	0.989	0.758	0.375	0.045	0.004	0.676	0.273	0.023	0.583	0.110	0.704	0.358	0.099	0.593	0.129	0.694	0.294	0.070	0.836	0.591	0.330	0.065	0.045	0.022
70.700	0.986	0.760	0.374	0.044	0.003	0.678	0.273	0.024	0.583	0.109	0.705	0.360	0.099	0.594	0.129	0.693	0.294	0.069	0.838	0.591	0.328	0.062	0.045	0.024
70.800	0.988	0.759	0.374	0.044	0.003	0.678	0.273	0.023	0.584	0.108	0.704	0.359	0.100	0.594	0.131	0.693	0.294	0.069	0.837	0.591	0.329	0.064	0.046	0.024
70.900	0.988	0.758	0.374	0.044	0.004	0.678	0.272	0.024	0.584	0.110	0.703	0.359	0.100	0.594	0.131	0.692	0.294	0.069	0.836	0.592	0.329	0.064	0.045	0.023
71.000	0.989	0.759	0.375	0.046	0.001	0.676	0.273	0.025	0.585	0.110	0.703	0.360	0.101	0.595	0.130	0.693	0.295	0.069	0.837	0.591	0.329	0.064	0.045	0.023
71.100	0.988	0.760	0.373	0.045	0.001	0.676	0.274	0.024	0.584	0.110	0.703	0.361	0.102	0.595	0.131	0.695	0.293	0.069	0.836	0.591	0.328	0.064	0.045	0.023
71.200	0.989	0.760	0.375	0.046	0.004	0.677	0.273	0.026	0.584	0.112	0.705	0.361	0.102	0.593	0.131	0.693	0.294	0.070	0.838	0.592	0.329	0.065	0.045	0.023
71.300	0.988	0.760	0.375	0.045	0.004	0.676	0.275	0.026	0.584	0.112	0.703	0.362	0.103	0.594	0.131	0.693	0.294	0.070	0.837	0.591	0.330	0.064	0.046	0.023
71.400	0.988	0.760	0.374	0.043	0.004	0.678	0.275	0.026	0.584	0.114	0.704	0.360	0.102	0.594	0.131	0.693	0.295	0.072	0.837	0.591	0.331	0.063	0.043	0.024
71.500	0.987	0.760	0.376	0.044	0.003	0.676	0.275	0.026	0.585	0.112	0.705	0.361	0.104	0.594	0.131	0.693	0.295	0.070	0.837	0.592	0.330	0.063	0.045	0.024
71.600	0.988	0.762	0.375	0.044	0.004	0.677	0.276	0.028	0.584	0.115	0.705	0.362	0.103	0.594	0.132	0.695	0.296	0.070	0.839	0.591	0.330	0.065	0.045	0.024
71.700	0.988	0.760	0.376	0.042	0.002	0.677	0.275	0.028	0.584	0.114	0.704	0.361	0.104	0.594	0.132	0.693	0.295	0.070	0.838	0.592	0.328	0.064	0.045	0.023
71.800	0.988	0.763	0.376	0.044	0.002	0.677	0.275	0.029	0.584	0.114	0.706	0.362	0.106	0.595	0.131	0.694	0.295	0.072	0.839	0.591	0.331	0.063	0.047	0.024
71.900	0.988	0.759	0.376	0.043	0.003	0.678	0.275	0.029	0.584	0.113	0.706	0.362	0.104	0.595	0.134	0.694	0.296	0.071	0.837	0.591	0.331	0.065	0.046	0.024
72.000	0.990	0.759	0.374	0.046	0.003	0.679	0.275	0.029	0.584	0.115	0.704	0.362	0.104	0.593	0.134	0.694	0.295	0.072	0.836	0.592	0.332	0.065	0.047	0.024
72.100	0.989	0.760	0.378	0.043	0.002	0.677	0.275	0.030	0.584	0.117	0.705	0.362	0.107	0.594	0.133	0.693	0.295	0.072	0.837	0.590	0.332	0.064	0.045	0.023
72.200	0.988	0.762	0.378	0.044	0.003	0.678	0.276	0.031	0.585	0.114	0.705	0.364	0.107	0.595	0.132	0.695	0.295	0.071	0.837	0.592	0.332	0.065	0.046	0.023
72.300	0.987	0.760	0.375	0.045	0.002	0.678	0.276	0.031	0.586	0.115	0.705	0.362	0.106	0.595	0.132	0.694	0.296	0.073	0.837	0.591	0.330	0.064	0.044	0.023
72.400	0.988	0.764	0.376	0.044	0.004	0.678	0.275	0.031	0.584	0.117	0.705	0.364	0.108	0.595	0.134	0.695	0.295	0.074	0.837	0.592	0.331	0.063	0.047	0.023
72.500	0.988	0.759	0.376	0.042	0.002	0.678	0.275	0.030	0.584	0.117	0.705	0.362	0.108	0.595	0.133	0.692	0.295	0.074	0.837	0.591	0.331	0.066	0.047	0.024
72.600	0.989	0.760	0.375	0.045	0.003	0.678	0.276	0.031	0.585	0.117	0.705	0.363	0.108	0.595	0.134	0.695	0.297	0.072	0.838	0.593	0.332	0.066	0.045	0.025
72.700	0.988	0.761	0.374	0.045	0.004	0.678	0.276	0.033	0.583	0.117	0.705	0.364	0.108	0.596	0.136	0.695	0.297	0.075	0.839	0.591	0.331	0.065	0.047	0.024
72.800	0.988	0.762	0.376	0.043	0.003	0.678	0.275	0.030	0.586	0.119	0.705	0.362	0.109	0.595	0.134	0.694	0.295	0.074	0.837	0.593	0.333	0.065	0.045	0.024
72.900	0.988	0.760	0.376	0.044	0.002	0.679	0.277	0.032	0.585	0.119	0.703	0.364	0.109	0.595	0.138	0.695	0.296	0.074	0.839	0.593	0.333	0.065	0.045	0.024
73.000	0.988	0.760	0.375	0.045	0.004	0.679	0.276	0.032	0.585	0.119	0.706	0.364	0.110	0.596	0.136	0.695	0.297	0.074	0.838	0.593	0.331	0.066	0.046	0.024
73.100	0.990	0.762	0.376	0.044	0.002	0.679	0.277	0.034	0.586	0.119	0.707	0.364	0.110	0.596	0.138	0.695	0.296	0.076	0.837	0.592	0.333	0.065	0.047	0.024
73.200	0.988	0.761	0.378	0.044	0.004	0.679	0.276	0.033	0.586	0.119	0.706	0.364	0.111	0.595	0.136	0.694	0.297	0.076	0.837	0.591	0.328	0.066	0.047	0.025
73.300	0.990	0.760	0.376	0.043	0.004	0.679	0.276	0.034	0.586	0.118	0.707	0.364	0.110	0.595	0.136	0.694	0.297	0.075	0.838	0.593	0.333	0.065	0.045	0.024
73.400	0.989	0.761	0.376	0.045	0.002	0.680	0.277	0.034	0.586	0.120	0.707	0.364	0.111	0.595	0.136	0.694	0.297	0.076	0.837	0.592	0.333	0.064	0.046	0.024
73.500	0.989	0.762	0.376	0.046	0.004	0.678	0.278	0.036	0.587	0.119	0.705	0.364	0.112	0.597	0.138	0.693	0.297	0.076	0.837	0.591	0.333	0.064	0.046	0.024
73.600	0.989	0.760	0.376	0.045	0.002	0.678	0.276	0.034	0.584	0.121	0.707	0.365	0.112	0.596	0.138	0.695	0.296	0.077	0.837	0.593	0.333	0.064	0.047	0.024
73.700	0.989	0.760	0.376	0.045	0.002	0.679	0.277	0.037	0.587	0.120	0.706	0.363	0.113	0.595	0.138	0.694	0.297	0.077	0.837	0.592	0.332	0.066	0.045	0.024
73.800	0.988	0.762	0.376	0.047	0.005	0.679	0.279	0.037	0.587	0.120	0.707	0.364	0.112	0.597	0.139	0.695	0.297	0.076	0.840	0.593	0.333	0.065	0.045	0.024
73.900	0.986	0.761	0.378	0.046	0.004	0.679	0.277	0.037	0.587	0.122	0.707	0.366	0.114	0.597	0.138	0.695	0.297	0.077	0.838	0.594	0.333	0.065	0.046	0.024
74.000	0.987	0.762	0.378	0.045	0.004	0.679	0.277	0.038	0.588	0.122	0.708	0.367	0.114	0.597	0.138	0.695	0.298	0.077	0.837	0.593	0.329	0.066	0.047	0.024
74.100	0.989	0.761	0.376	0.045	0.005	0.678	0.276	0.040	0.587	0.122	0.706	0.366	0.114	0.597	0.139	0.695	0.297	0.077	0.838	0.592	0.332	0.066	0.045	0.024
74.200	0.986	0.761	0.376	0.043	0.004	0.680	0.278	0.039	0.587	0.122	0.708	0.366	0.115	0.595	0.139	0.696	0.298	0.076	0.839	0.591	0.333	0.066	0.047	0.024
74.300	0.988	0.761	0.378	0.044	0.006	0.679	0.278	0.039	0.587	0.122	0.707	0.366	0.116	0.595	0.140	0.695	0.299	0.077	0.838	0.593	0.331	0.066	0.047	0.024
74.400	0.986	0.763	0.378	0.045	0.007	0.679	0.278	0.039	0.586	0.122	0.707	0.367	0.115	0.597	0.139	0.696	0.298	0.077	0.839	0.592	0.334	0.065	0.047	0.023
74.500	0.988	0.761	0.378	0.046	0.006	0.679	0.280	0.039	0.587	0.122	0.707	0.366	0.115	0.597	0.141	0.693	0.298	0.077	0.838	0.593	0.333	0.066	0.047	0.024
74.600	0.988	0.761	0.379	0.044	0.005	0.680	0.279	0.039	0.587	0.123	0.707	0.367	0.115	0.597	0.141	0.696	0.298	0.078	0.839	0.593	0.330	0.065	0.047	0.023
74.700	0.989	0.762	0.378	0.045	0.005	0.679	0.279	0.040	0.588	0.123	0.707	0.367	0.117	0.598	0.141	0.695	0.298	0.079	0.839	0.592	0.334	0.066	0.046	0.023
74.800	0.988	0.763	0.378	0.046	0.007	0.680	0.278	0.042	0.589	0.122	0.707	0.367	0.118	0.597	0.140	0.695	0.298	0.080	0.838	0.595	0.333	0.066	0.047	0.024
74.900	0.987	0.763	0.379	0.047	0.006	0.680	0.278	0.042	0.588	0.124	0.709	0.366	0.118	0.598	0.141	0.695	0.297	0.079	0.839	0.594	0.328	0.066	0.047	0.023
75.000	0.988	0.761	0.379	0.044	0.006	0.680	0.280	0.042	0.587	0.124	0.708	0.368	0.118	0.597	0.140	0.695	0.299	0.081	0.838	0.594	0.335	0.066	0.047	0.024
75.100	0.988	0.763	0.380	0.046	0.005	0.679	0.279	0.041	0.589	0.124	0.707	0.368	0.118	0.597	0.142	0.696	0.299	0.080	0.837	0.595	0.334	0.066	0.046	0.023
75.200	0.988	0.760	0.379	0.047	0.007	0.679	0.281	0.043	0.588	0.125	0.708	0.369	0.119	0.596	0.142	0.696	0.300	0.079	0.839	0.592	0.331	0.066	0.048	0.024
75.300	0.990	0.761	0.378	0.045	0.006	0.679	0.280	0.043	0.588	0.124	0.707	0.369	0.121	0.596	0.141	0.696	0.298	0.080	0.839	0.593	0.335	0.065	0.048	0.024
75.400	0.989	0.763	0.379	0.046	0.005	0.680	0.282	0.045	0.588	0.126	0.707	0.369	0.119	0.598	0.144	0.696	0.298	0.079	0.839	0.592	0.335	0.066	0.047	0.024
75.500	0.989	0.764	0.378	0.047	0.005	0.680	0.280	0.044	0.588	0.128	0.709	0.369	0.121	0.598	0.141	0.695	0.300	0.082	0.839	0.593	0.332	0.066	0.049	0.024
75.600	0.987	0.763	0.379	0.045	0.005	0.679	0.279	0.044	0.588	0.125	0.709	0.369	0.121	0.597	0.143	0.694	0.299	0.082	0.842	0.594	0.335	0.066	0.049	0.024
75.700	0.988	0.761	0.379	0.046	0.005	0.679	0.280	0.045	0.589	0.127	0.708	0.370	0.122	0.598	0.142	0.696	0.300	0.082	0.839	0.592	0.334	0.067	0.047	0.023
75.800	0.990	0.763	0.379	0.047	0.005	0.680	0.281	0.046	0.590	0.128	0.709	0.370	0.121	0.598	0.143	0.696	0.300	0.081	0.839	0.594	0.333	0.066	0.046	0.025
75.900	0.989	0.760	0.379	0.048	0.005	0.679	0.281	0.046	0.590	0.128	0.708	0.369	0.122	0.598	0.143	0.696	0.300	0.081	0.839	0.594	0.334	0.067	0.047	0.023
76.000	0.988	0.764	0.380	0.047	0.005	0.680	0.279	0.045	0.590	0.128	0.707	0.368	0.123	0.598	0.142	0.697	0.300	0.083	0.839	0.594	0.332	0.067	0.047	0.023
76.100	0.987	0.762	0.379	0.045	0.005	0.681	0.281	0.047	0.589	0.128	0.708	0.369	0.121	0.598	0.143	0.695	0.300	0.082	0.839	0.595	0.336	0.067	0.046	0.024
76.200	0.986	0.760	0.381	0.047	0.005	0.681	0.281	0.047	0.589	0.129	0.707	0.369	0.124	0.597	0.145	0.697	0.301	0.083	0.839	0.594	0.333	0.066	0.048	0.024
76.300	0.987	0.761	0.380	0.046	0.008	0.682	0.281	0.047	0.590	0.130	0.708	0.370	0.127	0.598	0.146	0.698	0.301	0.083	0.839	0.595	0.333	0.066	0.048	0.023
76.400	0.990	0.760	0.379	0.045	0.005	0.680	0.282	0.048	0.590	0.129	0.709	0.371	0.125	0.598	0.144	0.696	0.302	0.086	0.840	0.594	0.334	0.065	0.047	0.024
76.500	0.988	0.762	0.381	0.045	0.006	0.681	0.282	0.048	0.590	0.131	0.708	0.370	0.124	0.597	0.144	0.694	0.301	0.084	0.839	0.595	0.330	0.067	0.047	0.024
76.600	0.989	0.763	0.379	0.045	0.005	0.681	0.282	0.047	0.591	0.131	0.709	0.370	0.125	0.597	0.145	0.696	0.302	0.086	0.841	0.595	0.335	0.067	0.047	0.024
76.700	0.988	0.761	0.381	0.044	0.005	0.681	0.280	0.049	0.590	0.131	0.709	0.373	0.125	0.598	0.146	0.698	0.304	0.086	0.838	0.594	0.335	0.066	0.049	0.024
76.800	0.988	0.762	0.379	0.047	0.004	0.681	0.284	0.049	0.589	0.131	0.709	0.373	0.126	0.598	0.146	0.696	0.302	0.084	0.840	0.595	0.331	0.066	0.049	0.023
76.900	0.988	0.761	0.381	0.044	0.004	0.681	0.280	0.049	0.591	0.131	0.707	0.373	0.129	0.598	0.146	0.697	0.302	0.087	0.841	0.594	0.336	0.067	0.047	0.024
77.000	0.988	0.762	0.379	0.045	0.004	0.681	0.282	0.050	0.589	0.132	0.708	0.371	0.127	0.599	0.146	0.698	0.302	0.087	0.840	0.596	0.337	0.066	0.049	0.024
77.100	0.989	0.761	0.380	0.045	0.005	0.683	0.282	0.050	0.591	0.133	0.709	0.373	0.128	0.598	0.147	0.696	0.301	0.085	0.839	0.594	0.336	0.066	0.047	0.023
77.200	0.988	0.762	0.381	0.044	0.006	0.681	0.282	0.052	0.589	0.133	0.709	0.371	0.129	0.599	0.146	0.696	0.302	0.086	0.839	0.595	0.334	0.067	0.047	0.023
77.300	0.988	0.764	0.380	0.045	0.005	0.682	0.282	0.050	0.591	0.133	0.709	0.373	0.129	0.600	0.147	0.698	0.302	0.086	0.841	0.596	0.336	0.066	0.047	0.024
77.400	0.988	0.763	0.380	0.045	0.005	0.681	0.284	0.052	0.591	0.132	0.710	0.374	0.129	0.598	0.146	0.698	0.302	0.088	0.840	0.597	0.337	0.068	0.048	0.024
77.500	0.988	0.764	0.379	0.046	0.005	0.681	0.282	0.052	0.589	0.133	0.710	0.375	0.131	0.600	0.148	0.698	0.302	0.088	0.839	0.596	0.335	0.067	0.046	0.024
77.600	0.987	0.763	0.381	0.046	0.004	0.683	0.283	0.052	0.591	0.134	0.709	0.373	0.131	0.600	0.147	0.698	0.303	0.088	0.839	0.597	0.336	0.068	0.048	0.025
77.700	0.988	0.763	0.383	0.046	0.005	0.682	0.282	0.053	0.591	0.136	0.709	0.374	0.132	0.598	0.147	0.697	0.304	0.089	0.840	0.597	0.335	0.067	0.048	0.025
77.800	0.988	0.763	0.382	0.045	0.005	0.681	0.282	0.053	0.591	0.135	0.709	0.375	0.132	0.601	0.148	0.696	0.304	0.088	0.841	0.597	0.337	0.066	0.048	0.024
77.900	0.989	0.764	0.383	0.047	0.005	0.681	0.284	0.054	0.592	0.136	0.710	0.374	0.133	0.601	0.150	0.698	0.304	0.089	0.840	0.597	0.336	0.068	0.049	0.024
78.000	0.989	0.764	0.382	0.047	0.005	0.682	0.284	0.056	0.591	0.135	0.710	0.373	0.133	0.599	0.149	0.698	0.304	0.089	0.841	0.597	0.335	0.066	0.049	0.026
78.100	0.988	0.764	0.381	0.047	0.006	0.682	0.284	0.056	0.591	0.132	0.710	0.375	0.133	0.600	0.149	0.698	0.303	0.089	0.842	0.595	0.337	0.068	0.048	0.024
78.200	0.989	0.765	0.383	0.047	0.004	0.681	0.284	0.056	0.591	0.134	0.710	0.376	0.134	0.601	0.150	0.697	0.303	0.088	0.839	0.596	0.337	0.067	0.049	0.024
78.300	0.988	0.763	0.381	0.047	0.004	0.683	0.284	0.056	0.592	0.136	0.710	0.376	0.133	0.599	0.151	0.697	0.303	0.090	0.842	0.595	0.337	0.069	0.048	0.026
78.400	0.988	0.763	0.381	0.046	0.005	0.681	0.283	0.057	0.591	0.135	0.710	0.374	0.136	0.601	0.151	0.698	0.303	0.090	0.842	0.597	0.337	0.069	0.049	0.025
78.500	0.989	0.765	0.381	0.047	0.005	0.682	0.284	0.056	0.592	0.136	0.709	0.376	0.134	0.602	0.151	0.698	0.304	0.090	0.841	0.597	0.336	0.069	0.049	0.026
78.600	0.988	0.765	0.382	0.047	0.005	0.682	0.284	0.056	0.593	0.136	0.710	0.376	0.136	0.601	0.152	0.696	0.303	0.092	0.840	0.597	0.337	0.067	0.050	0.024
78.700	0.989	0.765	0.381	0.047	0.004	0.682	0.284	0.057	0.592	0.137	0.710	0.376	0.135	0.601	0.151	0.698	0.305	0.091	0.842	0.596	0.337	0.069	0.047	0.024
78.800	0.988	0.764	0.381	0.047	0.006	0.683	0.285	0.056	0.592	0.138	0.711	0.377	0.135	0.601	0.153	0.698	0.304	0.091	0.839	0.598	0.338	0.069	0.049	0.025
78.900	0.988	0.764	0.383	0.047	0.005	0.682	0.285	0.057	0.591	0.136	0.712	0.376	0.136	0.601	0.151	0.699	0.304	0.093	0.839	0.596	0.338	0.067	0.049	0.024
79.000	0.988	0.764	0.381	0.047	0.005	0.682	0.284	0.058	0.592	0.138	0.710	0.376	0.136	0.601	0.151	0.698	0.304	0.092	0.842	0.598	0.340	0.067	0.049	0.026
79.100	0.990	0.764	0.383	0.046	0.006	0.681	0.287	0.057	0.591	0.138	0.710	0.377	0.136	0.601	0.155	0.698	0.304	0.093	0.841	0.598	0.336	0.067	0.050	0.025
79.200	0.989	0.765	0.382	0.048	0.004	0.682	0.285	0.059	0.592	0.138	0.710	0.378	0.138	0.602	0.153	0.699	0.305	0.093	0.840	0.597	0.338	0.067	0.049	0.026
79.300	0.988	0.762	0.383	0.046	0.005	0.683	0.285	0.059	0.591	0.139	0.711	0.375	0.138	0.601	0.153	0.697	0.305	0.093	0.838	0.597	0.337	0.066	0.049	0.025
79.400	0.990	0.765	0.383	0.047	0.005	0.683	0.284	0.057	0.592	0.137	0.712	0.377	0.138	0.602	0.155	0.699	0.306	0.093	0.839	0.597	0.338	0.068	0.050	0.026
79.500	0.989	0.764	0.383	0.046	0.004	0.683	0.285	0.056	0.592	0.138	0.712	0.379	0.138	0.602	0.153	0.698	0.305	0.092	0.840	0.598	0.338	0.069	0.049	0.026
79.600	0.988	0.765	0.383	0.047	0.005	0.681	0.285	0.059	0.592	0.139	0.711	0.376	0.138	0.601	0.155	0.698	0.306	0.095	0.840	0.597	0.338	0.067	0.050	0.024
79.700	0.990	0.764	0.383	0.047	0.004	0.682	0.287	0.059	0.592	0.141	0.712	0.378	0.138	0.602	0.155	0.699	0.304	0.094	0.841	0.598	0.338	0.067	0.049	0.024
79.800	0.988	0.764	0.383	0.046	0.005	0.683	0.285	0.059	0.591	0.139	0.710	0.378	0.138	0.601	0.155	0.698	0.307	0.094	0.840	0.598	0.337	0.069	0.050	0.026
79.900	0.989	0.762	0.383	0.047	0.005	0.683	0.285	0.060	0.592	0.140	0.711	0.379	0.138	0.602	0.156	0.698	0.305	0.094	0.839	0.597	0.338	0.069	0.049	0.026
80.000	0.989	0.764	0.384	0.047	0.005	0.685	0.287	0.062	0.593	0.139	0.710	0.379	0.138	0.601	0.155	0.698	0.305	0.094	0.842	0.598	0.338	0.067	0.050	0.025
80.100	0.988	0.765	0.382	0.047	0.005	0.682	0.287	0.059	0.592	0.140	0.711	0.378	0.139	0.602	0.155	0.698	0.304	0.093	0.839	0.598	0.339	0.069	0.049	0.026
80.200	0.988	0.764	0.382	0.047	0.004	0.683	0.287	0.060	0.592	0.141	0.710	0.378	0.138	0.601	0.155	0.698	0.305	0.094	0.840	0.597	0.338	0.069	0.050	0.024
80.300	0.990	0.764	0.383	0.047	0.005	0.683	0.287	0.062	0.593	0.142	0.712	0.379	0.139	0.602	0.155	0.700	0.306	0.096	0.842	0.597	0.339	0.069	0.049	0.024
80.400	0.990	0.764	0.383	0.046	0.005	0.682	0.286	0.062	0.592	0.139	0.712	0.379	0.141	0.604	0.155	0.699	0.305	0.095	0.841	0.597	0.339	0.068	0.049	0.024
80.500	0.990	0.765	0.383	0.046	0.004	0.685	0.287	0.061	0.593	0.141	0.712	0.379	0.140	0.602	0.157	0.699	0.306	0.096	0.839	0.598	0.338	0.067	0.050	0.024
80.600	0.990	0.764	0.383	0.047	0.005	0.683	0.287	0.061	0.593	0.141	0.712	0.379	0.141	0.602	0.155	0.699	0.305	0.096	0.839	0.599	0.340	0.070	0.050	0.025
80.700	0.988	0.764	0.385	0.048	0.006	0.685	0.286	0.063	0.592	0.141	0.711	0.379	0.141	0.602	0.156	0.700	0.305	0.096	0.840	0.598	0.338	0.069	0.049	0.025
80.800	0.988	0.766	0.383	0.047	0.005	0.683	0.287	0.061	0.592	0.141	0.712	0.379	0.141	0.602	0.157	0.699	0.306	0.096	0.840	0.597	0.338	0.069	0.049	0.025
80.900	0.989	0.765	0.384	0.046	0.005	0.683	0.288	0.062	0.594	0.143	0.713	0.379	0.141	0.602	0.157	0.698	0.306	0.096	0.841	0.598	0.339	0.067	0.050	0.024
81.000	0.989	0.766	0.382	0.047	0.005	0.685	0.286	0.063	0.592	0.143	0.712	0.379	0.140	0.601	0.156	0.699	0.308	0.096	0.839	0.599	0.340	0.068	0.049	0.025
81.100	0.988	0.766	0.384	0.047	0.004	0.683	0.287	0.064	0.594	0.143	0.711	0.379	0.141	0.601	0.158	0.699	0.307	0.096	0.839	0.597	0.340	0.069	0.049	0.024
81.200	0.990	0.766	0.384	0.045	0.006	0.685	0.287	0.063	0.594	0.141	0.712	0.379	0.141	0.602	0.156	0.701	0.307	0.096	0.839	0.597	0.340	0.067	0.049	0.024
81.300	0.988	0.766	0.385	0.047	0.002	0.683	0.287	0.064	0.592	0.141	0.712	0.380	0.140	0.602	0.158	0.699	0.307	0.096	0.842	0.596	0.340	0.067	0.049	0.025
81.400	0.988	0.766	0.383	0.047	0.005	0.682	0.287	0.064	0.592	0.144	0.711	0.380	0.141	0.602	0.159	0.700	0.305	0.097	0.842	0.598	0.338	0.069	0.047	0.024
81.500	0.988	0.766	0.384	0.048	0.005	0.683	0.287	0.065	0.594	0.144	0.714	0.379	0.141	0.601	0.156	0.701	0.306	0.098	0.840	0.597	0.339	0.068	0.049	0.025
81.600	0.986	0.765	0.384	0.045	0.005	0.685	0.287	0.065	0.594	0.143	0.711	0.379	0.141	0.603	0.158	0.699	0.308	0.097	0.842	0.598	0.339	0.069	0.050	0.026
81.700	0.988	0.765	0.383	0.048	0.005	0.685	0.287	0.066	0.594	0.143	0.711	0.380	0.142	0.602	0.157	0.699	0.307	0.098	0.839	0.598	0.338	0.069	0.049	0.024
81.800	0.988	0.766	0.384	0.048	0.006	0.683	0.286	0.064	0.593	0.143	0.711	0.379	0.141	0.604	0.158	0.700	0.307	0.097	0.844	0.597	0.340	0.070	0.049	0.026
81.900	0.989	0.766	0.384	0.047	0.006	0.683	0.288	0.065	0.594	0.143	0.712	0.381	0.143	0.603	0.156	0.699	0.307	0.098	0.842	0.598	0.338	0.067	0.050	0.024
82.000	0.988	0.767	0.384	0.047	0.005	0.682	0.287	0.066	0.594	0.144	0.713	0.380	0.142	0.602	0.156	0.698	0.308	0.098	0.842	0.597	0.340	0.069	0.049	0.024
82.100	0.988	0.767	0.382	0.047	0.004	0.685	0.289	0.066	0.595	0.144	0.713	0.380	0.142	0.602	0.158	0.699	0.309	0.098	0.841	0.599	0.337	0.069	0.050	0.024
82.200	0.988	0.765	0.384	0.048	0.005	0.685	0.288	0.066	0.594	0.144	0.712	0.381	0.142	0.602	0.158	0.698	0.309	0.099	0.842	0.598	0.339	0.068	0.049	0.025
82.300	0.988	0.764	0.383	0.046	0.005	0.683	0.288	0.066	0.595	0.146	0.712	0.380	0.142	0.602	0.158	0.700	0.309	0.099	0.842	0.599	0.340	0.067	0.050	0.024
82.400	0.988	0.765	0.385	0.047	0.005	0.685	0.287	0.068	0.594	0.145	0.713	0.380	0.142	0.604	0.158	0.698	0.309	0.098	0.840	0.597	0.338	0.067	0.050	0.026
82.500	0.989	0.765	0.384	0.047	0.005	0.685	0.288	0.067	0.594	0.145	0.713	0.381	0.143	0.604	0.158	0.697	0.308	0.098	0.841	0.598	0.340	0.067	0.050	0.024
82.600	0.988	0.766	0.383	0.047	0.004	0.683	0.288	0.067	0.594	0.143	0.713	0.380	0.142	0.604	0.160	0.698	0.308	0.099	0.842	0.597	0.339	0.069	0.050	0.026
82.700	0.988	0.765	0.381	0.045	0.005	0.685	0.288	0.066	0.594	0.146	0.712	0.381	0.143	0.602	0.159	0.700	0.307	0.098	0.841	0.597	0.340	0.069	0.050	0.025
82.800	0.988	0.764	0.385	0.047	0.005	0.685	0.287	0.067	0.592	0.144	0.713	0.381	0.143	0.604	0.158	0.700	0.308	0.099	0.842	0.597	0.340	0.067	0.050	0.025
82.900	0.990	0.765	0.383	0.046	0.006	0.685	0.288	0.067	0.594	0.144	0.712	0.381	0.143	0.603	0.160	0.700	0.309	0.099	0.842	0.598	0.339	0.067	0.049	0.025
83.000	0.989	0.765	0.383	0.047	0.004	0.683	0.288	0.067	0.594	0.144	0.712	0.382	0.142	0.605	0.159	0.700	0.308	0.099	0.841	0.598	0.339	0.070	0.050	0.026
83.100	0.988	0.765	0.384	0.047	0.005	0.685	0.288	0.069	0.594	0.146	0.712	0.379	0.142	0.604	0.159	0.700	0.308	0.098	0.842	0.598	0.339	0.070	0.049	0.025
83.200	0.988	0.766	0.383	0.047	0.005	0.685	0.287	0.069	0.595	0.146	0.712	0.380	0.143	0.604	0.159	0.699	0.308	0.098	0.841	0.599	0.339	0.069	0.049	0.025
83.300	0.990	0.766	0.386	0.047	0.005	0.685	0.288	0.069	0.593	0.145	0.712	0.380	0.141	0.603	0.159	0.700	0.309	0.098	0.842	0.598	0.340	0.069	0.050	0.026
83.400	0.988	0.763	0.383	0.046	0.005	0.683	0.290	0.068	0.595	0.146	0.712	0.382	0.143	0.603	0.160	0.700	0.308	0.098	0.842	0.599	0.340	0.070	0.050	0.026
83.500	0.989	0.764	0.385	0.047	0.005	0.685	0.288	0.070	0.594	0.145	0.711	0.382	0.143	0.604	0.160	0.698	0.308	0.099	0.842	0.598	0.340	0.070	0.049	0.026
83.600	0.989	0.766	0.383	0.047	0.005	0.685	0.289	0.069	0.594	0.148	0.712	0.378	0.143	0.604	0.160	0.698	0.307	0.098	0.841	0.599	0.338	0.069	0.049	0.025
83.700	0.989	0.765	0.384	0.047	0.005	0.683	0.288	0.070	0.595	0.146	0.711	0.381	0.142	0.603	0.158	0.700	0.309	0.099	0.842	0.600	0.342	0.070	0.049	0.026
83.800	0.990	0.765	0.384	0.048	0.005	0.685	0.288	0.069	0.594	0.147	0.712	0.380	0.143	0.605	0.159	0.700	0.308	0.099	0.840	0.597	0.340	0.070	0.050	0.027
83.900	0.990	0.766	0.384	0.049	0.005	0.685	0.290	0.070	0.594	0.146	0.713	0.379	0.144	0.604	0.160	0.700	0.308	0.099	0.843	0.599	0.340	0.069	0.050	0.026
84.000	0.989	0.765	0.384	0.047	0.005	0.685	0.288	0.070	0.595	0.147	0.712	0.381	0.142	0.603	0.159	0.699	0.308	0.099	0.840	0.598	0.340	0.069	0.049	0.025
84.100	0.989	0.766	0.384	0.047	0.006	0.685	0.288	0.070	0.595	0.148	0.713	0.382	0.143	0.604	0.160	0.700	0.308	0.100	0.841	0.598	0.340	0.070	0.050	0.025
84.200	0.988	0.765	0.383	0.047	0.004	0.685	0.288	0.072	0.594	0.145	0.712	0.381	0.143	0.604	0.160	0.700	0.309	0.099	0.840	0.599	0.341	0.069	0.051	0.024
84.300	0.988	0.766	0.385	0.048	0.005	0.685	0.288	0.070	0.595	0.148	0.711	0.381	0.143	0.603	0.159	0.698	0.308	0.099	0.842	0.598	0.340	0.068	0.049	0.025
84.400	0.988	0.766	0.383	0.047	0.006	0.685	0.289	0.071	0.595	0.147	0.712	0.381	0.144	0.604	0.160	0.700	0.308	0.099	0.842	0.599	0.340	0.070	0.050	0.025
84.500	0.988	0.766	0.385	0.049	0.005	0.685	0.289	0.071	0.594	0.147	0.712	0.381	0.143	0.603	0.158	0.700	0.309	0.100	0.839	0.600	0.339	0.069	0.050	0.026
84.600	0.988	0.766	0.383	0.049	0.007	0.683	0.289	0.071	0.594	0.147	0.712	0.381	0.144	0.603	0.158	0.701	0.308	0.099	0.840	0.601	0.340	0.070	0.050	0.024
84.700	0.988	0.765	0.385	0.050	0.006	0.683	0.288	0.071	0.594	0.148	0.712	0.381	0.143	0.604	0.161	0.700	0.309	0.102	0.842	0.597	0.340	0.069	0.049	0.024
84.800	0.989	0.767	0.384	0.048	0.006	0.685	0.289	0.071	0.595	0.149	0.712	0.382	0.143	0.604	0.158	0.701	0.309	0.100	0.842	0.599	0.340	0.069	0.051	0.025
84.900	0.988	0.765	0.385	0.049	0.005	0.685	0.291	0.072	0.596	0.148	0.712	0.382	0.144	0.603	0.158	0.700	0.309	0.099	0.841	0.598	0.340	0.069	0.050	0.025
85.000	0.990	0.765	0.386	0.046	0.005	0.685	0.288	0.072	0.595	0.147	0.714	0.383	0.144	0.603	0.158	0.698	0.309	0.100	0.843	0.598	0.339	0.069	0.050	0.025
85.100	0.988	0.766	0.384	0.048	0.005	0.685	0.289	0.073	0.596	0.148	0.714	0.383	0.143	0.604	0.160	0.699	0.309	0.099	0.841	0.599	0.340	0.068	0.050	0.026
85.200	0.988	0.764	0.385	0.047	0.005	0.685	0.289	0.073	0.596	0.148	0.714	0.382	0.142	0.604	0.160	0.699	0.309	0.100	0.841	0.599	0.340	0.070	0.050	0.026
85.300	0.990	0.766	0.385	0.047	0.005	0.685	0.291	0.073	0.594	0.147	0.713	0.381	0.143	0.604	0.160	0.699	0.309	0.099	0.841	0.599	0.339	0.069	0.049	0.026
85.400	0.990	0.765	0.383	0.049	0.007	0.685	0.290	0.073	0.595	0.150	0.712	0.383	0.145	0.602	0.160	0.700	0.309	0.099	0.841	0.601	0.341	0.069	0.049	0.026
85.500	0.989	0.766	0.383	0.048	0.005	0.683	0.288	0.073	0.595	0.148	0.712	0.382	0.144	0.604	0.159	0.701	0.310	0.101	0.841	0.597	0.340	0.069	0.049	0.025
85.600	0.989	0.766	0.385	0.049	0.006	0.685	0.291	0.073	0.595	0.147	0.714	0.381	0.144	0.605	0.160	0.698	0.309	0.101	0.842	0.599	0.339	0.068	0.050	0.026
85.700	0.988	0.767	0.385	0.049	0.005	0.685	0.290	0.074	0.595	0.148	0.712	0.381	0.144	0.604	0.159	0.699	0.310	0.100	0.842	0.599	0.340	0.069	0.049	0.024
85.800	0.990	0.765	0.385	0.047	0.007	0.686	0.289	0.073	0.594	0.149	0.713	0.382	0.145	0.604	0.161	0.700	0.309	0.101	0.842	0.598	0.340	0.069	0.050	0.026
85.900	0.990	0.765	0.385	0.048	0.005	0.685	0.289	0.074	0.594	0.148	0.712	0.383	0.143	0.605	0.160	0.699	0.309	0.100	0.842	0.598	0.340	0.066	0.050	0.025
86.000	0.988	0.766	0.382	0.047	0.006	0.686	0.290	0.074	0.596	0.150	0.714	0.383	0.144	0.605	0.160	0.698	0.308	0.101	0.840	0.599	0.341	0.069	0.049	0.026
86.100	0.988	0.767	0.383	0.049	0.006	0.683	0.290	0.074	0.595	0.149	0.714	0.382	0.145	0.604	0.161	0.700	0.308	0.100	0.842	0.597	0.340	0.069	0.049	0.026
86.200	0.988	0.765	0.384	0.047	0.007	0.686	0.291	0.074	0.597	0.150	0.713	0.383	0.144	0.604	0.160	0.700	0.310	0.102	0.841	0.598	0.339	0.069	0.049	0.025
86.300	0.989	0.767	0.385	0.047	0.004	0.685	0.289	0.076	0.597	0.150	0.714	0.381	0.144	0.607	0.160	0.699	0.308	0.099	0.842	0.598	0.340	0.069	0.049	0.026
86.400	0.987	0.767	0.383	0.049	0.005	0.686	0.291	0.076	0.595	0.149	0.714	0.383	0.144	0.604	0.160	0.700	0.310	0.101	0.840	0.598	0.338	0.070	0.050	0.026
86.500	0.988	0.766	0.384	0.048	0.005	0.685	0.290	0.076	0.596	0.150	0.713	0.381	0.144	0.604	0.160	0.700	0.309	0.099	0.841	0.599	0.339	0.070	0.050	0.026
86.600	0.988	0.766	0.385	0.049	0.005	0.685	0.291	0.076	0.596	0.149	0.712	0.382	0.145	0.605	0.160	0.698	0.309	0.102	0.842	0.598	0.339	0.069	0.050	0.025
86.700	0.990	0.765	0.383	0.048	0.006	0.685	0.289	0.078	0.596	0.149	0.712	0.381	0.145	0.604	0.161	0.699	0.309	0.100	0.842	0.598	0.341	0.069	0.049	0.026
86.800	0.988	0.766	0.383	0.049	0.005	0.685	0.288	0.076	0.597	0.148	0.712	0.382	0.146	0.603	0.160	0.700	0.309	0.101	0.841	0.599	0.339	0.069	0.050	0.027
86.900	0.989	0.766	0.384	0.047	0.005	0.685	0.289	0.076	0.595	0.150	0.713	0.383	0.144	0.603	0.161	0.698	0.310	0.102	0.840	0.598	0.341	0.070	0.050	0.024
87.000	0.989	0.765	0.383	0.049	0.005	0.685	0.290	0.077	0.595	0.150	0.712	0.382	0.145	0.603	0.160	0.699	0.308	0.102	0.839	0.599	0.339	0.070	0.050	0.024
87.100	0.988	0.765	0.384	0.049	0.004	0.685	0.290	0.076	0.595	0.150	0.713	0.383	0.144	0.605	0.161	0.702	0.309	0.099	0.843	0.600	0.340	0.070	0.051	0.026
87.200	0.988	0.766	0.384	0.049	0.005	0.686	0.288	0.076	0.595	0.151	0.713	0.381	0.144	0.602	0.160	0.698	0.309	0.100	0.840	0.598	0.341	0.069	0.051	0.025
87.300	0.988	0.764	0.383	0.049	0.004	0.685	0.289	0.077	0.594	0.150	0.713	0.383	0.145	0.604	0.160	0.698	0.309	0.102	0.839	0.597	0.343	0.069	0.051	0.026
87.400	0.988	0.765	0.383	0.049	0.005	0.683	0.289	0.074	0.595	0.150	0.714	0.380	0.144	0.604	0.160	0.700	0.309	0.101	0.840	0.599	0.340	0.070	0.050	0.026
87.500	0.988	0.767	0.383	0.049	0.006	0.685	0.290	0.076	0.595	0.150	0.712	0.380	0.145	0.605	0.161	0.702	0.309	0.100	0.841	0.597	0.340	0.070	0.049	0.026
87.600	0.988	0.766	0.385	0.050	0.005	0.685	0.290	0.076	0.595	0.148	0.714	0.383	0.144	0.605	0.161	0.700	0.309	0.102	0.840	0.597	0.340	0.069	0.049	0.026
87.700	0.988	0.766	0.385	0.047	0.005	0.686	0.292	0.078	0.596	0.151	0.712	0.383	0.144	0.604	0.161	0.700	0.309	0.099	0.841	0.598	0.341	0.070	0.050	0.025
87.800	0.989	0.767	0.385	0.049	0.009	0.685	0.292	0.077	0.597	0.150	0.712	0.383	0.144	0.607	0.160	0.700	0.310	0.102	0.839	0.599	0.340	0.069	0.051	0.025
87.900	0.988	0.764	0.384	0.050	0.005	0.685	0.290	0.078	0.593	0.150	0.713	0.382	0.146	0.604	0.161	0.700	0.310	0.101	0.842	0.599	0.340	0.069	0.050	0.027
88.000	0.988	0.765	0.383	0.048	0.005	0.685	0.291	0.078	0.595	0.150	0.713	0.380	0.145	0.604	0.161	0.702	0.309	0.102	0.841	0.601	0.340	0.070	0.050	0.026
88.100	0.989	0.767	0.384	0.048	0.006	0.683	0.292	0.078	0.596	0.150	0.712	0.383	0.144	0.605	0.161	0.700	0.311	0.102	0.842	0.598	0.342	0.069	0.049	0.025
88.200	0.988	0.765	0.387	0.049	0.005	0.685	0.290	0.079	0.595	0.150	0.713	0.383	0.143	0.605	0.162	0.700	0.309	0.103	0.840	0.598	0.340	0.070	0.049	0.026
88.300	0.990	0.767	0.386	0.048	0.005	0.686	0.291	0.078	0.596	0.150	0.714	0.382	0.145	0.605	0.161	0.701	0.310	0.102	0.840	0.598	0.341	0.069	0.051	0.024
88.400	0.987	0.765	0.386	0.049	0.006	0.683	0.292	0.077	0.597	0.150	0.712	0.383	0.146	0.604	0.161	0.700	0.310	0.102	0.840	0.598	0.343	0.070	0.050	0.026
88.500	0.990	0.766	0.386	0.049	0.006	0.685	0.292	0.078	0.596	0.150	0.714	0.382	0.147	0.604	0.161	0.700	0.310	0.102	0.839	0.598	0.342	0.069	0.049	0.026
88.600	0.989	0.766	0.385	0.049	0.005	0.685	0.290	0.079	0.596	0.151	0.714	0.384	0.145	0.603	0.160	0.700	0.310	0.100	0.841	0.598	0.341	0.070	0.050	0.026
88.700	0.987	0.766	0.387	0.049	0.005	0.686	0.291	0.078	0.597	0.151	0.713	0.383	0.145	0.604	0.161	0.700	0.310	0.102	0.841	0.598	0.341	0.069	0.049	0.024
88.800	0.988	0.768	0.385	0.049	0.005	0.686	0.289	0.076	0.595	0.151	0.713	0.385	0.144	0.605	0.160	0.700	0.309	0.102	0.839	0.599	0.341	0.070	0.049	0.027
88.900	0.988	0.767	0.387	0.048	0.006	0.685	0.292	0.079	0.596	0.151	0.714	0.384	0.145	0.604	0.161	0.700	0.309	0.102	0.839	0.599	0.343	0.069	0.049	0.026
89.000	0.990	0.766	0.387	0.050	0.005	0.686	0.291	0.078	0.596	0.151	0.713	0.383	0.145	0.603	0.162	0.699	0.309	0.101	0.839	0.600	0.340	0.069	0.050	0.026
89.100	0.987	0.766	0.386	0.050	0.004	0.686	0.290	0.078	0.595	0.151	0.713	0.384	0.145	0.604	0.161	0.700	0.309	0.101	0.841	0.598	0.342	0.069	0.049	0.024
89.200	0.989	0.767	0.386	0.050	0.005	0.686	0.291	0.078	0.597	0.152	0.713	0.384	0.144	0.604	0.161	0.700	0.308	0.102	0.840	0.598	0.340	0.070	0.050	0.024
89.300	0.986	0.768	0.385	0.050	0.005	0.686	0.289	0.079	0.595	0.151	0.712	0.383	0.144	0.604	0.161	0.701	0.310	0.102	0.841	0.598	0.342	0.069	0.049	0.025
89.400	0.988	0.767	0.385	0.049	0.005	0.685	0.292	0.079	0.596	0.152	0.713	0.384	0.144	0.604	0.161	0.700	0.309	0.102	0.840	0.598	0.341	0.070	0.050	0.024
89.500	0.989	0.767	0.385	0.049	0.005	0.686	0.292	0.081	0.598	0.151	0.712	0.384	0.145	0.604	0.161	0.700	0.310	0.101	0.839	0.597	0.342	0.069	0.050	0.025
89.600	0.989	0.767	0.384	0.050	0.004	0.685	0.291	0.079	0.596	0.153	0.713	0.381	0.146	0.604	0.160	0.699	0.310	0.101	0.840	0.597	0.341	0.070	0.049	0.025
89.700	0.988	0.765	0.384	0.049	0.005	0.686	0.292	0.080	0.596	0.151	0.714	0.386	0.144	0.605	0.161	0.700	0.309	0.102	0.842	0.599	0.340	0.070	0.050	0.027
89.800	0.988	0.767	0.385	0.049	0.005	0.686	0.291	0.079	0.595	0.151	0.714	0.381	0.144	0.604	0.161	0.701	0.310	0.102	0.842	0.598	0.343	0.069	0.050	0.026
89.900	0.989	0.767	0.385	0.049	0.006	0.685	0.290	0.081	0.595	0.152	0.714	0.384	0.145	0.605	0.161	0.700	0.310	0.101	0.842	0.598	0.341	0.069	0.050	0.026
90.000	0.990	0.767	0.384	0.050	0.005	0.685	0.292	0.081	0.596	0.152	0.714	0.383	0.144	0.604	0.162	0.698	0.308	0.102	0.842	0.599	0.341	0.070	0.050	0.026
90.100	0.990	0.766	0.384	0.050	0.005	0.685	0.292	0.080	0.597	0.153	0.713	0.383	0.146	0.604	0.161	0.698	0.309	0.102	0.841	0.598	0.343	0.069	0.050	0.026
90.200	0.988	0.766	0.384	0.049	0.005	0.685	0.291	0.081	0.595	0.152	0.712	0.382	0.146	0.604	0.162	0.701	0.309	0.102	0.841	0.598	0.342	0.071	0.049	0.026
90.300	0.988	0.767	0.386	0.049	0.004	0.685	0.292	0.081	0.596	0.153	0.714	0.383	0.145	0.605	0.161	0.700	0.309	0.102	0.842	0.598	0.340	0.071	0.049	0.027
90.400	0.988	0.766	0.383	0.049	0.005	0.685	0.292	0.081	0.595	0.152	0.711	0.383	0.144	0.604	0.161	0.699	0.309	0.101	0.839	0.598	0.340	0.070	0.049	0.025
90.500	0.989	0.766	0.385	0.050	0.005	0.686	0.292	0.083	0.596	0.151	0.713	0.383	0.144	0.605	0.161	0.700	0.309	0.101	0.842	0.598	0.341	0.069	0.050	0.025
90.600	0.989	0.767	0.385	0.050	0.004	0.686	0.291	0.081	0.596	0.152	0.713	0.384	0.145	0.604	0.161	0.698	0.307	0.102	0.839	0.598	0.340	0.070	0.049	0.026
90.700	0.988	0.767	0.384	0.048	0.006	0.686	0.290	0.081	0.596	0.151	0.712	0.384	0.144	0.605	0.161	0.700	0.309	0.100	0.840	0.599	0.340	0.070	0.050	0.025
90.800	0.988	0.767	0.385	0.050	0.005	0.686	0.290	0.081	0.596	0.151	0.714	0.385	0.145	0.605	0.161	0.698	0.309	0.101	0.841	0.598	0.340	0.070	0.050	0.026
90.900	0.989	0.767	0.385	0.050	0.006	0.685	0.292	0.080	0.597	0.152	0.714	0.383	0.144	0.605	0.161	0.699	0.311	0.102	0.841	0.598	0.340	0.070	0.050	0.027
91.000	0.988	0.765	0.385	0.049	0.007	0.686	0.292	0.082	0.596	0.152	0.713	0.383	0.147	0.605	0.161	0.700	0.309	0.102	0.840	0.598	0.340	0.070	0.049	0.026
91.100	0.988	0.767	0.384	0.050	0.007	0.683	0.292	0.081	0.595	0.150	0.714	0.384	0.145	0.604	0.160	0.698	0.310	0.100	0.839	0.599	0.343	0.069	0.051	0.025
91.200	0.989	0.767	0.383	0.050	0.006	0.687	0.292	0.081	0.596	0.151	0.713	0.384	0.146	0.604	0.162	0.702	0.309	0.102	0.841	0.599	0.341	0.070	0.050	0.025
91.300	0.988	0.766	0.383	0.050	0.007	0.683	0.292	0.081	0.596	0.151	0.712	0.383	0.146	0.604	0.162	0.700	0.310	0.102	0.841	0.598	0.340	0.070	0.049	0.025
91.400	0.989	0.767	0.383	0.050	0.005	0.685	0.292	0.081	0.595	0.151	0.712	0.383	0.145	0.604	0.162	0.702	0.310	0.100	0.840	0.599	0.340	0.069	0.050	0.025
91.500	0.987	0.766	0.382	0.050	0.006	0.685	0.288	0.081	0.597	0.152	0.713	0.382	0.146	0.604	0.162	0.702	0.311	0.102	0.841	0.599	0.340	0.070	0.051	0.026
91.600	0.988	0.767	0.382	0.050	0.005	0.685	0.291	0.082	0.595	0.152	0.714	0.382	0.145	0.604	0.161	0.699	0.309	0.102	0.840	0.599	0.343	0.070	0.050	0.026
91.700	0.988	0.767	0.381	0.049	0.006	0.686	0.292	0.081	0.597	0.151	0.711	0.384	0.146	0.604	0.162	0.700	0.309	0.101	0.841	0.598	0.340	0.071	0.051	0.026
91.800	0.988	0.768	0.385	0.049	0.005	0.685	0.291	0.083	0.596	0.153	0.713	0.379	0.146	0.603	0.163	0.700	0.310	0.102	0.842	0.600	0.340	0.069	0.050	0.025
91.900	0.989	0.767	0.384	0.049	0.005	0.685	0.289	0.081	0.598	0.154	0.714	0.383	0.147	0.605	0.161	0.697	0.311	0.102	0.842	0.600	0.340	0.069	0.050	0.026
92.000	0.990	0.767	0.382	0.050	0.005	0.686	0.292	0.083	0.597	0.152	0.713	0.383	0.145	0.605	0.161	0.700	0.310	0.100	0.840	0.599	0.342	0.070	0.050	0.025
92.100	0.988	0.767	0.382	0.049	0.005	0.685	0.292	0.081	0.597	0.153	0.713	0.383	0.145	0.604	0.160	0.702	0.309	0.101	0.841	0.599	0.340	0.071	0.050	0.026
92.200	0.990	0.767	0.383	0.050	0.005	0.686	0.291	0.081	0.596	0.152	0.713	0.384	0.148	0.605	0.162	0.700	0.310	0.102	0.842	0.600	0.340	0.070	0.050	0.026
92.300	0.988	0.768	0.384	0.049	0.004	0.686	0.292	0.083	0.596	0.152	0.714	0.382	0.146	0.603	0.161	0.701	0.311	0.102	0.840	0.598	0.340	0.070	0.051	0.024
92.400	0.988	0.766	0.383	0.049	0.005	0.685	0.291	0.083	0.596	0.152	0.714	0.383	0.145	0.604	0.161	0.699	0.309	0.101	0.842	0.598	0.341	0.070	0.052	0.025
92.500	0.989	0.767	0.383	0.050	0.005	0.686	0.292	0.083	0.596	0.154	0.714	0.383	0.146	0.604	0.161	0.700	0.310	0.102	0.840	0.598	0.343	0.069	0.050	0.027
92.600	0.989	0.768	0.383	0.050	0.004	0.686	0.290	0.081	0.596	0.153	0.714	0.383	0.147	0.604	0.161	0.700	0.310	0.102	0.840	0.599	0.340	0.070	0.050	0.026
92.700	0.989	0.765	0.384	0.050	0.005	0.685	0.291	0.083	0.596	0.155	0.714	0.383	0.146	0.604	0.161	0.701	0.309	0.102	0.839	0.601	0.340	0.069	0.050	0.027
92.800	0.990	0.767	0.383	0.049	0.006	0.685	0.291	0.083	0.596	0.154	0.714	0.384	0.145	0.605	0.160	0.700	0.309	0.103	0.842	0.600	0.340	0.070	0.050	0.026
92.900	0.989	0.767	0.382	0.047	0.005	0.683	0.292	0.082	0.595	0.155	0.712	0.383	0.147	0.604	0.161	0.700	0.311	0.101	0.840	0.599	0.341	0.070	0.050	0.026
93.000	0.989	0.767	0.383	0.049	0.005	0.685	0.289	0.083	0.595	0.154	0.714	0.385	0.145	0.605	0.162	0.700	0.311	0.102	0.840	0.598	0.340	0.069	0.050	0.027
93.100	0.988	0.765	0.383	0.049	0.006	0.686	0.291	0.083	0.597	0.154	0.713	0.383	0.145	0.605	0.162	0.699	0.311	0.103	0.842	0.600	0.340	0.069	0.050	0.026
93.200	0.990	0.767	0.383	0.050	0.006	0.685	0.291	0.083	0.596	0.154	0.712	0.385	0.145	0.605	0.161	0.700	0.309	0.102	0.842	0.598	0.341	0.070	0.051	0.026
93.300	0.990	0.765	0.381	0.049	0.005	0.686	0.291	0.083	0.596	0.154	0.713	0.383	0.147	0.605	0.160	0.700	0.309	0.102	0.839	0.600	0.341	0.068	0.050	0.026
93.400	0.990	0.767	0.381	0.048	0.007	0.686	0.293	0.083	0.595	0.152	0.714	0.383	0.146	0.604	0.161	0.700	0.310	0.102	0.841	0.599	0.341	0.069	0.050	0.025
93.500	0.990	0.767	0.382	0.049	0.006	0.686	0.293	0.083	0.596	0.152	0.713	0.385	0.146	0.605	0.161	0.700	0.310	0.102	0.840	0.600	0.341	0.071	0.051	0.026
93.600	0.988	0.766	0.382	0.049	0.007	0.686	0.291	0.083	0.596	0.151	0.714	0.385	0.146	0.604	0.163	0.700	0.310	0.102	0.841	0.599	0.341	0.069	0.052	0.027
93.700	0.990	0.767	0.381	0.049	0.006	0.686	0.290	0.084	0.595	0.153	0.714	0.383	0.148	0.605	0.162	0.700	0.310	0.102	0.842	0.601	0.340	0.069	0.050	0.025
93.800	0.989	0.767	0.383	0.047	0.005	0.686	0.292	0.085	0.596	0.154	0.714	0.385	0.145	0.604	0.161	0.700	0.310	0.103	0.841	0.598	0.340	0.070	0.050	0.026
93.900	0.989	0.766	0.383	0.047	0.005	0.685	0.292	0.083	0.596	0.153	0.713	0.385	0.147	0.605	0.161	0.701	0.309	0.103	0.842	0.598	0.341	0.069	0.050	0.025
94.000	0.990	0.767	0.383	0.050	0.005	0.686	0.291	0.086	0.597	0.153	0.713	0.383	0.147	0.605	0.161	0.700	0.310	0.101	0.840	0.600	0.341	0.070	0.049	0.024
94.100	0.990	0.766	0.383	0.048	0.007	0.686	0.292	0.085	0.595	0.152	0.713	0.385	0.146	0.605	0.160	0.700	0.310	0.102	0.841	0.599	0.340	0.070	0.050	0.025
94.200	0.990	0.767	0.384	0.048	0.005	0.685	0.292	0.083	0.595	0.154	0.714	0.383	0.145	0.604	0.161	0.700	0.310	0.102	0.840	0.599	0.340	0.069	0.050	0.025
94.300	0.988	0.766	0.383	0.049	0.007	0.686	0.292	0.084	0.596	0.155	0.714	0.383	0.145	0.602	0.161	0.700	0.310	0.101	0.840	0.598	0.341	0.067	0.049	0.024
94.400	0.988	0.766	0.383	0.049	0.005	0.685	0.292	0.083	0.595	0.154	0.714	0.384	0.145	0.604	0.162	0.701	0.309	0.103	0.842	0.597	0.340	0.069	0.051	0.026
94.500	0.989	0.766	0.383	0.049	0.005	0.686	0.294	0.083	0.595	0.152	0.714	0.383	0.145	0.604	0.161	0.700	0.310	0.102	0.837	0.598	0.341	0.069	0.050	0.025
94.600	0.990	0.767	0.382	0.048	0.007	0.686	0.291	0.085	0.595	0.154	0.713	0.385	0.146	0.605	0.161	0.700	0.309	0.102	0.840	0.598	0.340	0.070	0.050	0.026
94.700	0.990	0.765	0.383	0.049	0.009	0.685	0.292	0.083	0.595	0.155	0.712	0.383	0.145	0.605	0.161	0.702	0.311	0.102	0.843	0.598	0.342	0.068	0.050	0.025
94.800	0.988	0.766	0.382	0.048	0.005	0.686	0.292	0.085	0.595	0.155	0.714	0.384	0.147	0.604	0.161	0.701	0.309	0.103	0.841	0.599	0.339	0.069	0.051	0.026
94.900	0.990	0.766	0.383	0.049	0.006	0.685	0.292	0.083	0.595	0.153	0.712	0.384	0.146	0.604	0.161	0.700	0.311	0.102	0.840	0.597	0.342	0.070	0.050	0.026
95.000	0.990	0.766	0.383	0.050	0.008	0.686	0.292	0.083	0.595	0.153	0.713	0.382	0.145	0.604	0.162	0.702	0.310	0.102	0.842	0.598	0.343	0.069	0.050	0.024
95.100	0.989	0.766	0.383	0.049	0.007	0.685	0.292	0.083	0.595	0.152	0.714	0.384	0.145	0.604	0.161	0.700	0.310	0.102	0.842	0.598	0.343	0.069	0.050	0.025
95.200	0.989	0.765	0.383	0.052	0.007	0.685	0.291	0.083	0.596	0.153	0.714	0.383	0.145	0.604	0.160	0.700	0.311	0.102	0.841	0.598	0.341	0.070	0.050	0.026
95.300	0.990	0.766	0.380	0.049	0.008	0.687	0.292	0.083	0.595	0.154	0.713	0.384	0.145	0.604	0.162	0.701	0.308	0.101	0.841	0.598	0.343	0.070	0.051	0.026
95.400	0.989	0.767	0.381	0.049	0.005	0.686	0.292	0.085	0.595	0.154	0.714	0.382	0.144	0.604	0.161	0.700	0.311	0.102	0.839	0.597	0.342	0.069	0.051	0.028
95.500	0.990	0.767	0.381	0.049	0.006	0.685	0.291	0.083	0.595	0.155	0.712	0.383	0.144	0.604	0.161	0.700	0.311	0.103	0.841	0.598	0.341	0.071	0.051	0.025
95.600	0.988	0.767	0.382	0.048	0.006	0.685	0.292	0.084	0.595	0.153	0.713	0.383	0.144	0.604	0.162	0.702	0.310	0.102	0.841	0.601	0.342	0.069	0.050	0.024
95.700	0.987	0.766	0.382	0.048	0.006	0.687	0.291	0.083	0.595	0.154	0.714	0.384	0.145	0.604	0.161	0.698	0.309	0.102	0.841	0.599	0.342	0.070	0.050	0.024
95.800	0.990	0.765	0.381	0.049	0.007	0.685	0.290	0.083	0.596	0.155	0.712	0.383	0.145	0.604	0.160	0.701	0.310	0.102	0.842	0.600	0.340	0.070	0.050	0.024
95.900	0.990	0.767	0.383	0.048	0.005	0.685	0.290	0.085	0.596	0.155	0.714	0.383	0.146	0.605	0.161	0.700	0.312	0.102	0.841	0.601	0.340	0.070	0.050	0.026
96.000	0.988	0.765	0.380	0.047	0.004	0.686	0.292	0.084	0.597	0.153	0.711	0.383	0.147	0.605	0.161	0.700	0.310	0.102	0.844	0.598	0.340	0.073	0.050	0.025
96.100	0.989	0.767	0.381	0.048	0.006	0.686	0.290	0.083	0.595	0.155	0.714	0.383	0.146	0.604	0.161	0.699	0.310	0.102	0.841	0.599	0.342	0.070	0.050	0.026
96.200	0.989	0.767	0.383	0.050	0.005	0.686	0.289	0.085	0.596	0.154	0.713	0.383	0.146	0.605	0.162	0.699	0.309	0.103	0.841	0.598	0.343	0.070	0.052	0.026
96.300	0.988	0.767	0.381	0.049	0.007	0.686	0.292	0.083	0.596	0.155	0.714	0.385	0.145	0.604	0.164	0.699	0.312	0.102	0.841	0.599	0.340	0.068	0.052	0.026
96.400	0.988	0.767	0.383	0.048	0.005	0.685	0.291	0.086	0.597	0.155	0.714	0.383	0.146	0.605	0.163	0.700	0.309	0.102	0.841	0.598	0.340	0.069	0.051	0.025
96.500	0.988	0.765	0.383	0.049	0.005	0.686	0.291	0.085	0.597	0.155	0.713	0.383	0.147	0.604	0.162	0.699	0.310	0.102	0.843	0.599	0.340	0.070	0.049	0.024
96.600	0.988	0.766	0.381	0.049	0.006	0.683	0.292	0.085	0.595	0.157	0.713	0.383	0.147	0.604	0.161	0.699	0.311	0.102	0.842	0.601	0.340	0.070	0.051	0.024
96.700	0.988	0.768	0.381	0.050	0.006	0.686	0.291	0.085	0.597	0.155	0.714	0.383	0.147	0.604	0.164	0.698	0.311	0.102	0.842	0.599	0.341	0.070	0.050	0.026
96.800	0.988	0.767	0.381	0.049	0.005	0.687	0.290	0.083	0.596	0.153	0.713	0.385	0.145	0.604	0.161	0.700	0.309	0.103	0.842	0.599	0.341	0.070	0.050	0.025
96.900	0.988	0.766	0.381	0.049	0.007	0.686	0.291	0.084	0.595	0.154	0.715	0.383	0.145	0.605	0.160	0.699	0.310	0.101	0.839	0.601	0.340	0.070	0.050	0.024
97.000	0.989	0.767	0.381	0.049	0.007	0.685	0.292	0.086	0.594	0.154	0.714	0.384	0.147	0.607	0.163	0.700	0.310	0.102	0.839	0.599	0.340	0.069	0.050	0.026
97.100	0.988	0.766	0.381	0.048	0.007	0.685	0.291	0.085	0.597	0.155	0.714	0.384	0.145	0.604	0.162	0.698	0.310	0.102	0.842	0.600	0.341	0.070	0.051	0.025
97.200	0.989	0.766	0.381	0.049	0.008	0.686	0.291	0.085	0.595	0.155	0.714	0.382	0.145	0.607	0.162	0.700	0.310	0.103	0.842	0.600	0.340	0.070	0.050	0.025
97.300	0.988	0.766	0.383	0.049	0.007	0.685	0.291	0.085	0.595	0.155	0.714	0.383	0.145	0.604	0.161	0.700	0.310	0.101	0.842	0.599	0.341	0.070	0.050	0.026
97.400	0.988	0.767	0.383	0.050	0.009	0.685	0.292	0.085	0.597	0.155	0.714	0.383	0.146	0.604	0.162	0.700	0.311	0.102	0.841	0.598	0.342	0.070	0.050	0.026
97.500	0.988	0.766	0.381	0.047	0.007	0.686	0.294	0.086	0.595	0.155	0.714	0.383	0.145	0.605	0.161	0.700	0.311	0.103	0.842	0.599	0.342	0.070	0.050	0.025
97.600	0.990	0.765	0.381	0.047	0.009	0.685	0.291	0.085	0.595	0.154	0.715	0.383	0.145	0.605	0.162	0.699	0.310	0.103	0.841	0.601	0.342	0.070	0.050	0.024
97.700	0.988	0.767	0.381	0.048	0.008	0.685	0.292	0.085	0.595	0.155	0.714	0.383	0.147	0.605	0.163	0.700	0.309	0.102	0.842	0.598	0.342	0.071	0.050	0.026
97.800	0.989	0.767	0.381	0.048	0.004	0.685	0.292	0.084	0.596	0.155	0.714	0.384	0.145	0.604	0.161	0.698	0.311	0.102	0.839	0.601	0.343	0.069	0.051	0.024
97.900	0.990	0.767	0.383	0.049	0.009	0.685	0.293	0.084	0.595	0.154	0.714	0.384	0.147	0.605	0.161	0.700	0.309	0.102	0.841	0.599	0.341	0.070	0.052	0.026
98.000	0.988	0.767	0.381	0.049	0.008	0.685	0.293	0.084	0.596	0.154	0.713	0.383	0.147	0.605	0.162	0.700	0.310	0.103	0.840	0.598	0.342	0.070	0.050	0.026
98.100	0.988	0.767	0.382	0.049	0.007	0.686	0.292	0.083	0.595	0.155	0.712	0.383	0.146	0.604	0.160	0.699	0.310	0.102	0.841	0.600	0.342	0.070	0.052	0.026
98.200	0.988	0.767	0.384	0.048	0.009	0.685	0.292	0.087	0.597	0.152	0.714	0.383	0.145	0.605	0.161	0.697	0.311	0.103	0.842	0.600	0.341	0.069	0.050	0.026
98.300	0.988	0.766	0.381	0.050	0.007	0.686	0.292	0.086	0.598	0.153	0.714	0.385	0.148	0.604	0.164	0.698	0.310	0.102	0.841	0.600	0.343	0.071	0.050	0.026
98.400	0.988	0.766	0.382	0.049	0.009	0.686	0.292	0.085	0.595	0.155	0.715	0.385	0.148	0.605	0.161	0.699	0.310	0.103	0.842	0.601	0.342	0.070	0.051	0.026
98.500	0.989	0.766	0.383	0.050	0.006	0.686	0.292	0.087	0.596	0.156	0.714	0.385	0.148	0.605	0.163	0.700	0.309	0.103	0.840	0.600	0.342	0.072	0.051	0.025
98.600	0.989	0.766	0.382	0.049	0.006	0.685	0.292	0.085	0.597	0.155	0.715	0.383	0.149	0.605	0.163	0.699	0.310	0.102	0.842	0.600	0.341	0.073	0.050	0.026
98.700	0.989	0.767	0.383	0.049	0.008	0.686	0.290	0.085	0.595	0.155	0.714	0.384	0.146	0.605	0.160	0.700	0.310	0.102	0.842	0.599	0.342	0.070	0.051	0.025
98.800	0.988	0.766	0.381	0.048	0.005	0.686	0.292	0.085	0.596	0.153	0.715	0.385	0.145	0.605	0.163	0.700	0.310	0.102	0.840	0.599	0.342	0.071	0.050	0.026
98.900	0.990	0.768	0.383	0.048	0.008	0.686	0.293	0.085	0.595	0.155	0.714	0.385	0.146	0.605	0.161	0.699	0.310	0.102	0.840	0.600	0.342	0.070	0.050	0.025
99.000	0.990	0.767	0.383	0.049	0.007	0.686	0.291	0.085	0.597	0.154	0.713	0.383	0.148	0.605	0.162	0.701	0.312	0.102	0.841	0.601	0.342	0.071	0.051	0.026
99.100	0.988	0.765	0.382	0.049	0.007	0.685	0.292	0.085	0.597	0.155	0.714	0.384	0.147	0.605	0.162	0.702	0.310	0.103	0.840	0.599	0.340	0.073	0.050	0.025
99.200	0.990	0.767	0.383	0.048	0.007	0.685	0.293	0.087	0.597	0.155	0.712	0.383	0.148	0.604	0.161	0.700	0.309	0.103	0.843	0.600	0.341	0.071	0.049	0.026
99.300	0.989	0.765	0.383	0.048	0.009	0.685	0.291	0.085	0.595	0.155	0.713	0.384	0.147	0.605	0.163	0.700	0.311	0.103	0.841	0.600	0.343	0.070	0.052	0.027
99.400	0.988	0.767	0.383	0.045	0.006	0.686	0.291	0.085	0.596	0.154	0.713	0.384	0.147	0.605	0.161	0.699	0.311	0.102	0.839	0.600	0.343	0.073	0.052	0.024
99.500	0.990	0.766	0.382	0.048	0.006	0.683	0.290	0.085	0.596	0.153	0.712	0.384	0.146	0.604	0.162	0.699	0.311	0.102	0.841	0.600	0.340	0.069	0.052	0.026
99.600	0.992	0.768	0.382	0.049	0.008	0.683	0.291	0.085	0.595	0.155	0.713	0.383	0.147	0.605	0.162	0.699	0.309	0.103	0.843	0.599	0.342	0.073	0.051	0.027
99.700	0.980	0.766	0.383	0.049	0.008	0.683	0.293	0.086	0.597	0.155	0.713	0.385	0.147	0.605	0.163	0.699	0.311	0.102	0.836	0.600	0.343	0.071	0.051	0.026
99.800	0.990	0.768	0.383	0.050	0.004	0.682	0.292	0.084	0.595	0.154	0.713	0.383	0.145	0.602	0.162	0.699	0.309	0.103	0.839	0.597	0.341	0.071	0.050	0.026
99.900	0.996	0.772	0.386	0.049	0.006	0.689	0.292	0.085	0.599	0.154	0.717	0.385	0.146	0.609	0.161	0.703	0.311	0.102	0.847	0.602	0.344	0.073	0.051	0.026
100.000	0.982	0.761	0.385	0.050	0.007	0.681	0.293	0.085	0.594	0.154	0.711	0.384	0.148	0.602	0.163	0.696	0.311	0.102	0.835	0.598	0.341	0.071	0.052	0.026
100.100	0.999	0.770	0.383	0.047	0.008	0.686	0.293	0.084	0.595	0.154	0.713	0.382	0.144	0.605	0.161	0.701	0.309	0.102	0.846	0.598	0.339	0.070	0.051	0.026
100.200	0.993	0.770	0.388	0.048	0.006	0.688	0.293	0.085	0.598	0.154	0.717	0.386	0.147	0.607	0.164	0.702	0.311	0.103	0.845	0.602	0.343	0.072	0.052	0.028
100.300	0.983	0.762	0.384	0.049	0.009	0.681	0.292	0.086	0.594	0.155	0.710	0.384	0.148	0.602	0.161	0.697	0.309	0.104	0.838	0.597	0.340	0.070	0.052	0.026
100.400	0.994	0.769	0.384	0.049	0.006	0.687	0.292	0.085	0.596	0.155	0.715	0.383	0.145	0.605	0.161	0.701	0.309	0.103	0.845	0.599	0.339	0.072	0.051	0.026
100.500	0.988	0.767	0.384	0.046	0.007	0.685	0.290	0.085	0.595	0.157	0.714	0.382	0.146	0.605	0.163	0.700	0.311	0.103	0.842	0.601	0.340	0.071	0.050	0.024
100.600	0.990	0.766	0.382	0.047	0.007	0.686	0.292	0.084	0.596	0.155	0.714	0.383	0.147	0.607	0.161	0.702	0.311	0.103	0.842	0.601	0.340	0.070	0.050	0.024
100.700	0.988	0.767	0.384	0.049	0.007	0.686	0.292	0.085	0.595	0.155	0.712	0.383	0.147	0.605	0.161	0.700	0.310	0.103	0.844	0.601	0.340	0.072	0.050	0.024
100.800	0.982	0.760	0.382	0.049	0.006	0.680	0.288	0.086	0.592	0.155	0.707	0.383	0.146	0.601	0.163	0.695	0.309	0.103	0.834	0.598	0.340	0.070	0.052	0.024
100.900	0.998	0.772	0.385	0.047	0.006	0.692	0.292	0.084	0.598	0.155	0.717	0.384	0.148	0.609	0.162	0.705	0.311	0.102	0.848	0.602	0.342	0.069	0.051	0.024
101.000	0.588	0.528	0.319	0.046	0.005	0.497	0.270	0.092	0.472	0.164	0.532	0.374	0.157	0.479	0.169	0.513	0.285	0.108	0.552	0.496	0.306	0.068	0.050	0.025
101.100	0.405	0.369	0.227	0.037	0.004	0.349	0.201	0.076	0.334	0.131	0.373	0.284	0.136	0.338	0.132	0.361	0.210	0.089	0.383	0.367	0.226	0.052	0.039	0.023
101.200	0.313	0.284	0.172	0.030	0.000	0.265	0.150	0.059	0.256	0.099	0.284	0.220	0.106	0.259	0.102	0.275	0.159	0.069	0.292	0.283	0.168	0.041	0.030	0.020
